"FSC-A", "FSC-H", "FSC-W", "SSC-A", "SSC-H", "SSC-W", "BB515-A", "APC-A", "Time", "Event #"
21563.3,8807.96,164408,55535.6,29411.8,143521,140.945,15.6968,0.0198139,0
24138.9,13004.5,117640,36855.4,27236.2,97759.6,155.134,5.0632,0.0230707,1
50184.5,27757.1,120885,49120.2,37808.1,100535,168.31,21.4924,0.166646,8
49086.2,27812.6,121826,54119,39398.8,103616,184.661,-10.4312,0.166668,9
63977.9,35858.8,126475,48092.1,34684.3,105093,151.446,-15.5143,0.219767,11
64438.7,36264.2,126889,54819.2,39209.3,106296,193.59,0.168769,0.233771,13
58881.2,32383.2,128262,53451.9,37406.3,107367,115.935,14.6278,0.244348,15
60799.1,31936.6,135196,86236.1,54223.4,118420,165.666,-10.3782,0.318837,17
61226.2,33864.9,127878,64399.1,46934.7,108021,57.6718,-11.1724,0.40982,18
58329.1,31784.2,127894,55516.5,38354.7,108524,162.905,25.7689,0.415384,19
52591.6,28580.3,124691,52766.3,38614.2,105683,180.764,-15.4084,0.423698,20
62337.6,31267.8,134819,67254.5,42412,117575,167.39,-17.6324,0.498849,24
36691.2,19924,124206,69905.2,46793.2,111691,149.14,-44.425,0.536264,25
54410.6,27757.9,134827,84216.8,56569,118215,168.712,27.7384,0.573366,27
34087.3,15682.8,135120,37047.6,21149.8,114098,49.4314,20.4795,0.600829,28
63661.2,39424.1,119660,49506.4,35901,104103,85.5016,4.38809,0.612295,31
70064.8,40471.4,131967,76417.9,54195.3,112494,95.529,-2.38275,0.623604,32
61718.9,31250.4,141673,87251.7,49109.3,127258,237.328,0.0562562,0.635727,33
45625.5,21301.4,137655,82396.7,53505.6,121242,167.448,-7.88955,0.663307,35
73144.4,40677.7,131177,63189.4,41456.6,109197,168.769,3.03789,0.717384,37
63813.2,34979,127595,47430.4,35661.5,100836,83.0503,15.6968,0.721457,38
70179.9,36852.9,131413,75765.7,49387.6,116928,147.352,-25.9985,0.754338,41
42420,20773.5,134617,32846.6,22101.6,103232,55.2411,-18.9032,0.935791,44
62594.6,34795.9,124092,51624.4,38133.4,104601,128.107,14.5715,0.955927,45
47863,24923.9,128432,60195.6,43744,110943,81.8826,30.8897,0.981622,46
74841.3,41064.4,126377,59191.7,40921,110506,108.618,7.53865,0.984092,47
60966,33194.4,127904,61183.6,44809.6,107284,218.067,28.4699,1.02197,48
59853.6,34182.4,127940,60347,42392.1,106520,104.201,1.74396,1.06727,51
69561,38110.9,128181,50600.5,36021.2,104695,129.149,28.4699,1.14266,53
27089.5,15488.2,123315,44138.9,30365.4,107760,84.8014,-50.8849,1.19899,55
25244,11712.7,131827,41082.7,26199.5,110669,217.213,-49.9848,1.31952,58
25260.9,14881.4,127530,51349,30747.9,117324,223.358,-4.3419,1.33418,59
49659.1,25724.8,128808,59804.8,42621.7,111615,104.084,2.58782,1.5991,66
78481.1,42204.5,133614,63698.3,42622.5,109662,130.364,-30.7639,1.60464,68
62065.3,36810.8,119381,40331.4,30087.3,97257.3,34.4339,2.02525,1.65183,69
47006.5,25400.1,126233,64419.6,45226.3,110267,150.466,-14.826,1.69876,70
55184.2,32507.2,119582,36621.9,26951.3,96415.8,112.278,25.2624,1.70318,71
53853.9,28174.2,130442,68757.7,48327.9,112012,33.1891,2.25028,1.76853,72
54228.3,27837.8,130157,59806.8,39038.5,112716,148.621,-16.0968,1.78042,74
82122.2,42103.9,133352,75810.4,52714.2,114280,191.932,5.00695,1.95243,77
68823.5,36823.1,128015,66595.4,47848.2,110257,123.937,-6.08925,1.95641,78
54221.2,28568.6,127288,56285.9,38706.7,110035,98.2659,-0.2118,1.96593,80
48168.5,26335.7,128527,67122,46383.4,112236,167.62,-13.4493,1.97453,81
54809.7,27150.9,132205,78699.4,50684.9,119666,136.9,-21.5506,2.15555,89
50132.9,29148.6,130537,87788.6,58678.7,120554,254.031,12.8273,2.16593,92
61491.2,35588.3,121382,47660.6,35973,101153,133.546,6.63848,2.22801,93
60529.2,34742.3,124440,49803.1,35621.3,105176,163.711,-4.4478,2.33381,96
53137.1,32964.7,116611,37689.2,29200,97305.7,62.711,-1.5885,2.52454,100
55747.8,30718.5,135523,85777.7,61215.5,117681,229.098,7.42613,2.55231,102
58813.6,30547.2,129829,59741.2,41334.5,109460,178.069,-24.5159,2.57688,103
59284.8,32476.3,125259,62022.2,44336.7,107913,158.244,-29.2813,2.71506,104
43347.3,25147.9,122356,62307.1,41197.8,126979,194.906,22.9554,2.82548,108
78157.7,40036.3,134725,71733.6,44052.1,117703,195.077,-11.649,2.8899,110
33604.3,16717.5,127799,42900.3,30828.6,104855,112.452,-0.2118,2.95925,112
66919.5,35058.2,135525,77365,48616.5,118165,133.662,-31.77,3.05985,117
59243.6,32927.7,124757,51485.8,35588,108804,120.401,10.5205,3.09303,118
61607.7,34170.6,121542,42047.5,30149.5,100649,41.4879,-29.652,3.36463,121
56866.4,32710.7,120715,52057.1,42384.3,97337.3,132.563,-37.118,3.36559,122
48577.9,27065.1,124457,58864.1,42420,105743,115.297,6.13214,3.39949,124
57082.9,30152.8,131655,55374.4,37439.8,108231,99.139,37.5301,3.42602,125
58629.4,34044.1,124777,47495.3,33994.6,107434,119.473,-1.00605,3.46382,126
54519.1,33440.5,118385,52519.1,41018.9,100157,79.0207,-10.6959,3.69481,128
63344.5,34402.6,126924,53669.2,39657.8,106879,83.2838,0.506307,3.90311,131
55046.1,31101.2,124329,44245.1,31723,104363,99.0226,-24.1982,3.90503,132
66978.7,39518.7,123629,48605.6,35391.6,104115,114.078,-19.7503,4.24188,134
55450.2,30891,125497,55053.8,42074.1,104123,134.24,4.05054,4.31642,136
81107.5,41107.4,135001,79034.1,51707.7,115123,209.351,6.13214,4.34544,139
57534.6,29211,135304,79067.8,51428.7,117315,228.701,-3.33585,4.38008,140
48145.4,26584.8,121976,47906.1,35366.6,104019,158.302,7.03231,4.54531,145
35168.3,20042.6,144592,48750.9,29453.2,117538,80.0722,-3.177,4.54901,146
72086.8,38195.3,130505,69479.9,52357.6,107924,127.412,20.7609,4.56256,147
50025.9,27721.8,128975,36614.4,25971,98178.3,18.4898,-3.8124,4.85042,154
35885.8,18134.3,125291,64393.2,41628.1,120811,206.955,-23.9334,5.1315,158
59011.6,29211.5,136485,74329,50778,120144,272.595,-13.2375,5.1749,160
62735.1,31285.5,133365,71052.3,47157.8,114345,121.503,-10.9607,5.32545,162
52375.5,29485.3,121344,56351.6,42582.4,106593,87.6602,20.4233,5.44977,163
75086,39379,131565,66982.8,44661.6,110978,115.297,-2.38275,5.53487,164
60227,34833.7,119392,41606.5,31135.8,100202,81.0651,2.7566,5.54916,166
42834.9,23462.3,124545,66665.5,48422.9,108185,205.472,-10.6959,5.60223,168
60152.7,32837.5,126645,51101.2,36013,104301,81.7658,-2.8593,5.66747,169
62148.8,31190,135016,79834.7,55748.8,115125,163.423,-6.19515,5.91095,172
39194.8,21644.3,132258,58655.4,38042.3,115028,164.631,13.4462,6.05372,173
60853.9,33438.5,129019,51972.7,35088.5,110068,218.409,-8.6838,6.06084,174
55344,29951.2,128036,66363.4,39443.2,114947,85.3849,-8.472,6.10373,175
79273.7,41281.3,134242,64127.4,41750.8,112017,161.467,-5.24205,6.133,176
20190,12613.6,128379,43178.3,29562.7,106896,151.043,0.61882,6.13936,177
83824.3,42751.6,137965,69554.4,45251.5,115701,111.697,-4.18305,6.14748,178
72501.9,37506.4,138714,89779.4,51962.9,121713,247.186,5.68206,6.1701,180
59981.7,34575.5,128378,56315.8,41103.8,107622,82.8168,-36.1119,6.2318,181
32005.3,16542.2,120717,33549.4,25965.2,97401.9,12.8003,13.5025,6.2944,184
47377.7,25023.3,142610,56229.9,39564.9,110132,168.942,2.92537,6.37193,186
57094.3,31851.4,121719,43227.6,31029.4,103205,173.823,-0.8472,6.43172,189
50833.2,27376.7,123882,38727,27220.3,100694,101.06,1.63145,6.44109,190
43735.9,21518.6,136428,74290.2,39183.3,123670,222.619,-0.4236,6.46999,191
61098.7,34468.1,127886,61514.9,45975.6,111242,148.852,28.8638,6.47556,192
44228.4,24104.4,124370,53647.3,36988,107698,93.7814,-18.5854,6.50772,193
53070.7,26728.7,130871,69702.2,45713.5,116910,205.872,2.58782,6.51464,194
52683.1,27065.3,129049,52183.2,37201,110354,91.1589,-29.1225,6.5837,195
52161.3,28072.8,125154,43865.4,30292.7,104287,93.1404,1.51893,6.61609,196
48964,28032.5,124336,48998.1,36243.5,105153,164.688,0.731334,6.73296,198
56608.9,30683.6,130537,79588.5,49440.8,120910,174.34,34.9977,6.87281,199
47488,26213.3,121894,41080.2,29773.5,101234,34.3154,10.5768,6.88445,200
69074.3,38916.9,125357,48202.1,34786.5,104243,179.79,33.6471,6.99507,201
41344.7,23952.7,124328,68077.6,48525,110290,167.907,-12.0197,7.05461,203
70978.3,37648.8,135070,86608.9,55481.8,118376,182.828,48.223,7.07721,205
77964.2,37402.2,144351,77705,48945.5,121131,155.653,-13.2905,7.13661,207
55709.5,30219.7,125231,57739.5,41803.2,107508,93.9562,-47.655,7.16726,208
56803.8,35778.1,120737,52605.1,37562.6,104780,133.604,-32.9879,7.27488,212
61401.6,34723.3,123984,45051.4,31943.3,104213,142.562,-16.5734,7.2936,213
43890.8,23684.8,127686,83245.9,53506.1,114861,115.18,-6.30105,7.29365,214
45192,23228,127463,50756.4,33452.4,116282,147.986,-4.28895,7.31144,215
70674.8,37065.6,129356,50168.4,32916.3,107282,176.234,136.878,7.35987,216
83795.3,43823.2,134901,69977.7,45352.1,114680,171.641,-1.059,7.39862,218
72745.2,36899.8,134742,69865,46884,114443,202.162,47.7728,7.43468,219
69058.7,39028,126380,49848,32884.1,107600,109.548,-10.0075,7.5057,221
52202.7,27308.9,128882,53624.1,37344.7,111103,68.2021,11.8146,7.52487,222
38742.2,22710.6,115175,43153.5,33010.4,97462.4,90.3427,-28.1694,7.55747,224
39384.5,22383.3,120420,53145.5,39112.6,104164,138.865,-33.6232,7.55748,225
72247.1,41139.7,127756,59523.2,44241,107363,150.293,2.36279,7.68674,226
26908.1,12904.6,132238,40096.4,22924.4,114976,81.2987,-4.7655,7.69835,227
65125.4,33705.5,136028,70306.2,45682.8,117147,191.188,-24.3041,7.70601,228
72670.2,42599.5,128760,62066.2,45984.3,105474,185.406,9.50781,7.7769,229
66191.4,35046.9,134345,70606.6,50461.5,110853,111.175,-0.79425,7.85244,232
59223.1,33888.7,120256,40790.7,29108.6,99798.4,106.468,-0.26475,7.94578,235
65363.2,37937.3,124694,47361.7,33898.8,104002,154.443,40.7942,7.99399,237
29741.9,16729,114743,27833,19778.4,96566,43.6812,-4.71255,8.00947,238
62347.1,34160.4,127974,50248.6,34968.2,108124,112.046,-4.8714,8.09031,240
70505.8,37389.4,132709,58162.6,39268.1,109947,158.647,0.0562562,8.13919,241
40578.5,21568.6,131662,57918.7,37066.8,111666,80.8315,-0.47655,8.16659,242
76897.3,40904.7,133612,61997.4,44690.2,107967,104.143,-2.4357,8.34677,247
66952,37210.2,124038,48421.4,35310.5,102668,207.697,90.7474,8.38433,248
47408,24842,128924,80437.1,55175.1,114882,223.415,34.66,8.43737,250
40460.9,21488.9,131031,72274.8,47963.3,111839,103.503,-0.05295,8.48274,253
76533.3,43642.4,129691,60081.7,42020.5,107741,152.08,29.8205,8.59297,255
65619,36277.6,129025,57140.1,40036.9,107563,103.27,-55.3327,8.62248,257
60061.6,34168.9,122774,52022.3,36878.4,104520,115.819,-43.9485,8.64182,258
57418.2,31689.7,124529,56358,37500,115080,202.219,-17.7912,8.67458,259
52885.7,32415.3,116728,46914.9,35859.8,99710.8,156.862,21.7174,8.72699,262
47226.3,27456.2,121861,54486.5,39170.8,104753,163.826,16.2595,8.82181,264
61141.2,32730.6,125415,47169,34455.4,102835,92.7908,-36.9591,8.85237,265
52670.2,28505.7,132761,52862.3,34216.6,115411,159.453,0.393794,8.85298,266
27308,14561.7,120533,29673,20566.1,101243,56.1304,1.91273,8.88374,268
49657.6,23651.6,138317,79933.7,41347.4,123868,120.691,-16.4145,8.9708,270
48787.4,24371,132263,74175.5,43126.2,128332,209.351,-22.5037,9.01087,271
64016,32351.2,130640,51116.6,32378.1,112010,164.573,-5.03025,9.04351,272
74904,37063.3,136199,77773.6,49085.8,120452,127.296,3.93802,9.08142,274
38110.3,19873.2,128587,50948.5,34118.6,108224,147.756,0.562564,9.11717,276
70644.9,37313.6,132247,67411.5,47487.1,114759,176.52,27.8509,9.2003,277
33934.3,17039.3,131135,47662.3,32651.8,109741,139.789,-19.5915,9.21256,278
51821.1,28329.1,128158,35611.1,25203.1,100338,100.245,-9.37215,9.35934,280
77487.9,40205.3,136239,79660.5,51163.8,117466,159.338,26.3316,9.40047,282
60045.8,31840.6,128419,59906.8,40388,110066,121.734,-8.472,9.4433,283
60607.9,34396.1,133614,86811.6,60513.5,118204,222.733,-17.7383,9.57155,285
27252.6,13809.9,120702,55694.2,36566.7,110147,127.644,0.112512,9.59681,286
41193.5,20155.3,129019,85628.6,54668.4,120629,244.582,-8.73675,9.5983,287
68071.7,38110.9,127199,51829.3,37085.2,103735,188.555,21.8863,9.59838,288
60523.6,36565.9,121549,41720.5,30786.6,101150,98.1494,-7.04235,9.60105,289
60820.2,32947.5,125424,56811.8,39422.6,108053,104.143,-5.45385,9.64577,291
65496.5,34974.7,131530,74632.9,53423.3,113457,217.441,-22.3449,9.66415,292
67954.8,33271.3,136444,91518.3,57335.3,119893,122.024,28.2448,9.6729,293
72063.6,36559.1,135607,75674.4,44099.3,120492,166.298,-20.121,9.70593,294
45232.7,24412.2,124708,88012,63094.8,110803,129.901,17.835,9.75344,295
74698.4,37627.1,135087,57044,39096.3,111483,201.99,-3.3888,9.78312,296
44462.5,23507.2,122250,60565.5,41119.3,110667,121.618,-7.99545,9.96214,298
56897.1,29183.8,131610,70091.4,46092.4,117678,157.323,-4.81845,10.0319,301
21973.8,12100.3,117446,40881.2,30424.3,105843,127.007,-12.3903,10.0331,302
20941.7,9385.29,140291,26521.7,13940.8,118061,139.327,1.23765,10.1677,303
68180.2,36334.9,135039,68041.5,47829.8,112101,138.171,-14.0847,10.2985,306
70022.9,37344.4,127653,63321.9,42546.9,111763,114.6,-17.9501,10.4577,310
59280.5,31197.6,131856,64120.2,48716.1,108321,193.762,-49.4024,10.4867,311
62771.8,34310.7,132369,42972.9,29201.1,104216,77.4431,-8.472,10.5057,312
47228.6,25129,126776,62499.8,42400.6,114973,179.847,-7.2012,10.5095,313
61029.3,31306.1,131477,54289.5,36398.3,109692,141.695,-4.3419,10.5579,314
65713.3,35781.5,127697,56070.5,40615.7,103357,86.3768,-0.3177,10.6629,316
52406.9,30041.1,121472,39478.5,29083.5,99973.9,103.503,21.4361,11.0886,320
66405.1,37702.5,130864,68349.4,48531.2,109252,182.828,8.38257,11.2868,324
26568.4,14847.5,113958,49747.5,34548,106700,146.602,-19.5385,11.3269,326
71000.8,38732.4,128366,52758.8,35756.8,107173,115.529,-3.12405,11.4925,329
52582.9,27240.7,128441,59283.8,40676.3,108074,134.414,-6.2481,11.4941,330
72053.6,38845.6,136218,80889.3,52897.4,118444,252.448,-0.79425,11.5825,332
67384.5,37206.6,127166,53862.3,38921.1,104477,110.361,13.5025,11.7162,334
49324,26648.8,131636,81980.4,51714.3,130547,198.563,4.05054,12.1046,340
76052.1,42680.1,131449,66219.7,47248.6,112024,137.362,45.0151,12.1343,342
71234.5,37499.5,133541,74486,51373.6,114045,163.711,-16.4145,12.2175,344
65255.3,35575.3,127949,57804,39687.1,109497,59.9246,23.5743,12.2592,345
62945.3,32261.1,131689,60292.5,40655.6,111803,116.863,-49.9319,12.2902,347
47819.5,25232.1,127998,52278,35290.9,107694,217.327,-34.8411,12.4243,349
69893.8,40186.4,125132,49746.7,37543.3,101226,88.5351,-10.643,12.532,350
68018.1,36682.8,134188,72342.8,48674.5,111466,105.247,-12.5491,12.5434,351
56908,35390,119652,44119.6,30749.9,100129,106.468,5.11946,12.559,353
44865.4,22288.5,138354,67872.9,43157.1,117409,181.968,2.70034,12.6473,354
67481.6,33679.4,139313,83494.1,51063.5,120367,225.177,-55.121,12.6862,355
38087.5,19675.7,124562,55470,33478.1,117008,90.984,15.6968,12.7073,356
40907.5,21849.4,121889,48320.9,36552,103006,145.332,11.9271,12.7073,357
72189.1,40441.5,127419,63638.9,46827.2,104149,99.7793,1.63145,12.8644,358
81330.6,41235.7,138126,79253.9,46339.6,119383,124.226,14.1214,13.0835,360
57416.8,29466,135887,77016.6,46803.5,120739,176.061,-0.79425,13.0949,361
25256.9,13179.3,120259,58954.7,43566.1,108283,137.825,45.1276,13.1415,362
55687.1,30248.3,129361,59217.8,40594.8,109839,137.304,3.93802,13.2266,363
60916.8,32679.7,134480,86848.5,57335.7,120483,158.935,52.0501,13.2867,364
67988.4,37811.1,126721,61249,43501.7,107574,136.322,29.2577,13.3291,366
53459.8,30716.8,124154,77495.9,51982.6,112156,182.885,-1.2708,13.3311,367
63217.9,31068.1,135273,87191.8,59281.3,118058,128.917,-51.1497,13.3354,368
68255,39825.6,125050,49726.4,35883.6,104401,164.458,1.40642,13.3579,369
49079.5,28123.4,123946,63499.9,45536.6,107881,226.542,-0.4236,13.3826,370
52969.9,28075.4,131566,71649.7,51826.2,112185,190.845,-3.0711,13.3909,372
66383.1,32592.1,136201,78835.9,50541.8,117082,262.108,62.6877,13.423,373
78007.8,41449.3,134114,79152.3,56683.5,111789,219.205,-37.9651,13.6251,374
73021.4,39518.2,127484,77099.3,58682.1,107000,166.068,-13.82,13.7451,376
49469.8,28148.8,121403,44871.2,33169.7,100842,103.852,-24.0922,13.7818,377
45830.6,23210.8,134442,63026.6,39767,114236,180.478,15.4155,13.8139,379
58151.9,31880.8,127597,53784.4,37772.6,108123,67.7338,32.0151,13.8564,380
64654.9,36855,128861,66382.6,45792.9,110377,133.141,58.9167,13.9317,382
65863.7,39413.9,121455,44947.4,33819.9,100267,73.1754,-5.45385,13.9923,383
65077,35126.5,129532,66247.8,47483.9,110472,111.813,-46.3313,14.0302,384
52391.8,29632.9,125036,47515.6,33046,104172,68.4362,2.36279,14.1653,386
66475.4,36598.8,124824,47198.9,34918.8,102486,86.9019,-32.0877,14.2034,387
63039.4,32822.2,141828,94072.7,53647.6,124219,92.6743,-38.071,14.2365,388
56007.2,31842.6,124450,53806,37690.8,106101,127.122,-30.1815,14.3552,390
75250.1,38538.7,134235,60662.1,40713.5,110843,105.538,6.41344,14.3869,391
77116.4,40178.3,128635,73540.1,49542.9,111169,147.986,35.054,14.7194,395
65247,34276.8,135237,88433.7,51470.1,121286,166.988,-15.7261,14.736,396
56909.4,31489.4,126328,54263.3,38574.6,106725,154.904,20.5358,14.7592,397
46628.3,23763.1,128194,70966.8,48549.7,111527,222.676,-0.47655,14.8926,399
56641.8,32243.4,125214,75856.6,53310.3,111132,93.3735,-16.3615,14.9403,401
42824.9,23988.5,121411,51788.6,39691.1,100886,87.7186,-6.7776,15.0192,402
59974.1,32306.1,129903,62879.3,43386.3,109509,176.406,-17.7383,15.0461,403
52531.8,31578.8,118011,48749.6,35733.1,101548,83.4589,4.27558,15.1099,405
29930,14895.7,131756,28829.2,17979.2,108764,75.6312,-7.88955,15.1346,407
71446.6,39551.8,125054,60348.7,43095.5,110065,118.371,-8.2602,15.1441,408
59122.9,32357.6,127471,46047.5,31048.7,105536,122.952,14.3465,15.2399,410
41268.9,21350.1,138346,57859.5,35555.6,117515,158.302,13.0524,15.3111,411
35278.6,22963.2,110622,38735.3,31547.7,93388.3,132.794,-5.295,15.3609,413
68497.4,38934.4,124338,59148.6,43635.2,104300,135.455,-56.6565,15.3797,414
33799.6,16304.1,130512,62233.7,38636.1,124691,193.476,-10.537,15.5671,415
67592.5,36233.5,130959,67215.7,46693.1,110834,161.064,16.0344,15.6747,416
61418.8,35679.1,121530,41424.2,29636.8,100798,145.563,-16.0968,15.7546,418
76156.1,40500.6,132110,60297.1,42008.9,110664,176.52,-18.7973,15.7768,419
76458,38729.4,142019,84643.6,51609.3,120801,180.076,-6.1422,15.9262,420
44216.6,24636.4,119330,46356.3,34302.3,104005,98.9062,0.731334,15.9412,421
72174.4,37313.6,130875,67876.1,46355.8,111762,195.877,-5.55975,15.9717,422
25394.7,13111.9,132369,54334.4,29435.7,124953,230.177,23.2367,16.0842,423
61802.8,34983.2,121697,49951.6,34057.4,105021,134.067,-8.0484,16.2067,427
60418.7,34394.6,121319,41701.6,30835.3,100356,93.8397,-26.8456,16.2131,428
59504.6,33780.2,121665,47044.8,32857.1,104273,87.9519,21.0422,16.3351,430
63775.9,36064.5,130531,55164.9,36729.5,110363,122.662,-39.5536,16.455,431
60420.3,34124,120626,35532.8,27171.2,95595.2,100.536,-12.4432,16.4932,433
51372.7,28167.1,121870,44107.9,30543.1,104658,75.0466,40.0063,16.5576,434
61928.9,35062.4,125123,50008.7,33890.9,110282,167.16,-20.5446,16.6179,435
65079.9,32907.3,141501,84997.4,48597,123090,188.67,30.8334,16.6286,436
47816.4,23672.8,137998,83676,46717.3,128397,309.521,58.6352,16.6503,437
57581.5,30245.3,127484,67353.4,46382,109698,166.643,23.8557,16.7524,438
65442,31642.3,138792,102502,71287.8,119948,133.893,19.2416,16.8649,440
70381.5,40473.1,125142,49416,36145,105004,161.927,27.5696,16.8668,441
46641.7,25154.3,122570,54435,41104.4,103578,240.786,19.2979,16.8911,442
60903.2,31329.7,131342,68531.1,43542.7,114135,118.429,-2.59455,16.9082,443
46804.3,23834.5,129631,62533,42160.2,109159,110.768,-26.1043,17.0595,445
41952.9,21893.7,127420,34029.3,23059.6,101131,137.825,34.6038,17.0654,446
61941.4,33735.8,126919,49574.2,34290.4,105225,157.668,-2.8593,17.0896,447
57954.4,30948.3,124541,57785.4,41932.4,104129,122.488,-2.7534,17.12,448
74556.9,40614.3,131716,62359.5,41461.6,111694,244.299,-29.5461,17.1964,449
51033.5,29420.2,122131,38999.1,27726.3,104979,67.9679,17.8912,17.3065,451
56921.3,29359.7,129340,55086,37246.9,110124,40.5394,-6.7776,17.3065,452
69478.2,38933.4,128141,49511.3,32470.1,107818,121.329,-8.6838,17.4648,454
79462.3,41032.1,134103,65996.3,47169.3,110771,116.341,-2.27685,17.5406,455
62787.6,37754,120032,41132.9,32284.7,98217,74.0526,11.9834,17.6051,457
29507.1,15777.4,121291,46887.6,35018.8,104964,210.434,20.9297,17.6916,458
44748.8,23976.9,121722,52891.2,38464.9,109671,205.872,0.956361,17.8937,463
63389.7,33998.2,127017,56924.7,39171.6,108190,154.731,2.25028,18.0665,465
65108.3,35932.3,128281,49533.5,34587.2,106731,78.787,4.66939,18.0742,466
60516.3,31103.6,134097,76763,54432.7,113242,200.963,-17.9501,18.1376,467
52205.7,26885.3,128270,53409.1,37295,108523,98.3823,3.20666,18.2268,470
45653.3,23817.4,138105,55874.3,38373.9,111929,82.4081,-12.2844,18.2447,471
65244.5,36554.6,135192,83255.2,54326.4,119797,168.08,11.7021,18.4125,472
77969.5,41834,128883,64662.1,47896.3,108516,134.934,7.42613,18.4178,473
58335,33830.5,121141,46420.4,33691.5,103756,96.9267,9.90164,18.4551,474
24468.5,14176,115029,49753.3,33080,106610,140.771,9.78912,18.5574,475
62294,35307.7,120860,39228.4,28849.9,99401.3,67.4996,-15.5673,18.5894,476
49938,26966.8,131932,73898.7,52174.4,111925,228.53,30.9459,18.7553,477
70099.7,39889.2,131643,64822.2,46910.7,112631,151.562,32.9718,18.8559,479
72800,38586.1,128415,59126.5,40457.1,109967,195.191,3.03789,18.8922,481
70122.4,38384.4,135806,84950,52473.7,119793,283.285,-60.2042,18.8956,482
64109,34506.8,129720,59153.1,41192.2,109821,83.8675,25.4313,18.9486,483
42555,24869.4,123745,52208.3,37162.4,110011,110.826,-9.58395,19.0457,484
57264.7,31442.1,128385,47192.7,33869.1,103925,99.3719,-10.537,19.1607,486
59644.7,31353.1,127197,56324.6,38830.2,113862,113.323,17.5536,19.2311,487
70319.5,36701.8,130984,74100.2,52878.8,110920,133.026,23.5181,19.2375,488
50997.1,27726.8,127465,60232,41099.5,109954,72.4736,-24.5688,19.3071,489
65659.1,35612.5,128610,67012.1,44979.7,112106,88.7101,6.35718,19.3134,490
45375.9,22384.9,134152,95359.5,64048.8,124911,317.51,7.42613,19.4239,491
59638.4,31958.8,132149,80891.6,49664.6,120574,138.691,-4.0242,19.431,492
43278.3,21781.9,127858,74633.6,50699.5,112517,156.113,7.31361,19.435,493
63790.8,33850.9,128528,52569.6,34432.4,110270,84.5679,12.9961,19.446,494
46588.4,22803.5,134037,71330.4,46607,120382,149.832,2.92537,19.5247,496
80244,42586,133806,63521.8,42536.9,115132,111,6.69474,19.7224,499
55260.1,30738.4,128423,66757.9,46473.6,110743,79.2544,42.989,19.7486,500
68094.4,37994.5,124160,48132.5,37220.4,99522.6,91.8583,7.53865,19.7648,501
62120.6,34041.5,127924,46771.7,30454.9,107686,127.065,88.8117,19.8432,503
72175.8,39293.1,128016,61416.6,43083.3,109463,149.659,16.0344,19.9788,504
63956.1,35082,124115,51372.6,36373.8,103724,148.679,-6.08925,20.0668,506
72567.5,37675.7,129015,76176,51610.9,113876,97.3343,-47.3373,20.075,507
20772.8,11018.9,118074,45967,34822.2,100919,179.159,0.393794,20.2076,511
66590.9,36525.8,134040,81863.1,55777.9,116754,206.1,0.281281,20.2457,512
63273,34265.4,123618,51368.3,36652.5,103933,85.56,-5.87745,20.2669,513
54318.3,31693.7,122148,44908,33513.1,99797,117.443,1.23765,20.4487,516
57166.7,30788.4,125606,46179.3,32716.3,102611,70.6016,16.372,20.6194,517
51970.1,29066.8,125026,51919.8,37463.2,104597,71.1281,9.39528,20.6952,518
51749.2,28469.9,127898,64363.5,45149,109354,213.739,37.1362,20.7719,520
76109.4,42487.6,127624,66298,45380.6,109248,146.602,-1.11195,20.8247,521
74544.3,37947.8,134944,67366.4,45102.9,112025,115.993,32.2402,20.8307,522
61059,33310.3,127429,66372.4,46182.2,110532,130.712,-11.2254,20.8707,523
69267.3,35662.7,132037,65502.5,45783.3,110604,128.223,-8.472,20.8713,524
72632.2,39864.4,128535,62838.2,43704.1,107282,148.102,-7.413,20.907,525
59787.1,33596.8,125112,48031.2,34091,103662,114.078,-1.74735,21.1516,526
68025.2,33752.7,135394,93872.2,56022.6,120892,247.356,-4.28895,21.1767,527
72478.1,38985.5,137797,71832.9,45254.8,118808,132.274,0.956361,21.1849,528
63525,34266.1,128533,53145.7,36149,109237,147.929,17.1035,21.2249,529
76198.7,39840.9,134935,84290.3,53588.9,117961,148.621,-41.4599,21.29,531
59919,34971.1,123796,46382.7,32845.7,102614,100.71,-5.0832,21.3969,532
65497,36848.5,124012,43756.6,32849.1,100626,98.9062,-5.0832,21.4767,536
65766.3,35827.9,127126,51128.7,36014.1,104665,117.211,54.8643,21.5301,538
68057.8,34851.3,135424,76808.1,54061.4,128033,178.471,36.2358,21.6525,539
72908.2,39382.3,128191,53898.5,38327.9,106552,97.6255,-32.5113,21.6536,540
70144.7,40119.9,125543,55021.8,39606.6,104864,112.742,-50.0907,21.6678,541
70982.6,39806.5,131001,61688.4,44266.8,114486,130.885,30.0456,21.6813,542
71677.3,38371.9,129505,58890.2,41586,110614,131.984,-9.3192,21.743,543
68366.1,41840.5,124216,48264.3,34712.1,103063,132.679,-32.6172,21.8047,544
39890.7,22395.2,129103,59326.1,39158.5,111821,128.281,-0.26475,21.8482,545
59886,31564,128043,61112.9,43639.9,112290,138.807,-30.7639,21.8483,546
68281.2,41099.6,122112,53394,42700.6,101686,158.992,8.7764,21.9364,547
51084.6,26950.5,124970,68101.4,46857,111275,132.216,5.79458,21.9442,548
33545.4,18941.6,131878,34974.2,22887.8,104093,64.4896,-9.1074,22.1913,550
46433.7,25957.4,124262,48567.6,33365,104901,44.3926,-17.7912,22.376,551
67225.2,36208.1,127325,58320.2,39725.9,106560,107.108,0.731334,22.4028,554
52443.2,29114,121484,45154.3,31956.3,103375,113.439,20.9297,22.4268,556
66139.8,34672.9,131519,55791.7,40543.6,109416,218.295,-2.80635,22.4378,558
73732.7,40570.6,132650,57745.5,37077.2,111260,171.239,-6.0363,22.5376,559
81192.8,44460.2,132230,74126.7,55549.4,111252,262.39,5.45702,22.6479,563
33528.1,17161.3,121637,62672,40487.6,111881,139.963,0.78759,22.6902,564
62889.7,33284.5,127831,52854,37667.7,105824,92.616,10.2955,22.8465,565
61162.5,29501.8,138556,82318.1,48682.7,121921,259.906,20.1419,22.954,567
59809.6,33937.1,129670,70042.6,49235.6,112169,87.9519,-42.3071,22.9719,568
76444.5,39666.2,133495,83655.5,56626,117232,88.2435,14.1214,23.0346,569
74594.1,40165.2,131578,57657.7,38742.6,111381,144.871,-6.72465,23.1108,570
49585.8,26309.8,127261,65842.6,42137.2,117163,141.349,-18.3736,23.1131,572
67534.3,37725.1,127227,52441.6,39780.6,107134,170.091,-2.8593,23.13,574
71078.9,40986.6,123624,50083.2,35901.2,104425,125.906,8.7764,23.3554,576
57835.4,30366.3,127383,57255.4,41215.9,105110,150.063,-41.7246,23.3616,577
39926.9,20484.6,129125,72369.3,45586.8,116876,234.208,45.1839,23.5491,579
60316.8,35898.1,121696,54343,38394.7,105477,112.568,-30.8169,23.6363,580
65658,35603,135446,78630.5,46885.7,120573,157.438,-65.5521,23.8359,584
48954.4,30731.4,115180,32202.6,24844.9,92790.9,141.349,34.0973,23.8692,585
64796.1,33327.1,131174,54291,37225.6,112455,129.786,9.28276,23.9206,586
76812.7,39614.7,134853,65681.8,43991.1,113685,180.936,-32.4584,23.9388,587
54320.9,28090,131082,68226.6,47267.2,114650,211.118,49.9677,23.9781,589
65041.3,34003.4,132794,61731.8,42045.2,110037,156.862,48.617,23.9973,590
53914.1,31769.3,119342,34100.8,25100.6,101078,94.7135,3.26292,24.0292,591
78183,42533.8,131334,75651.7,53645,110787,202.675,-11.1195,24.271,593
65210.1,36758.5,127969,55206.3,39847.6,106808,131.232,-20.9682,24.342,594
47871.6,23325,134573,99661,56933.9,126370,196.792,36.1232,24.3454,595
72527.9,35495.5,145654,72467.5,42548.5,122340,130.075,-30.6051,24.3969,596
78573.1,41801.7,128675,68002.3,47986,110185,95.2378,-17.7912,24.4258,598
70976.6,41233.5,124482,50335,39105.3,103805,138.923,8.21379,24.472,599
56513.2,31681.8,130914,81614.2,56479.5,113976,268.65,-30.7639,24.5117,600
40166.3,21969.1,120006,41185.9,28983.2,100619,64.0153,-16.7322,24.549,602
45827.7,25324,122057,62307.4,46174.4,104521,19.9715,5.85084,24.549,603
69968.6,39941.7,127737,63412.3,45927,107448,102.514,-0.8472,24.5983,604
42162.8,21025.5,134851,41235.3,29954.1,105066,141.233,-10.2723,24.7661,605
59055.8,29816.7,134514,85008.9,60619.9,116730,147.986,-4.39485,24.7899,607
54177.8,28797.4,129769,46125.6,29835.2,111677,122.488,-6.08925,24.824,608
73109.6,39668.9,129470,72890.3,47614.9,112397,190.101,-19.6974,24.852,609
56380.5,30212.2,125005,58861.5,39989.5,107767,164.803,58.4101,24.9644,611
74709.6,39015.4,130436,61203.7,41006.6,110247,213.283,26.8943,24.9725,612
70351.1,36983.6,128974,57047.1,40261.2,106813,100.71,-18.1089,25.1396,613
70356.8,35192.7,139563,80778,51067.2,117673,171.067,-6.93645,25.1951,614
80822.1,43445.8,135703,64471,40127.9,114505,142.157,87.4286,25.1954,615
82076.1,43157.9,138615,68697.3,39993.2,120054,226.03,-9.0015,25.265,617
65875.8,36127.2,129484,68138.7,46422,110669,79.7217,12.0959,25.3538,618
79055.5,44401.9,127682,68621.9,48128.2,110231,135.05,4.78191,25.3621,619
50763,28887,127651,52787.5,37030.3,110406,139.269,-7.5189,25.3821,620
65044.4,35086.4,130790,62297.3,45884.7,110708,163.998,33.2532,25.5393,621
68814.2,36853.8,131574,65456.1,43688.6,114430,105.131,7.03231,25.6025,622
53100.3,29245.9,121783,50012.1,33966.8,104750,118.255,11.1394,25.6448,623
51958.2,26242.6,132116,79939.9,48186.5,121470,85.9684,1.57519,25.6728,624
70682.2,39826,126631,53010.8,38602.6,104263,155.537,-24.6217,25.7144,626
29141.3,15829,142451,71408.6,37782.2,131432,286.993,-14.1906,25.7553,627
80658.4,44537.9,128056,77167.8,56836.3,110115,214.594,-1.42965,25.8832,629
76728.7,40998.3,129480,66997.4,48296.2,108491,150.985,-13.8729,26.0064,631
61600.3,34053.9,124478,46372.3,33656.5,103328,89.4681,9.90164,26.0162,632
62834.2,35768.6,124687,43942.3,30610.3,104429,77.0924,11.0269,26.1813,634
66646.7,34196.7,136297,89288.4,59828.5,117240,339.568,29.8205,26.2538,635
73080.9,37912.9,137698,90959.1,53150.5,134031,275.241,25.0374,26.3018,636
59421.3,33080.6,125691,41895.3,29762.3,102820,76.7418,-21.0741,26.3351,638
72351.3,37544.6,133949,84221.5,56835.9,116767,168.367,-2.9652,26.3408,639
53046.8,31911.2,118273,33302.6,25045.5,94195.2,67.0898,-3.3888,26.385,640
62920.2,37669.7,124163,46816.8,32496.7,104106,44.9854,-42.5188,26.5264,643
58741.3,33787.3,120802,44720,33155.4,99615.4,91.3338,23.4618,26.6274,644
45922.3,26003,128282,72195.3,46936.9,120426,221.083,5.0632,26.6922,645
50982.9,27690.5,126292,43353.8,31048.5,103144,85.6767,-22.9803,26.7443,646
58093.4,32381.8,121557,55354.5,40322.7,103669,93.7231,33.0844,26.7974,647
61883.3,34881.7,129006,60151.7,41943.6,110587,128.917,29.0327,26.8538,648
79100.4,40926.9,134600,67526.3,46144.3,114230,162.79,8.7764,26.8781,649
61268.8,32819.6,124763,58908.9,42696.9,109976,136.148,1.91273,26.8893,650
61629.5,35137.2,127402,47442,33543.4,102474,25.2465,7.25735,27.1335,653
58484.6,32446.6,124466,47055.3,32680.1,105310,73.5263,-4.6596,27.4182,656
83167.2,48688.3,132650,69536.6,50186.1,113981,221.083,-1.95915,27.5813,660
45224.4,24941.9,128239,66186.5,45516.2,109746,211.118,2.64408,27.6317,661
58948.6,29605.4,132073,69220.2,46892.2,110473,99.3719,-17.7912,27.6328,662
53001.8,30982.4,120283,48777.9,35291.5,104137,86.3185,-2.6475,27.7057,663
55500.4,31400.9,124511,48673.7,35516.6,104815,127.296,-29.9697,27.745,664
63015.4,33467,128987,63040.4,41655.7,110820,187.754,92.5718,27.854,665
74267.8,37137.6,136202,83250.8,54933.9,117373,117.907,-13.82,27.8848,666
74278.5,39375,127381,71413.2,50815.9,110820,187.582,-26.8986,27.9673,669
71950.9,39322.6,131658,65095.8,47172.9,111056,113.497,-53.956,27.9721,670
76210.8,43746.4,124490,61265.7,45966,108690,172.675,-0.1059,28.1021,671
79805.8,41801,130640,77278.2,54434.3,110285,215.334,15.6968,28.1287,672
65847.7,37349.9,124566,60323.1,44638.1,103908,57.7903,3.60047,28.2836,678
38008.6,18484.7,152102,61111.6,31659.3,124416,178.471,-7.14825,28.2948,680
49903.9,24323.7,137687,81210.2,50270.5,124166,185.005,-13.6081,28.4236,683
62727.9,33429.2,126179,57995.9,40926,107197,151.734,10.6331,28.478,684
46179.3,24737.7,127051,71171.9,49835.4,111515,134.24,41.5821,28.5682,686
74608.8,42071.8,130914,61556.9,46497.7,107690,106.178,-0.68835,28.6735,688
74189.7,38101.1,134797,66038,45367.1,110195,238.122,74.1321,28.7061,689
22936.6,12536.3,131794,59295.3,36839.9,121034,255.218,-17.3146,28.8964,691
78427.1,42254.3,131276,60934.6,43210.5,107577,247.922,-2.38275,29.1599,694
70924.2,38078.1,129722,63643.4,42659.3,111297,100.187,8.43883,29.1754,695
59018,32100,128966,54132.6,37325.5,110997,142.331,10.183,29.1861,696
59467,34317.6,128137,61144.2,44649.9,106910,122.894,-26.0514,29.3497,698
81205.3,43115.9,131469,69943.5,48529.5,109904,136.495,39.4998,29.3933,699
77591.1,41860.7,131174,62362.3,45058,107929,145.909,-20.3328,29.5739,700
28365.3,13596.9,137715,56111.6,34064.9,121789,169.976,15.2467,29.642,702
44029.5,23165.2,127018,65026.4,47695,107073,241.069,52.5567,29.6609,703
51557.3,28485.1,128073,58508.1,40894.2,110747,129.438,14.459,29.6757,704
68811,35703.1,136262,65508.7,39933.8,117733,175.43,-16.0968,29.6763,705
60979.5,35122.3,124859,47424.5,33607.7,104331,149.601,33.7596,29.6804,706
42486.2,22932.5,121585,43953.3,30246.5,103081,196.106,5.11946,29.7608,707
60827.6,31958.6,134306,70541.7,49853.8,112595,221.254,8.045,30.131,711
51754.2,27661.7,124869,56600.3,40380.3,107484,173.479,0.112512,30.1492,712
66658,35472.7,128859,61079.3,41073.9,109583,109.2,-35.4765,30.1663,714
77294.9,40420.3,132096,67810.6,49596.4,108204,117.733,13.39,30.1825,715
62766.9,37449.9,121674,43637.6,32426.5,101572,136.495,-0.26475,30.2563,716
27769.4,15109,125601,47311.2,31480.4,109537,202.904,-36.2708,30.3086,717
44248.6,23635.5,125223,69899.7,48273.1,109804,169.746,4.1068,30.3295,718
49597.6,26846.8,132061,68691.7,46192.9,113909,174.282,17.0472,30.3461,719
72519.1,40631.8,129741,69785.5,52053.3,107061,113.787,-25.6278,30.3524,720
31030.3,16507.2,144639,60673.4,41625.6,122244,194.734,-39.5536,30.4506,723
56815.8,32631.2,124819,50903.6,37033.1,107375,93.9562,-21.4447,30.5551,725
41511.3,21816,127577,59604.6,40524.6,110352,145.736,-37.9122,30.6843,727
75045.3,40303.8,130873,83692.5,60689,114455,200.506,52.7255,30.7183,728
72458.2,38291.7,132005,60047.3,40650.9,107954,69.0801,-16.5734,30.7695,729
66737.3,36901.7,126822,51636.4,38990.9,104006,120.517,56.4965,30.9147,730
33216.5,18809.3,138432,53437,43574.6,106926,223.813,25.2062,31.1414,733
21462.5,11128,116304,38278,26649.8,103215,129.033,0.506307,31.1515,734
60481.2,33084.3,130981,63481.4,41988,115335,117.095,4.89443,31.2114,736
60005.4,35757.6,120500,44788.7,33696.6,99443.5,98.7898,-23.4569,31.2772,737
54896.8,30421.9,125157,47010.4,33653.3,102783,47.1195,7.70744,31.2846,738
73108.5,40910.1,129700,75483.6,53969.5,109712,160.028,-1.5885,31.3478,739
63300.8,34196.2,127588,51130,37976.8,103116,73.0585,1.96899,31.5067,741
77830.9,41130.7,134074,74691.8,51361.1,111773,162.042,-19.4856,31.5387,742
69273.6,37838.5,124625,50450.6,37220.3,104866,88.3601,3.48795,31.7129,744
59817,35371.6,119527,44787.6,35355.4,97447.7,100.594,-6.0363,31.7589,745
58113.2,34764.5,117759,42019.7,31577.9,97828.1,90.5176,-5.4009,31.7834,746
70495.5,38460.1,127787,55170,40715.4,104226,153.636,-1.11195,31.7908,747
57981.8,32993,124227,47798.8,33550.7,104227,130.712,12.6023,32.0035,751
54156.4,26452.9,136402,107649,68961.3,121932,284.128,-8.84265,32.1081,753
65971.5,36125.5,128656,54346.2,39291.9,106621,108.502,-5.9304,32.2475,754
84548.3,43649.7,133300,72226.1,46209.6,114120,289.183,14.5715,32.2862,755
62588.2,35161.2,127723,46214.6,31414.4,106893,78.787,6.07588,32.311,756
75975.8,41148.8,129237,61529.5,43180.4,107702,204.445,-0.8472,32.3382,757
51636.8,30991.6,117631,37959.1,28606.7,100032,117.327,-35.3176,32.424,758
50293.7,26548.5,135762,81406,49680,123709,167.275,-18.8502,32.516,759
74455.2,38631.4,141352,86967.1,57000.5,123730,186.838,-13.6611,32.5539,760
64622.8,33200.3,131112,63225,40834.5,113915,132.794,38.6556,32.593,761
61683.5,35979.1,121422,45181.2,34645.4,99210.3,190.787,8.43883,32.6016,762
32189.8,17049,118294,46157.7,32210.8,104372,112.975,-8.41905,32.9014,765
22095.3,19076.8,91264.4,50903.2,45551.1,93782,76.6249,15.9219,32.9208,766
51802.1,29075.5,129178,68052.7,46452.6,111768,199.249,-0.37065,33.022,768
56417.2,34280.4,119902,39603.6,29761.7,98058.2,129.207,5.3445,33.1016,769
50239.3,30696.5,131220,46421.3,34640.2,105048,239.766,41.4695,33.2896,770
42187.9,23361.1,122598,44796.6,33111.1,103709,151.331,-41.8305,33.6339,771
58483.5,36843.2,117975,41659.2,32419.5,97211.1,83.634,37.0799,33.7291,773
60431.6,34313.9,121016,42353.5,30741.8,99952.7,125.153,15.8656,34.0224,776
59762.9,34752,123639,51088.9,39109.7,101243,56.4268,-2.59455,34.0413,777
61061.6,35880.6,120279,35817,27017.8,95461.4,44.2147,39.8375,34.0516,778
45619.1,24663.3,122364,38261.6,28089.7,100926,62.7703,-59.7276,34.0529,779
68121.5,36517.3,133162,65382.1,41774.3,113642,177.668,6.80726,34.1567,780
71596.1,38084.7,131769,62987.6,43592.6,109377,131.753,18.904,34.2223,781
35632.1,19826.9,114595,39110.3,29407.5,96353.2,45.1632,9.33902,34.3522,784
54703.8,32813.2,117957,40464.6,30665.5,97092.1,109.141,0.675077,34.3774,785
47894.8,28515.1,126888,72502.2,53392.5,110114,156.574,22.8428,34.3805,786
51322.1,30023.1,126724,52928.8,34604.8,110608,162.215,-1.42965,34.4105,787
22701.2,14012.8,114104,45779.4,31586.9,104750,86.5519,-17.1028,34.4592,789
71925.5,36988.4,138043,88292,54305.9,120282,151.216,1.46267,34.626,790
73716,41136.6,126843,56313.2,40782.9,107896,180.076,-12.4432,34.6837,791
44892.1,24562.5,124846,50354.9,33534.5,111415,116.341,20.367,34.7244,793
60634.5,35016.1,120318,45282.4,34072.1,99986.2,86.1435,-38.9183,34.8078,794
84052.4,45066.2,132570,73482.6,50919.5,111928,181.739,20.1419,34.8146,795
50722.6,28158.9,131845,68345,47710.9,111743,149.255,25.8814,34.8338,796
64179.6,33840,128352,59951.3,42191.8,107901,89.7014,-20.3328,34.8958,797
62587.5,33292.4,127697,56831.4,38165.1,107856,115.703,-12.2315,34.9556,798
73254.5,42058.3,125002,55030.5,39213.7,104860,205.073,-0.05295,35.0794,800
64742.9,35953.6,136414,67723.7,43883.5,117583,170.033,6.07588,35.1538,801
54324.2,29898.4,124163,45641.4,34697,102647,116.167,-14.5612,35.3788,803
59698.1,34867.8,121654,37327.9,28028,96958.3,69.0801,-0.79425,35.4113,804
75977.8,40254.5,132042,70335.6,50415,110121,215.505,-3.01815,35.4816,806
65658.8,38693.3,129013,72325.6,54217.4,110496,182.197,-5.24205,35.6607,810
59268.3,31935.3,130533,46829,28305.8,111031,108.735,-15.1967,35.7989,812
57257,26972.9,146002,97001.7,53098.1,127998,382.289,9.11397,35.826,813
56234,31649.2,124689,36588.8,26633.4,97544.6,86.9019,4.33183,35.8324,814
69324.6,34705.5,134218,86330,58231.9,112712,169.229,-3.6006,35.843,815
79224.6,39695.1,136017,80941.2,56033.1,117203,219.718,-16.4145,35.9844,817
54920.2,30953.4,124696,46663.3,34078.1,100206,66.0358,-15.9909,36.2132,818
69114.5,39430.8,126841,56936.8,42280.8,105093,150.351,16.372,36.2158,819
55172.7,30959.6,125556,49616.9,35144.5,103581,134.125,-1.1649,36.311,821
47178.8,24619.3,123909,59983.7,39610.3,109945,103.212,-13.82,36.4126,822
36569.1,20241.5,120230,48279.5,35705.5,100700,100.943,-51.5204,36.457,824
78831.1,40255.8,138252,73170.1,42992.9,127277,219.945,-9.7428,36.5359,825
49029,27623,119601,48819.2,36696.9,100014,72.8245,3.93802,36.5784,826
62292.8,33335.2,129231,83342.1,58327.6,109946,247.299,-25.7337,36.8306,828
55288.9,28521.1,129398,76784.9,57731.6,111033,224.609,4.38809,36.84,829
59302.9,29649,137652,104129,61141,124434,286.263,19.7481,36.9947,830
67543.8,34769.1,138636,92849.7,64506.7,120121,292.943,13.9526,37.0679,831
71293.5,37258.8,128724,63736.8,48455.7,107953,112.162,-6.1422,37.1435,833
72239.7,39725.9,130875,62256.8,44284.5,111768,140.194,0.900104,37.1667,834
71405.6,38026.2,129074,63707.6,43924.6,110159,145.736,-0.05295,37.3094,835
66926.4,41175.2,121193,51406.6,37298.2,107093,163.078,-16.7322,37.3434,836
77489.6,41684.8,128862,63179.4,44280.2,106607,120.227,-0.26475,37.5023,839
73165,39078.4,128729,64874.9,47388.9,109622,216.758,126.235,37.5279,840
52681.6,27962.1,125112,58742.5,42337,106778,112.278,9.33902,37.5341,841
65545.1,36156.1,127542,58570.6,40828.2,108737,195.763,-14.4553,37.5767,842
67230.8,37041.4,125148,47079.3,31350,104984,127.586,18.3414,37.9014,846
61631.9,34194.1,124822,52020.9,37264.7,107412,143.601,66.8046,38.4671,849
73210.4,37975.3,136118,75808.8,49418.5,116979,140.02,0,38.5681,850
52191.3,26782.2,129305,63037.2,45069.9,107296,200.163,-33.1467,38.8618,853
64819.1,35237.2,126872,45075,30910.4,104246,157.38,1.40642,38.9825,855
67491.8,36414,128611,55128.2,38896.5,106522,129.843,0.78759,39.1964,857
35439.6,20438,122169,53771.3,34054.4,130978,119.937,-0.05295,39.2016,858
55965.1,33574.9,124041,46887.5,33654.7,103367,142.273,17.4411,39.2284,860
59716.6,34078.2,124009,43236.4,30918.2,102846,60.4582,4.72565,39.7871,864
56733.8,33038.7,119869,44119.8,35339.5,97012.9,115.761,0.281281,39.838,866
29866.6,16297.5,116878,38105.5,26355.8,103585,84.8014,10.4643,39.8719,867
77550.1,43214.9,128202,67694.8,48570.4,108264,145.909,10.1267,39.9917,868
32716.5,17785.1,151615,61230.8,37026.1,142543,171.125,-4.5537,40.0029,869
70781,36062.5,134324,57474.2,39909.3,111375,76.6249,-3.33585,40.0171,870
40206,20154.8,127236,62693.3,39007.5,114361,136.033,12.4335,40.1653,871
53231.6,29057.4,131985,95682.5,73646.2,114865,251.995,8.045,40.1653,872
78126.7,42648.4,131574,68216.8,45795.9,112416,105.654,-9.37215,40.1953,873
72754.4,37532.6,131698,75403.5,48698.8,114338,215.106,-1.8003,40.2358,875
68958.2,35420.3,131665,67141,47385,110423,150.293,15.303,40.2894,877
66433.4,35383.6,128435,51973.4,35499.3,107662,137.536,-17.3146,40.3962,878
40574.1,20259.6,132229,69873.3,45794.6,113774,186.494,-2.118,40.608,880
57920.8,32882.4,121996,43735.3,32882.1,100245,61.5253,8.88893,40.7234,881
66412,37387.9,124620,45683.3,33820.6,100956,162.273,46.9286,40.7416,882
44693,26047.1,122235,55781.8,42016.9,102923,228.928,22.7866,41.0892,887
72837.3,39285.4,130818,67934.8,39873.6,117266,124.4,-26.6339,41.1028,888
57683.2,32748,123888,38449.1,27808,99350.6,116.167,-29.1225,41.1497,889
60691.9,31715.6,130470,55362.9,37940.5,106825,133.836,0.281281,41.4418,890
79707.7,41625.1,131601,68533.5,48491,111232,115.877,1.46267,41.4961,891
81882.1,43480.2,130396,68067.6,48530,110346,147.698,-44.425,41.6089,893
49825.4,27408.9,123822,39135.8,28055.1,101751,116.399,-10.643,41.807,894
75556.4,38862.3,131501,57970.3,38496.6,111520,188.956,-22.0272,41.8234,895
68985.6,39978.6,124371,52008.4,39562.5,103132,91.2172,69.3593,41.8647,896
64564.7,34915,131297,54752.5,35182.5,111766,120.459,2.0815,41.9154,897
70688.5,36725.2,134789,79177.5,52975.8,115492,171.986,-6.2481,41.9833,898
68140.5,37919.5,128557,58202,43761.8,104709,83.6924,-44.5309,42.0453,901
71554.3,41091.9,126232,51784,37904.5,104435,116.689,-5.1891,42.0614,902
60289.2,33087.4,125741,54762.7,38568.1,106765,151.792,0.393794,42.1789,904
60989.6,32808.6,127122,53110.7,39258.5,106845,94.597,5.9071,42.2476,906
63491.3,33715.4,129682,61457,43662.5,107068,80.8899,-39.5007,42.2889,908
67842.2,37095.6,133464,71183.3,51240.4,111618,118.139,-8.94855,42.3018,909
60651.4,31733.1,131238,65857.4,44785.7,110428,127.933,11.1394,42.3317,910
80127,42569,129009,64272.9,45452.5,106879,178.127,-41.8834,42.3326,911
63594.5,33538.2,131175,62907.7,43274.6,110782,169.918,19.0728,42.4591,913
73022.4,38695.7,128361,52076.7,35984.1,107251,154.789,3.82551,42.561,915
77313.2,38786.8,139097,71219.5,43239.7,118190,207.982,4.21932,42.6386,917
37048.8,19166.2,124953,61636.9,41750.9,109708,266.903,10.3517,42.6426,918
64697.4,35176.2,128098,67071.4,49154.5,106711,120.749,2.70034,42.6533,919
74608.7,41392,127231,67191.1,49648.8,108087,187.124,24.2496,42.6701,920
74685.2,39827.7,132088,55736.5,38897.9,107704,101.932,-17.0499,42.6722,921
64029.4,37512.3,124090,50765.4,38255.2,102902,106.584,-2.7534,42.7754,923
73552.8,39816.6,128084,63576.4,43493.1,109880,143.774,34.7163,42.8318,925
28699.1,12235.2,158422,73232.4,39011,134999,124.864,-16.3615,42.8367,926
26382.6,17603.4,138175,35960.9,25291.8,116279,269.101,1.46267,42.8398,927
65237.7,35247.7,129208,52603,36820.6,106813,92.616,-8.3661,42.8861,928
77810.1,41602,133236,76917.1,52767.5,114269,197.935,0.337538,42.8905,929
76229.2,40267,129278,70836.1,46454.5,115486,199.706,-4.5537,43.0735,931
52454.8,28657.2,142508,106104,59750.4,131322,284.634,-1.8003,43.1869,935
50462.7,32961.3,114490,49448.6,40409.5,98010.8,89.3515,23.7432,43.2098,936
72037.1,40178.4,128879,51723.6,37619.6,107989,88.1269,-2.3298,43.4977,940
48709.5,26177.6,130859,52234,34598.2,153108,114.136,14.0089,43.5613,941
30277.2,12815.9,158585,48714.2,27052.2,127516,138.171,-2.4357,43.5734,942
49637.4,24394.7,135076,64639.2,39213.1,121808,79.9554,22.8991,43.5932,943
46457.1,25633.6,127974,58248.9,34922.3,114292,204.274,-0.05295,43.6801,944
72188.1,38454.7,128805,68457,43752.7,115233,208.952,32.4091,43.9029,946
59046.4,33101.3,127628,54454,38895,108579,100.128,-12.4962,43.9473,947
71533.7,36914.7,134185,80995.4,51842.3,120991,219.774,8.38257,44.3414,951
62711.4,34529.6,124661,53793.2,40530.5,104785,124.168,14.7966,44.3544,952
68262.7,36308.2,134008,85540.1,60930.7,119635,250.751,21.9988,44.6197,957
55153.4,30481.3,126964,51429.8,34795.3,104782,154.558,-31.2934,44.6588,958
54915.6,32092.5,121511,42960.1,31293.3,99307.4,72.1811,0.112512,44.7111,959
65274.7,32432.2,138056,79195.5,50366.2,117932,136.206,17.3848,44.818,960
73521.1,42211.3,129738,63537.7,44294.8,110432,179.102,-0.58245,44.9913,962
81379,45698.5,130897,67449,49565.5,110480,144.351,55.6522,45.012,963
68235,38547.5,124364,59347.2,43301.7,107931,156.977,54.9205,45.0883,964
49648.5,28285.1,121884,56941.8,43785.7,102729,88.0102,-11.649,45.1631,965
58599.8,31185,128235,59886.9,38943.5,111997,122.836,7.14483,45.2581,966
65181.7,35047.6,128284,55507.1,38516.7,107918,104.666,18.5664,45.2929,967
44393.9,24886.7,125397,60240.7,42816.7,106432,187.983,-28.0106,45.3169,968
65342.1,33049.7,138068,84342,57149.6,120445,285.476,-9.68985,45.3458,969
60064.3,34375.8,121488,48020,34613.8,105730,118.139,-0.7413,45.4123,970
60623.7,32939.4,130630,57805.1,42406,107622,138.807,8.88893,45.4328,971
45130.5,24189.1,131477,87795.3,56293.7,125365,263.011,-30.8169,45.5365,972
57040.5,30486.2,127119,53783.1,36435.7,108209,67.4411,-4.50075,45.7075,973
54793.7,29469,128511,62645,43682.8,110229,157.092,-71.6413,46.0039,975
38077.8,19876.3,126868,31961.6,21386.9,101735,86.4352,40.0063,46.1059,976
71840.7,40888.4,127024,52277.4,36770,106742,171.067,-11.649,46.1542,977
69199.9,34865.9,133056,67311.4,45519.4,114897,228.814,37.0236,46.1696,978
69014.9,36664.5,132138,82790.6,58196.5,114545,161.237,1.6877,46.3703,981
42553.8,23238.2,124520,52114.5,37133.1,104467,139.905,15.2467,46.4846,984
68909.9,42011.4,124268,78796.1,59220.6,107056,95.2378,-31.7171,46.588,985
69120.2,37510.9,127680,50506.4,37187.7,103010,113.439,13.9526,46.6331,986
52340.8,29565.1,131734,74498.6,52022.7,114734,225.632,-0.90015,46.6959,988
50055.5,24887.5,128924,50302.3,36175.2,104146,87.9519,18.679,46.7983,990
54917.1,29586,132106,66584.9,42481.3,120120,150.87,-2.118,46.8178,991
40560.9,20177.5,127796,57530.4,38291,112180,196.163,-4.92435,47.0619,993
65687.2,38169.4,124178,53558.1,40397.3,100837,76.8587,-4.60665,47.0774,994
60179.5,32383.9,125393,47983.1,35538.3,103486,65.4975,-8.8956,47.3141,996
56447.6,31942.7,140506,80262.9,51040.2,120079,101.816,-4.236,47.5546,999
34902.4,18971.5,120424,61634,43092.4,110949,165.666,-0.05295,47.6197,1000
54298.7,30883.1,126319,43520.5,31655.4,101302,119.937,3.37544,47.7098,1002
57329.9,33712.6,122420,37540.4,27468.3,99440.4,129.323,-34.7882,48.0712,1004
49131.9,27028.6,131399,61129.5,40767.5,111754,129.265,-8.3661,48.073,1005
78553,41916.9,132306,66010.8,45341.6,108198,148.621,12.8836,48.2267,1006
40863.3,20995.6,124308,48850.7,33144.5,107905,80.3642,7.98874,48.2589,1007
69167,36760.7,129524,66179.9,46665,109953,128.049,-18.6913,48.3153,1008
74093.1,39557.3,134983,87852.2,55807.6,114650,262.841,6.69474,48.3412,1009
53705.8,29628.9,129183,64723.5,42493.1,111501,118.429,-55.068,48.3426,1010
72025.2,38037.6,130446,59684.9,39157.7,110353,143.889,-0.1059,48.4395,1011
58466.1,30996.6,128612,60718.4,44715,108491,109.432,5.68206,48.4739,1012
66040.7,33960.5,136093,70442.4,46142.8,114755,141.464,14.2339,48.5411,1013
50048.9,29371.5,126353,63209.1,45006.6,109613,134.414,1.85647,48.9619,1018
61188,32401.9,138070,95168.1,65760.4,120665,267.41,-1.32375,48.97,1019
73564.4,41349.3,128760,61957.4,45650.7,107693,147.929,-15.3555,48.979,1020
59885,33615.8,125578,50508.3,35794.1,104384,118.371,36.6297,49.2609,1023
57879.8,30998.5,128537,63732.3,45582.8,107511,122.14,-23.8804,49.3451,1025
80401.1,42097.2,134512,65323.4,42954.2,116690,172.732,-1.21785,49.3575,1026
77618.3,41944.7,132091,60899.8,39687.7,112265,100.71,27.8509,49.4286,1027
69964.7,38021.9,126511,52080.5,35524.8,106704,116.747,40.7379,49.5299,1028
62066.1,34046.9,127406,52437.5,37439.6,107031,134.009,0.337538,49.5686,1029
73568.3,39099.3,128420,56151,37523,110437,122.894,-29.652,49.6421,1030
66963.6,36984.6,124073,47081.3,32818.4,103545,95.5873,-0.3177,49.7179,1031
64723.2,37186.1,124956,46593.3,35392,102651,158.359,21.3236,49.8066,1032
50140.6,27380.3,124801,58653.3,44164.6,104384,169.746,-23.5627,49.8397,1033
51160.1,29677.3,136428,76630.7,49680.9,118226,217.612,42.6513,49.9792,1035
24097.3,13299.9,125118,35730.3,27896,98852.3,193.762,-4.18305,49.9998,1036
71710.7,37642.5,132056,57417.1,39623.3,110305,157.323,46.1969,50.1364,1038
67916,36609.7,126589,47565.9,32434.1,106811,162.79,4.55687,50.1677,1039
78367.4,42112.8,133623,68123.5,46456.8,111011,191.817,-23.0862,50.3448,1041
80677.9,42772.8,134496,74328.2,53934.8,111284,163.135,23.7432,50.5265,1042
55458.9,28261.4,132441,69658.9,46005.7,116710,46.5859,-69.2057,50.6797,1044
39939.9,22470.1,118599,34762.7,26262.3,99635.3,87.4269,5.28824,50.74,1045
75543,39258.2,131791,82487.1,60271.4,110945,185.177,-0.2118,51.0867,1047
52878.7,27202,128057,53016.8,34710.4,110384,57.4346,-4.7655,51.1292,1048
25321.3,13113.8,166407,54081,26149.8,145588,136.611,-25.2042,51.296,1049
61400.6,31856.7,128302,59928.5,40146.7,110827,170.493,-23.0862,51.3823,1050
75276.9,42097.4,128382,65500.9,45763.6,109555,146.486,-14.9319,51.4102,1051
71709.7,39475.5,127407,62007.8,41772,108151,105.422,7.20109,51.4735,1052
48226.4,23396.9,141041,89629.1,51658.2,131204,331.335,0.506307,51.5108,1055
65420.9,37277.7,124983,49421.5,36154.6,100753,58.6203,3.26292,51.5428,1057
81992.8,40834.2,136238,66098.8,42979.2,114653,186.322,11.0269,51.5729,1058
62514,34652.2,127472,57096.4,37946.6,107685,106.933,-19.2738,51.6008,1060
59641.3,34476.8,120791,51544.8,37956.7,102621,113.962,22.1113,51.6593,1062
74963.9,37723.6,141867,85464.4,51934.6,127931,249.789,65.749,51.6722,1063
44081,25175.4,122413,51761.9,38506.8,104161,106.236,8.10126,51.6891,1064
34597,18520.8,125076,48272.4,34927.6,105679,63.7189,-55.8622,51.7224,1065
57115.2,31597.8,127540,54047.9,36306,110446,106.933,-33.6232,51.7642,1067
77351,42974.3,130970,65508.5,44612.7,111791,201.933,-4.07715,51.7676,1068
53075.3,28788.4,126476,49793.8,34876.5,108453,-6.24669,-98.4341,51.7925,1069
65709.1,38846.1,125092,48864.6,34367.9,104100,68.2021,0.112512,51.7987,1070
54138.5,28686.1,128899,89870.4,61255.6,118269,266.903,-36.0589,51.8118,1071
69149.9,37087.9,141741,92577.4,61923.6,119707,239.936,-12.8139,51.8222,1072
75346,39186.8,131344,63930.2,41057.7,115131,209.921,18.7915,51.8258,1073
74093.3,42648.1,127718,62046.9,44308.5,107606,111.175,-14.1906,51.8268,1074
62152.4,32981.1,128182,56998.6,40420.3,107760,94.2475,-31.5582,51.8687,1076
72034.9,40363.1,125287,64774.9,51255.4,102796,163.078,4.89443,51.9103,1078
63304.4,33733.1,133058,75083.8,49369.6,114498,155.653,2.58782,51.9114,1079
21307.5,10897.4,120495,68365.1,41664.7,111615,205.13,-15.5143,51.9242,1080
57038,32668.5,147590,101239,62710.6,131679,217.782,51.9939,51.9257,1081
40181.4,23096.6,120813,55247.2,41522.5,102566,156.056,11.477,51.9457,1082
61747.9,35352.5,125130,50817.6,35451.4,105113,120.575,-20.3857,51.9726,1086
60064.2,31241.2,129339,52376.8,36935.7,106986,214.765,-21.9213,51.9772,1087
76519.3,40639.7,133349,70471.6,50944.3,114713,102.339,-6.7776,51.9932,1089
65134.3,32588.2,138114,69949.9,48807,117493,159.683,-10.8018,52.023,1091
44405.1,23923.3,121775,45345.1,34095.8,101079,93.9562,-19.8563,52.0738,1093
78787.5,40437.4,134403,72922.4,51187.5,114093,112.336,46.6472,52.0892,1094
66918.3,39793.2,123803,54753.8,39333.2,103577,74.4035,-50.8849,52.1003,1095
61833.9,35609.5,123681,39057.3,28482.1,100023,97.6255,8.38257,52.1052,1096
65371,36908.2,124014,61243.4,47481.3,103215,70.7186,-39.7125,52.1141,1098
62500.7,32914.4,127691,52508.6,36031.4,108139,165.033,6.97605,52.1221,1099
72596,39357.9,127919,58949.1,41577.6,110058,154.385,-3.86535,52.1291,1101
45827.3,23309.2,130660,61507.5,41134.1,115633,167.563,33.9847,52.1499,1107
54600.7,31625.5,120419,42561.4,30774.1,101117,94.0144,49.4612,52.1736,1109
69060.6,39684.4,128402,62738.9,45891.3,111470,108.851,-19.4326,52.213,1110
80484.4,41028,135584,66952.5,46683.8,111210,212.999,17.4974,52.226,1112
73069.6,37537.9,140616,80521.4,47811.7,122208,166.988,2.70034,52.2328,1113
50087,25400.3,127898,61801.3,38426.1,113785,134.645,31.171,52.2391,1114
69771.3,40471.8,123240,47758.7,35345.2,100597,202.447,-10.8547,52.2775,1115
39463.6,19909.1,134041,90736.5,55795.9,127866,217.896,-24.9924,52.3066,1117
65818.9,38462.7,124208,52355.7,38773.1,103075,145.563,-35.4765,52.3207,1118
66197.9,39807.7,122187,44635.4,33607.9,103361,67.6752,4.66939,52.3512,1122
58130.9,33140.9,122276,43234.4,31832.4,97542.2,137.767,-8.472,52.3562,1123
69627,38802.9,126748,54175.3,36897.6,106503,153.694,18.2288,52.3577,1124
51265.5,27745.7,121479,46405.8,35339.4,101231,96.0532,-25.6807,52.3678,1125
56421.5,31633.9,123923,53673,37563.1,109994,150.351,14.9654,52.3945,1127
71685,37285,131672,60898.6,38117.9,113467,217.953,-22.1861,52.4259,1130
64680.1,34233,128447,45923.1,30768.4,106628,103.735,-26.6868,52.4277,1131
42475.9,24204.3,120461,39377.5,28944.9,100983,121.097,29.5391,52.434,1132
67719.4,36114.4,128499,56368.7,39574.4,106627,122.082,12.321,52.4416,1133
74227.9,41830.7,127519,54219.8,38402.9,104762,129.149,-1.00605,52.4494,1134
68807.2,38324.5,126810,54655.8,40364.5,104467,90.7508,-39.0241,52.4598,1135
49218.9,25502.4,129024,65971.5,45942.4,110467,107.224,-41.4069,52.5127,1137
52273.5,29265.9,121176,42893.2,29957.2,103644,124.979,-16.0438,52.5151,1138
56433.2,30989.5,126943,59916.7,38813.8,111817,131.811,40.5128,52.5176,1139
39373.1,21800.9,125013,66652.8,44959.1,113106,157.092,61.6746,52.5455,1141
71906,36886.9,133624,62996.9,45184.4,109359,160.892,-27.1104,52.576,1143
64277.8,37628.2,120604,49721.1,39238.6,101371,118.371,-4.5537,52.5812,1145
64744.4,37480,125027,57148.2,42302.9,103402,122.198,-13.4493,52.5825,1146
61629.8,34579.4,124287,46424.2,33349.4,103375,107.805,-23.298,52.5999,1147
68878.7,37395.4,131018,63577.8,43778.1,109591,104.143,3.1504,52.6255,1148
65946.9,33591.4,143690,96026.5,58099,126562,203.817,41.6383,52.6284,1149
73744,39537,127409,73164.1,53904,108302,212.828,-13.1846,52.6673,1152
37668.6,21918,113954,33319.9,25100,93895.9,51.9806,-3.7065,52.7216,1157
61351.1,32980.1,125559,64667.2,45560.1,106708,160.374,3.1504,52.7252,1158
57711.4,26449.9,141109,82693.5,44840.4,147944,320.579,3.88176,52.7604,1160
60811.2,31750.5,128138,56004.4,40596.7,111348,107.456,-19.2738,52.7663,1161
51404.7,27247.9,126932,63952.8,43552.7,109802,191.932,8.32631,52.7667,1162
54558.7,29379.9,123933,52393.4,37779.3,104778,141.753,15.3592,52.7829,1163
68590.9,36923.5,134723,82156.2,53609.4,115021,137.42,-3.9183,52.7883,1164
54695.5,29532.8,135946,73714.3,43524.9,121359,387.301,263.282,52.7919,1166
71992.5,41727,127999,60598.8,42417.2,109397,104.84,19.8043,52.7977,1167
43164.2,23471.7,127986,69531.2,48524.3,113323,159.338,1.6877,52.8198,1168
84499.1,43776.3,133077,70687.2,46502,111950,303.87,-6.08925,52.8307,1169
46561.5,23491.5,127124,52034.2,33857.1,110356,156.977,-6.51285,52.8317,1170
42055.3,22672.3,138219,54148.3,29933.9,120188,83.8092,-53.0559,52.8473,1171
64646,35234.9,134344,79178.6,49793.7,121826,222.278,2.19402,52.946,1175
59536.2,29895.3,133276,71345.8,45635.7,116454,146.371,-31.3994,52.9504,1176
64722.2,31964.8,134819,79847.2,54810.9,117363,243.506,9.67659,52.9529,1177
67696.4,38863.4,125156,47878,35797.8,103999,127.122,11.3645,52.966,1178
62032.7,32716.9,128397,54736.2,35507,111868,109.78,-2.2239,52.9813,1180
64182.6,35916.7,128750,52303,34805.9,107595,143.485,-6.93645,52.9904,1181
75792.5,40217.3,131152,61967.5,44451,109186,124.864,0.956361,52.9951,1182
70906.2,37786,128070,74789.7,51094.7,110825,200.963,12.7148,53.0121,1183
74206.3,39120.6,132160,64973.2,48171,111699,116.457,28.695,53.0147,1184
71466.1,38328.1,135684,65242.3,40643.7,114922,179.274,2.86911,53.0184,1185
62255.5,32508.8,193781,83844.1,40442.3,183216,242.826,-7.67775,53.0212,1186
66738.9,34306.1,133109,78701.1,49821,117863,146.66,-25.1512,53.0237,1187
76721.6,40642.5,130468,71702.4,49888.4,110028,228.871,22.7866,53.0266,1188
48295.4,26171.2,128061,55408.5,33506.4,111686,147.236,10.0704,53.0266,1189
68039.6,38795.7,123758,49587.8,34788.7,107708,125.559,41.357,53.03,1190
71880.8,38433.9,133935,64405.1,42017.4,112337,128.975,-3.6006,53.0507,1193
49121.9,25136.1,127868,56578.1,38959,110351,122.43,-3.177,53.0531,1194
53055.7,29506.4,127085,56673.3,40341.1,112482,208.153,35.054,53.0564,1195
23705.6,16179,102945,32010.2,25464,90771.1,65.9125,30.7208,53.0742,1196
67851,37104.9,128134,58143.1,38999.8,108219,115.238,26.0502,53.0752,1197
48402,31881.9,118330,98953.9,80266.4,104719,382.4,25.5438,53.0796,1198
50293.7,28711.6,127765,56385.1,37489.4,116769,99.0226,-14.9848,53.1062,1200
59515.3,31734.2,129228,60330.1,44037.2,108416,130.191,-45.7488,53.1199,1201
36055.7,20768.5,120659,51431.1,38866.5,103073,110.594,23.2367,53.1397,1202
72114.4,35142.3,138525,91376.7,53261.7,123091,170.837,-24.4099,53.2178,1205
68081.6,35608.6,129077,69584.6,48487.1,112069,167.045,22.7303,53.2183,1206
58974.4,29368.7,133703,65310.2,40943.9,113810,72.5321,-13.5023,53.2213,1207
64170.5,35157.2,128610,58135.1,41191.7,107168,80.7731,-41.301,53.2388,1208
70107.3,37014.8,138562,79018.8,44259.3,125257,219.49,-45.4311,53.2856,1211
66263.7,34100.8,130340,63055.9,42725.8,111832,154.443,77.2931,53.2908,1213
73364,40692.8,130727,62803.9,43566.9,109955,108.328,-20.8623,53.3499,1214
73978.4,41415.5,130229,55831.7,39018.7,106899,44.9854,-12.2315,53.3529,1215
63919.8,36770.2,127846,51372.5,36085.6,103808,142.966,-15.4084,53.4404,1219
70749.8,38552.3,133779,71519.2,48538.2,114274,234.775,-11.2254,53.4443,1220
64326.2,33800.2,130254,47851.2,32390.2,108075,154.501,-6.1422,53.5124,1223
68304.7,36984,128365,53849.1,35356,112327,77.034,-6.4599,53.559,1225
55979.7,29830.3,126464,45636.2,31030.6,105165,100.594,-11.5961,53.5786,1226
65645.3,34189.9,128249,62410.4,41493.1,109607,135.512,-29.7579,53.5905,1227
37261.3,20751.4,120987,57700.8,40071,110437,123.763,14.0651,53.6075,1229
58985,32832.3,135170,72649.9,48878.8,111230,117.791,5.17572,53.6244,1230
68198.1,37552.6,126754,54398.4,38892.9,107023,100.827,-9.79575,53.6268,1231
64641.2,34905.3,138058,88448.3,52386.8,124754,219.604,1.35016,53.633,1232
35962.1,20079.1,126739,80697.8,53859,115429,90.6342,9.50781,53.6515,1234
61982.7,34403.1,124547,47629.2,34674.3,104015,81.649,-2.06505,53.6684,1235
45563.2,23399.3,127918,56887.9,39263.8,108313,192.332,39.95,53.6695,1236
37263.2,19493.5,121841,46567.6,32610,103898,73,-2.6475,53.6817,1237
64983.6,35592.3,124896,51983.6,36742.3,107435,113.787,38.9933,53.6902,1238
68850.8,37683.9,127433,49501.8,34693,107079,139.269,-1.4826,53.7006,1239
83132.8,42765.6,136912,73048.4,48465.3,114883,287.049,0.562564,53.7244,1241
74681.9,40096.1,132661,62980,44794.1,110666,210.833,-1.64145,53.7777,1245
75993.9,41594.2,134197,80955.4,54911.3,113208,89.4681,22.9554,53.7794,1246
57649.8,33559.1,122119,36515.9,26515.1,98434.1,76.9756,8.10126,53.7966,1248
72835.2,36134.6,139630,83441.5,55860,124702,183.515,-20.7034,53.826,1250
65569.8,34960.6,135976,77035.1,47149.6,116244,161.122,5.40076,53.8318,1251
57389,32052.8,124211,44763.5,32340.7,104447,105.887,1.40642,53.8347,1252
74404.7,39870.2,131483,58874.7,41597.4,108430,87.1352,-5.13615,53.8767,1253
60903.8,34330.3,121215,52730,39081.6,104310,100.71,0.393794,53.8854,1254
82713.5,44801.9,134925,75471.1,50111.1,117444,138.114,2.64408,53.9027,1255
72068,35454.6,138080,83336.7,51717.1,124803,226.087,15.0779,53.9923,1258
69910.3,37893.1,134089,69509.6,48007.6,111847,218.181,-1.2708,54.0084,1259
59500,33505.6,124462,60488.1,43991.9,107173,146.025,20.8172,54.0392,1260
67394.9,38994.2,127408,53286.7,38269.2,107625,99.8375,-15.1437,54.0485,1261
77575.5,41381.9,132241,75751.9,52424.3,114397,183.286,-24.9395,54.0507,1262
63225.2,33473.7,130368,65944.2,43944.7,111211,173.881,29.933,54.0743,1263
62623.1,32967.6,126720,54175.4,40754.8,104667,67.4996,0.450051,54.0992,1264
57335,32330.1,134543,76558.8,51890.3,216180,240.163,-4.71255,54.111,1266
48849.1,26343.1,124591,56005.4,39945.1,107932,116.631,-14.9848,54.1383,1267
40321.4,20616.2,131322,80611.9,50505.5,121997,171.125,-34.3645,54.1434,1268
58429.1,31526.2,129708,58498.8,38782.9,111352,147.467,0.956361,54.1535,1269
75089.9,38341.5,133558,65466.3,46774.9,111116,154.731,-8.472,54.1604,1270
53873.8,26968.7,131590,66334.6,41998.6,114762,223.529,-0.1059,54.1787,1271
60512.6,32118.9,126613,52887.8,37248.3,107225,143.543,-8.5779,54.2109,1272
56111.7,30621.6,127989,53119.4,38291.6,107153,163.423,69.8035,54.2474,1275
73311.9,36260.3,137396,75578.5,46365.2,118041,200.62,-5.98335,54.249,1276
73472.4,37646.8,138772,78870.3,50096.7,120053,165.723,37.0236,54.2539,1277
58724.5,33246.3,125142,42595,29546.5,103255,107.166,5.0632,54.2863,1278
58573.4,32494.1,136233,83869.9,50290.5,123356,255.387,0.281281,54.3189,1281
67148.3,33045.7,136145,79526.6,57672.8,117506,201.476,2.86911,54.3576,1284
74125.8,40218.1,129240,62031.5,41238.8,112247,225.689,9.50781,54.3613,1285
66237.1,37713,127728,62600.4,47875.4,108114,181.051,0.843847,54.3799,1286
52485.7,31315.2,117422,47577,35623.3,99596.8,146.486,-22.4508,54.411,1288
80818.7,44139.9,131644,75448.9,52766.3,112397,89.7014,46.816,54.4363,1289
62601.3,36660.2,128302,91642.2,63927.1,122295,290.306,-1.1649,54.4466,1292
67066.7,35039.1,134141,54044.5,35173.7,113924,156.517,-20.5446,54.4576,1293
69878,34889.1,141044,77039.1,41991.1,129092,237.895,8.83266,54.469,1294
53336.4,31206.8,124194,48262.3,36276.2,100531,115.587,-41.301,54.4785,1295
40781.6,23069.3,168522,88638.5,40538.3,149271,149.832,55.4834,54.4904,1296
67240.5,35417.3,132081,72616.6,46524.5,114316,123.763,-9.6369,54.4975,1297
31012.6,15089.9,124907,63236.8,40507.3,115423,175.258,-19.2208,54.5282,1298
49516.7,25248.6,129081,69329.8,47093.4,112261,209.066,-3.65355,54.5318,1300
83370.9,42360.4,142356,74609.4,41114.8,124090,221.538,8.72014,54.5622,1301
62137.3,34017.6,125622,51434.5,35875.4,105293,116.167,-23.6157,54.6031,1304
72957.8,36570.2,135972,71240.5,45366.8,117452,184.719,-11.3313,54.6074,1305
41233.4,20855.8,154572,74446.6,39005,128020,176.061,3.20666,54.6098,1306
68944.6,36567.1,131374,56725.4,38287.9,107709,116.921,10.6893,54.6151,1307
55460.4,28888.9,131352,67651.9,46818.4,112677,158.992,55.5396,54.6202,1308
67151.5,37616.5,125156,48933.4,37159.8,104108,81.4154,23.912,54.6334,1309
66287,37844.1,126950,56701.2,39304.1,107797,59.4503,-64.6519,54.6378,1310
58700.7,32322,142135,93145.5,56720.2,123890,169.574,-39.9243,54.6452,1312
61315.1,33237.7,124588,49032.8,33650.3,107986,76.8002,6.97605,54.672,1313
59014.9,33203.7,124544,40616,30210.8,97046,86.0851,31.6775,54.688,1315
29215.5,15657.4,120829,53661,35027,108604,198.792,-3.12405,54.701,1316
60296.6,32539.3,134783,71741.9,44557.7,117997,175.086,-20.174,54.7083,1318
54139.8,31364.4,117991,53074.7,40017.3,101536,146.429,-2.118,54.7244,1319
66816.7,35745.9,127660,56962.5,39844.5,109233,151.043,0.0562562,54.7334,1320
59663.8,33783.1,124224,54829.7,41430.5,103574,130.827,1.85647,54.7719,1322
47446.9,27635.5,121343,40775.5,29896.7,105229,113.207,28.5825,54.7775,1324
59493.6,33809.2,124978,41083.1,29042.5,105274,135.108,0.112512,54.7816,1325
70630.4,37435.3,127951,55436.8,36496.2,110872,96.1697,-27.0045,54.8074,1327
45035.4,23979.2,124071,47924.2,35707.7,104858,98.2659,7.70744,54.8277,1328
45268.1,25130.5,121323,46754.9,34763.1,102822,153.233,6.01962,54.8357,1329
53344.1,29388.8,124823,56033.5,39962.5,106314,65.9718,20.986,54.8601,1330
46802.7,25293,124016,62750.7,45200.7,110483,152.138,-20.4916,54.869,1331
64527.6,36151.4,124244,41650.4,30204.4,98193.1,99.7793,-55.1739,54.8947,1332
59033.5,34289.2,120737,48330.1,35155.4,103807,186.78,-12.3903,54.9166,1334
61872.1,35467.4,124739,49339.5,36446.6,104299,128.223,0.78759,54.9166,1335
25358.9,12765.9,135423,58546.5,35902.5,121654,253.013,6.63848,54.9288,1337
50477.5,28985.9,119865,42329.9,30330.8,100485,84.9764,-1.1649,54.9327,1338
68299.1,35036.9,133945,55791.9,38400.4,107241,147.236,0.78759,54.9607,1339
74987.7,37619.8,134901,79009,53608.3,115047,178.7,12.9961,54.9721,1341
31432.9,17233.7,121490,44780.8,30874.5,107326,146.371,-3.177,54.9785,1342
27815.9,13810.2,139156,50200.2,31870,153453,152.253,-3.9183,55.0208,1345
43982.8,24766.3,123906,49074.8,33380.2,108178,112.51,-1.00605,55.0294,1347
56283.4,31524.2,121579,49644.7,33591,107572,172.445,18.6227,55.0321,1348
51981.9,28762.2,124987,60752.9,45381,110118,168.827,6.52596,55.0602,1349
75257.4,41565.9,127472,66124.2,47093,107707,71.5377,-2.9652,55.0667,1350
62033.1,37447.5,122070,39463.5,29172.7,101320,101.816,0.225025,55.1071,1351
69780.5,39731,123450,48100.4,35308.7,100850,105.829,-8.8956,55.1454,1354
48138.8,24595.7,132133,69399.2,41441.2,115084,159.913,-13.0786,55.1727,1357
66605.8,37725.6,124282,57275.7,42602.7,105609,153.752,-27.7987,55.1736,1358
77107.2,43668.5,127671,60960.5,47517,104559,249.167,37.1925,55.2337,1360
65579.8,33825.3,133777,70036.1,46988.5,115350,253.635,-9.26625,55.2358,1361
47755.8,26149.4,123684,48533.8,36175.7,102583,158.532,-15.0907,55.2441,1362
59913.5,33720.1,125227,64878.3,45430.7,107583,254.313,4.61313,55.2473,1363
52935.7,29808.6,121039,34790.2,25468.3,97452.3,115.877,-12.1256,55.2494,1364
52119.1,25222.1,135140,90712.5,53619.8,122778,209.237,34.041,55.2512,1365
81074.4,43239,131316,65839.1,44877,107833,150.697,2.47531,55.3046,1367
63986.2,36003.7,127024,56770,38570.5,107589,104.55,-30.2344,55.3311,1370
36491.3,17090.3,165355,42592.3,29302.8,135098,185.291,11.8708,55.3322,1371
54342.7,30942.7,127086,58772.8,43358.8,107036,164.228,9.50781,55.3777,1373
60719.6,35605.6,125731,46518.6,35002.1,103277,128.223,-6.93645,55.382,1374
68364.4,33903.2,137791,78169.2,49428.1,117035,206.67,0.78759,55.3844,1375
57508.2,31107,127502,47087.1,33515.1,105057,117.733,-8.7897,55.4021,1376
22582.9,11530.6,125336,45382.4,27617.7,111309,194.448,14.2902,55.4146,1377
82753.6,45678.4,131069,69122.3,48511.1,114884,108.677,16.5408,55.431,1379
65028.3,34493.9,128260,54261.3,36783.7,109157,111.871,-9.90165,55.4322,1380
70406.3,34512.1,139004,84272.3,50024.6,120574,191.302,-12.3903,55.4389,1382
54472.2,30845.2,122146,39346.5,27635.3,99829.6,80.9482,-2.8593,55.4429,1383
62633.3,33603.4,131151,55263.2,39886.9,106741,133.72,-9.2133,55.4922,1388
38958,20786.1,125058,61745,42672.9,113908,189.299,43.2141,55.5423,1393
59691.5,31464.4,131468,72825.8,48405.2,114960,236.817,-17.4735,55.5841,1394
44499.4,28324,115424,38889.9,29084.1,96999.7,189.07,94.5614,55.609,1395
80918.8,42376,133242,69977.6,47993.6,112936,146.256,-42.2012,55.6556,1397
74762.3,38749.2,132037,66726.8,44729.4,111460,168.712,71.8573,55.6764,1398
49620.5,28261.6,120119,60611.3,45623,107464,121.908,2.58782,55.6881,1399
24188.4,9980,144734,49546.4,28179.4,120860,84.8597,-0.15885,55.7281,1401
70952.3,37243.6,134726,75121.4,46619.3,114807,89.5265,-45.7488,55.7282,1402
63977.9,34971.6,127310,65115.5,46760,109724,110.942,-25.3101,55.7342,1403
65941.1,35713,128235,57690.7,40069.5,107567,180.535,-9.7428,55.7599,1405
70866.8,39864.1,128088,55617.1,39558.4,107962,134.587,-9.05445,55.7699,1406
67366,33993.9,137815,69280.3,41094.3,118718,105.596,6.97605,55.7829,1407
64404.3,33658.6,132118,61845.4,42910.7,108528,101.7,2.7566,55.789,1408
76060.4,45052.8,129813,68206.1,51256.1,110055,166.988,9.00145,55.813,1409
26321.4,16163.7,118208,40377.3,27575,103689,141.638,0.61882,55.8133,1410
70961.1,37109.8,133668,86942.7,61566.4,118003,303.086,-24.6747,55.815,1411
66677,31454.1,147657,91549.4,46177.8,129005,258.268,-11.2254,55.8176,1412
81826.6,41638.1,134018,68009.6,41656.2,115163,239.256,9.11397,55.8286,1413
64326.8,36528.1,121552,49611,36990.3,103056,147.929,47.2663,55.8483,1415
72302.7,36888.2,134971,77594.8,48668.4,118195,119.357,-6.72465,55.8705,1417
78582.1,38917.8,141439,80158.9,47906.2,120696,117.907,-14.2965,55.8707,1418
52916.1,28128.4,131297,63377.8,40202.9,117322,183.859,15.4718,55.8727,1419
47526.6,25972.7,129242,51639.9,33838.5,112845,64.4303,29.8205,55.8746,1420
53731.9,28508.4,135133,60723,37457.4,113910,256.913,-2.0121,55.9171,1422
65456,37408.8,123549,42051.5,32162,98208.6,121.966,-30.6051,55.9719,1424
56748.9,28537.6,136094,99074.2,60015.7,122539,250.751,-5.5068,55.9871,1427
80383.6,40597.8,134650,74304.5,46624.1,116595,166.47,-23.3509,56.0139,1428
76387.5,42370.9,128392,67479.6,47225.1,110045,197.021,11.0269,56.0169,1429
71484.4,42586.9,120641,53821.2,42619.7,100211,136.9,-7.0953,56.0177,1430
63146.2,37164.1,122920,45273.8,32718.9,102904,117.501,4.61313,56.0411,1431
65046.1,36459.2,126444,55961.6,41795.8,102988,90.2844,-24.0393,56.053,1432
69868.3,39518.4,125516,50542.9,36557.6,104793,167.792,9.2265,56.0881,1433
76123.2,43021.9,131117,72527.6,46839.5,111510,212.087,2.13776,56.0961,1435
67346.4,35733.2,131314,61041.1,42336.4,110315,208.381,13.615,56.0966,1436
25305.6,20575.7,98066.8,60961.6,54705.4,93232.1,126.891,27.9072,56.1027,1437
63953.4,35338.4,124074,51814.4,38412.2,102351,76.8587,23.912,56.1224,1440
25689.2,14754.3,135379,68208.6,36640.9,126395,135.744,4.78191,56.1473,1441
63102.6,36142.3,128714,76646.8,53647.1,111821,115.587,20.1982,56.157,1443
63791.3,35211.3,127250,54454.5,39068.6,105734,99.3719,19.4667,56.1756,1444
73630.7,37697.5,135045,61675.8,41607.2,110870,150.351,-30.9757,56.2826,1447
53290.3,31011.4,124441,45752.3,33929.6,100709,125.095,-14.8789,56.2898,1448
77033.6,43611.8,127888,58153.8,40241.2,108358,100.652,5.6258,56.2998,1450
74677.4,41860.7,131316,71395.3,51215.6,111626,210.035,4.05054,56.3331,1452
65738.3,37429.3,124331,53203.8,38867.5,103622,95.5873,41.976,56.3336,1453
68408.6,36578.3,127734,62070.3,44156.6,110159,162.388,16.5408,56.3375,1454
59526.9,33459.2,122251,41605.7,29982.2,99677.1,164.286,3.93802,56.4122,1456
66943.7,37480.9,124709,48873.1,35479.2,102920,127.528,-14.9848,56.4354,1457
62127.9,29327.6,145870,106518,58913.9,129199,186.265,57.5658,56.4602,1458
42574.4,21731.7,127458,63126.4,46659.5,109238,82.6416,-26.7927,56.4615,1459
64037,34673.8,127454,66740.7,47047.4,110150,156.747,11.8708,56.4937,1463
60466.4,33879.1,121520,35725.7,26681,100583,93.8397,32.3528,56.5039,1466
42964.5,20991.7,140686,91697.8,55269.4,124586,300.846,-14.9848,56.5252,1468
77531,43873.7,131545,62340.6,46285.8,110451,156.574,-2.3298,56.5325,1469
81972.8,42148.7,133403,73005,48594.9,117437,266.057,-5.34795,56.5429,1471
48904.5,27798.5,123691,53072.1,35306.9,109173,116.631,29.6517,56.5505,1472
63451.2,34430.4,135046,89707.4,61465.8,117497,240.503,-13.2375,56.5716,1474
63453.9,33968.5,134532,79953.5,55127.4,113971,232.448,-34.3645,56.5798,1475
73309,40583.1,127586,75746.6,53982.3,111420,170.78,-50.1437,56.583,1476
68760.4,34529.7,136410,80161.2,47980.4,121552,266.001,2.02525,56.5859,1477
50738,26583.5,124350,66764.2,47370.5,107419,144.063,0,56.6396,1478
70383.6,38254.7,128129,60448.6,45373.6,104687,168.884,-7.25415,56.6414,1479
58325.8,31859.8,126870,52889.6,38379.8,105133,114.484,-11.0666,56.6681,1481
75134.2,37349.3,136133,78691.9,45680.3,120827,200.106,-14.2965,56.6704,1482
37750.7,17013.6,144879,30826.6,16516.9,114884,132.794,35.054,56.671,1483
66429.6,35702.6,126355,53190.1,38555.5,107596,154.385,-14.2435,56.6757,1484
67208,35589.7,128413,65213.6,44661.1,108277,91.1006,-1.74735,56.728,1486
58820.9,33415.3,127824,56562.3,41955.4,108955,190.272,5.79458,56.74,1488
53480.6,29319.5,127234,50311.8,35730.2,105063,168.022,-25.8396,56.7804,1491
22164.4,11749.3,121063,63796.4,44009.5,111355,98.848,-13.5023,56.82,1492
60695.1,36036.5,124831,45254.1,33341.3,103999,44.5704,-3.97125,56.9612,1500
74864.4,41492.5,130553,64949.3,46140.5,110858,231.71,0.61882,56.9889,1501
61724,34370.2,126799,54298.5,39779.6,104639,141.407,42.8765,56.9939,1502
63231.2,36316.8,121741,63650.3,50885,103629,184.432,-6.40695,57.0192,1503
67181.4,37146.9,126282,52270,37465.7,103394,66.5043,-21.6566,57.0525,1505
78159,41668.7,133787,80640.1,54473.7,112145,96.2279,21.2673,57.1074,1508
69682.5,38972,127596,66654.2,47886.8,108573,125.095,13.615,57.1246,1509
64677.2,37330.4,127622,58715,42899.7,107197,140.425,-17.7912,57.128,1510
60011.6,28457.7,144600,86340.4,53385.4,123881,226.201,60.9429,57.1579,1511
45802.5,23967.9,123689,49009.7,34605.1,105108,66.2115,-15.3555,57.1691,1513
60514.5,30824.5,131472,65250.3,44313.3,110140,128.57,-25.3101,57.1712,1514
71270.3,37570,128800,69060,47048.2,110653,111.116,1.06887,57.177,1515
48692.5,26780.6,121814,42923.2,31967.8,100928,81.1235,25.8252,57.197,1516
65565.6,36809,121800,49124.3,36733.8,102806,115.064,-15.2496,57.2161,1517
67750.3,38330,125713,56711.5,42519.6,103785,106.178,-3.01815,57.2306,1518
54899,30068.3,126828,51132.8,34847.6,110004,163.423,-11.5961,57.2466,1519
56987.4,29487.2,128918,59207.3,40618.2,108063,84.0426,-4.5537,57.2584,1520
63713.8,37659.3,124548,54616.2,39376,104671,123.067,-10.0075,57.2636,1521
70200.8,40133.6,123789,52584.5,36554.2,106316,157.899,2.92537,57.2675,1523
58358.8,34394.5,127617,64768.5,47487.8,110013,71.9472,-17.2087,57.2724,1524
34444.3,18167.6,119745,54595.8,39637.9,110839,202.105,17.7224,57.2774,1525
64698.3,34378.2,127822,51185.1,35099.3,107771,136.091,2.19402,57.2808,1526
73205.1,40265.6,127289,58020.6,41574.4,106454,161.352,-15.5673,57.2836,1527
58272.8,34081,120355,40158.4,30626.8,99812.5,116.457,-20.2799,57.2884,1528
69276.4,35851,130688,60632.8,40708.2,110922,126.022,2.98163,57.2896,1529
39049.2,20445.2,125295,66789,49517.2,108346,205.814,-2.9652,57.2935,1530
64577.1,36719.3,123907,48234.1,35373.1,103686,90.2844,-1.2708,57.3079,1531
64318.5,34170.4,130906,64975.7,49608.3,106942,145.563,-14.2435,57.3117,1532
65648.9,32985.9,131656,63751.4,44088,111900,317.063,-32.7761,57.3437,1535
58423.7,29765.4,128962,65991.4,45490.3,111913,104.026,-2.06505,57.344,1536
31706.5,17921.7,124196,37183.3,27304,97267.1,125.848,24.8686,57.3958,1537
78601.3,39944.5,134275,77165.6,50205.4,116356,228.246,-16.8381,57.4154,1539
62731.6,34255.9,128078,60297,41213,111819,81.7658,-17.4205,57.4263,1541
81300.6,40352.6,135820,77785.8,48877.9,117177,191.188,54.1326,57.4431,1542
57833.1,30795.8,127790,55695.8,37689,107865,129.959,0.168769,57.4565,1544
54318.4,29973.1,124745,52179.7,39407,104990,65.8532,0.112512,57.4889,1546
28582,15539.7,117310,39648,27772.5,102200,155.825,7.53865,57.4911,1547
74935.1,39009.1,130643,62433.4,41268.4,113748,174.512,26.0502,57.5012,1548
68348.4,37654.1,127970,62939.3,45842.6,109205,95.529,-8.10135,57.508,1549
69215,35708.8,149375,92109.4,48775.3,132265,232.789,-22.0272,57.5236,1550
49167.3,26948.4,131840,78037.1,53468.2,116545,292.718,7.98874,57.5466,1553
29590,24566.1,96760.2,32920.1,27706.1,87604.1,103.503,18.3414,57.5732,1554
65473.9,35989.6,130881,66162.3,44827,108340,263.631,-24.0393,57.6032,1555
79534.7,40549.2,135834,74447.7,50973.6,115245,180.248,-33.1996,57.6199,1556
72177.5,36848.9,131654,69279.4,48534.1,111594,136.9,2.98163,57.6234,1557
73018.2,37638.7,131832,52043.3,34088.6,110657,128.917,-15.1437,57.6325,1558
54117.5,32796,117611,31300.3,22994.5,95538.7,189.815,17.6662,57.6575,1559
58270.7,30579.5,127329,63618.8,44248.3,109423,277.774,2.30654,57.7256,1565
24495.9,14012.2,111133,62840.4,43258.5,110451,129.323,-1.6944,57.7348,1566
68765.8,33597,135581,77077.9,49665.6,118507,231.824,-18.2148,57.7378,1567
79060.8,42517.6,130707,74333,49886.5,109691,139.963,22.0551,57.7545,1570
63938.4,32316.7,135454,90499.9,60754.4,114622,157.553,-14.8789,57.7567,1571
64684.2,36009.6,123204,60298.9,44640.1,106589,156.574,11.4207,57.7614,1572
37146.5,20080,144575,86463.1,49842.4,135693,325.877,-5.34795,57.7624,1573
66265.3,35976.3,128093,66449.7,46277.3,108453,134.992,3.99428,57.7645,1574
66976,36893.9,125133,56842.2,43272.8,104463,75.7481,-6.72465,57.7866,1575
70708.2,38723.5,127429,53346.8,35541.8,107223,185.349,-31.7171,57.8065,1578
62647.9,37417.7,121563,42541.8,32071.5,100078,152.887,-32.2995,57.8071,1579
54578,26812.8,135136,68097.1,41531.5,119446,155.883,-21.4977,57.8487,1582
73114.2,40051.8,126844,69864.3,51654.9,109164,95.8203,-29.0166,57.8866,1583
77470.8,39703.9,133932,79764.6,56032.7,113454,144.12,-18.9561,57.923,1585
58558.4,29396.4,131213,57664.9,36513.6,111245,126.717,16.991,57.9279,1586
73289.2,37481.6,137835,84130.4,56097.9,118440,176.693,-25.416,57.9566,1589
42087.9,22987.8,123705,55219,41885.1,105240,54.174,5.00695,57.9996,1590
58224.6,31575.9,127410,62264.3,42786.2,110003,61.3475,-7.0953,58.0414,1593
41325.4,24259.5,122113,53144.2,37065.3,107399,89.06,-0.7413,58.043,1594
66523.1,36821.9,126570,61677.2,44699.1,107306,119.821,8.83266,58.0527,1595
62377.9,33884.3,128519,63668.1,42912.4,111589,95.7038,17.3286,58.0685,1597
65025.6,37514.7,122555,44684.6,33561.7,99773.4,153.867,-16.2556,58.0947,1598
51435.7,27984.6,122234,45199.3,33429.9,100353,45.341,-0.47655,58.1069,1599
60458,29997.2,142770,71343.9,41058.8,124252,142.908,83.554,58.1173,1601
70246.9,38607.3,127835,58500,41637.8,107519,151.504,-8.1543,58.1537,1602
27783.1,14419.4,121522,58155,41812.1,107993,144.236,-12.3903,58.1878,1604
69692.4,35952.2,130863,73157.5,48388.8,110265,167.965,-23.298,58.2129,1605
22778.9,12227.1,121411,68039.7,44959.3,114767,182.312,25.1499,58.2215,1606
56634.3,31765.2,127821,58388.4,38961.1,107589,95.3543,-65.2344,58.2225,1607
57795.4,33584.3,121570,43464.7,32001.3,103001,94.4805,-34.2587,58.2342,1610
59592.2,34190.6,121111,41560.2,31869,97439.7,94.364,24.756,58.2959,1613
45448.3,25464.4,128315,59172.6,40820.3,110168,189.872,1.06887,58.3159,1614
61426.1,35846.5,131327,92995.5,54500.6,122175,127.817,-7.67775,58.3286,1615
75451.2,39627.2,131763,77015.3,53704.7,113287,210.149,-35.5294,58.3342,1617
69073,36068.6,130736,61029.8,42472.4,108494,196.963,-7.6248,58.365,1618
79752,41553.7,134081,77565.1,52472.8,111896,252.561,29.3703,58.4071,1622
67489.1,36080.1,128304,72983,53401.1,110010,173.536,0.112512,58.4365,1625
64538.9,33412.8,131550,56294.3,38589,109766,89.9346,40.0626,58.4516,1628
56044.5,31593.9,122288,48551.2,35811.7,100754,94.0144,23.293,58.4658,1629
58753.2,36866.3,120321,38574.3,30910.9,93777.6,64.1339,-13.3434,58.4716,1630
58301.1,32718.5,124160,48300.1,33514.9,106313,123.879,-32.7761,58.4813,1632
61210.4,35078.5,128827,52161.9,36385.7,107139,166.011,37.6989,58.4856,1634
72180.8,41149.2,127110,55577.6,39031.3,105457,156.401,47.4914,58.4857,1635
78008.8,41570.4,134533,61296,39198.6,113654,197.078,54.0763,58.4991,1636
49778,29988.8,128183,67940.8,52926,108191,139.847,24.3621,58.5415,1637
73316.9,42724.9,125058,61442.8,46828.6,103945,69.3142,37.9803,58.583,1638
63530.1,34543.5,126665,53341.3,39318.8,104558,157.323,14.1777,58.5986,1640
67564.8,36782.1,125051,57462.4,42454.8,105495,164.113,-21.8684,58.6066,1641
30999.3,15545.3,124789,55445.6,39317.8,110240,175.889,-4.81845,58.6072,1642
57645.6,32676.4,123754,47927.4,35065.6,102558,92.7908,-5.0832,58.6172,1643
73257.8,40376.4,128920,64822.6,46117.2,108109,231.143,65.0823,58.6369,1644
72333.1,40064.5,126705,57745.6,42693.9,106606,173.192,11.3645,58.7318,1650
25295.7,10639.3,142466,43361.8,31756.8,114745,81.0651,-8.10135,58.7357,1651
55556.5,30382.7,124375,61247.4,43890,107490,82.3497,-1.32375,58.7405,1652
67380.6,39384.2,124154,52427.9,40302.8,102673,131.406,-1.21785,58.7543,1653
61279.8,35816.3,121651,40615.3,30844.3,97627.2,153.291,19.2979,58.766,1654
59833.4,33543.6,126937,46391.2,36108.3,100409,73.8772,-14.9319,58.8089,1657
72956,39788,126555,54901,38196,107100,144.467,-33.4644,58.822,1658
51331.7,27726.7,127179,57660.8,41740.1,106407,96.6938,-18.7443,58.8853,1659
78389.6,43807.8,127699,68387.4,49577.7,110549,163.826,10.183,58.8912,1660
64297,32247.4,134994,67142.4,43802.3,116277,157.668,21.9425,58.9005,1661
68951.2,38844.8,125353,46499.6,34795.7,102283,177.955,-30.8169,58.9109,1662
57838.4,30928.4,127440,63805.3,46878.8,108315,303.198,-72.1709,58.9236,1664
73742.7,39534,128963,63418.6,44072.3,112472,154.212,-14.2435,58.9431,1667
60265,32281,134882,96418,59120.8,132516,306.165,-23.2451,58.95,1668
55333.2,29542.6,127244,45478.3,29980.2,107521,71.0111,10.9144,58.9567,1669
30998.3,14635.8,136377,61262.3,30526.6,121140,343.457,2.25028,59.0298,1671
64350.6,35730.9,124131,50910.5,36217.3,103194,132.158,13.2212,59.0382,1672
47538.8,25259.4,131178,64163.4,44075.8,112694,126.659,-4.18305,59.0402,1673
64421.6,32829.5,141330,84664.7,51584.6,123834,179.216,-60.4689,59.0414,1674
67584.5,35873.6,128259,56854.4,41689.3,109955,151.389,5.11946,59.0597,1675
57677.9,32981.3,121033,45739.5,34473.3,102536,93.3153,-38.4417,59.1006,1679
58032,28109.5,139082,93135.1,54836.5,122299,275.185,-0.37065,59.1041,1680
71138.3,36795,140941,76700.8,44836.5,124176,201.591,-22.6626,59.1217,1681
74629.9,39674,131265,59637.5,40619,110564,217.839,49.6863,59.1269,1682
62411,35808,120316,43838.8,32051.3,100665,92.7908,19.9731,59.1357,1683
63796.3,38469.8,126220,65894.1,49309.1,108216,124.864,-0.9531,59.1492,1685
25035.1,13786.4,121502,53052.9,35875.1,107279,126.775,-3.6006,59.1544,1686
63100.3,31465.6,131858,60356.9,39391.3,111780,225.803,0,59.2165,1690
50942.9,27860.9,124839,53782.6,36634.7,107817,154.846,-11.1195,59.2465,1691
76005.5,40779.1,131128,58105.5,39503.7,108084,133.662,-7.67775,59.2501,1692
74747,38462.6,134413,58489.4,39873.8,110908,220.799,-14.1906,59.2509,1693
67935.8,36719.4,127004,58411.5,40905.7,108449,160.892,0.393794,59.2985,1694
67882.6,35290.3,136003,65646.6,43700.1,112747,141.638,7.65118,59.3387,1695
63719.2,35277.6,124267,54323.3,37680.3,107393,167.16,6.1884,59.3457,1697
71377.6,36881.3,138110,85338.8,51641.9,119299,141.926,-20.5976,59.3475,1698
60648.3,36104.2,134618,50836.4,32503.5,141779,259.85,23.7432,59.3601,1699
55870.1,30340.7,122147,51750.2,37974.1,103093,171.469,19.8606,59.3607,1700
76215.9,42269,131163,57879.9,41352.3,107475,171.814,3.26292,59.3731,1701
69659.1,35861.5,135073,79571.9,51041.4,117740,185.807,-13.8729,59.392,1703
63683.4,35085.5,123669,46426.7,31824.9,104356,94.7718,-6.72465,59.4032,1704
75752.6,41527.5,129564,68316.2,47778.3,110062,176.865,20.3107,59.4171,1705
60058,32235.7,126922,45054.4,31878.1,104623,12.1484,-2.3298,59.4276,1706
62680.8,34548.8,128264,54161.5,38657.9,105183,113.845,-20.3328,59.4498,1708
82299.5,44228.2,134582,73555.2,56301.3,109763,123.299,12.9961,59.457,1710
67008.6,35153,127347,60174.6,41759,109873,109.258,7.42613,59.4635,1711
56115.7,28011.5,131278,95418.5,64747.7,117953,212.6,1.57519,59.4697,1712
74992.8,40504,134978,68268,46326.8,113515,217.327,18.2288,59.4716,1713
39633.1,21665.3,122375,64432.4,48446.7,107439,217.839,2.64408,59.4764,1714
48290.9,25646.4,133539,94748.8,61851.6,116473,328.105,1.91273,59.4772,1715
52510.9,28878.3,122104,53046.7,36692,106231,128.396,23.2367,59.4939,1716
67405.1,34840.7,131314,69242.7,47385.8,111056,179.159,-23.8804,59.5184,1717
63967.3,39611.6,120924,44912.6,35192.5,97550,93.8979,-6.40695,59.5259,1718
62445.1,35224.8,128323,55157.8,38007.2,110288,156.401,-13.9788,59.5551,1719
71260.5,37315.9,135255,64398.6,43238.3,114529,152.599,22.674,59.5837,1721
54470.1,29936.9,122094,52474.9,39269.3,103481,80.1306,6.58222,59.5843,1722
42908.3,26130.9,120693,49370.3,36713.6,105437,199.306,-17.2087,59.6039,1723
61267.4,35334.3,121610,54964.9,42315.8,99282.3,95.8785,2.70034,59.619,1724
66974.1,37063.7,126157,54472.7,41549,104690,128.859,-6.2481,59.6272,1726
77030.4,38289,135793,76727,50559.9,115081,250.355,1.57519,59.6488,1727
75249.6,40574,134219,73730,50637.9,114075,148.39,-24.2511,59.6736,1728
61862,36601.2,122571,45612.3,33218.5,101207,117.675,-39.7125,59.7313,1730
71374.9,36890.3,131539,61820.6,42231.3,111061,185.291,42.7076,59.743,1731
29940.1,16831.8,117682,39928.6,27523.7,103224,126.312,23.5181,59.7811,1733
68521.7,38737.8,124262,48102.2,37031.1,101320,59.806,1.6877,59.7892,1734
59934.6,33883.8,124892,54054.6,37237.2,108499,145.852,34.2098,59.7966,1735
60017.1,29431.1,135923,80021.9,50491.8,118585,216.587,62.7478,59.8655,1736
64997.4,37689.4,127274,76197,55326.6,110013,253.296,8.66388,59.8746,1738
23093.8,12903.1,116826,35393.7,26188.3,96962,165.723,4.1068,59.9356,1739
49505.9,27411.3,129927,66543.8,44112.4,110939,189.242,38.0929,59.9551,1741
59213.8,28892.5,134659,53435.8,33305.2,115085,121.561,-22.0272,60.0066,1743
73251.3,43631.3,127317,58266.6,41311,106986,134.183,-2.27685,60.0182,1744
66500.4,34150.8,136332,63638.1,42888.5,114109,117.907,-20.068,60.0685,1747
78610,43027.6,128219,65014.2,45690.6,110558,204.502,23.9682,60.1205,1749
61768.5,33401.6,129049,64541.4,43897.4,107275,123.067,-5.9304,60.1287,1750
69782.4,35803.2,134238,81915.8,53779.8,117018,175.602,-40.6126,60.1918,1753
76520.6,41325.9,133868,66471.6,47220.6,114941,184.432,-16.6263,60.2352,1755
68263.9,36772.6,128515,61068.5,48198.5,105678,86.3768,-1.21785,60.2352,1756
52728.8,26870.6,129038,61323.3,40155.2,115339,119.589,-2.0121,60.2518,1758
66723.2,35804.3,130670,57975.3,39222.4,110446,159.51,0.675077,60.2832,1759
72002.4,38464.6,126906,53455.2,37029.3,105085,111.988,2.64408,60.2906,1760
78097.5,42175.2,131405,75707.4,53482.5,110528,177.324,-1.11195,60.294,1761
61933.3,34180.8,131346,65114.7,45657.7,110742,210.434,-30.1285,60.3481,1763
67529.1,37408.8,128189,55142.8,38756.5,108595,149.601,8.38257,60.3495,1764
76958.8,40274.5,131940,69729.4,45678.2,111276,109.258,-6.72465,60.3649,1766
76296.7,41168.8,132525,57907.9,38899.9,112420,206.1,-1.1649,60.3764,1768
60676.2,34557.3,123830,48833,33837.4,104492,107.049,8.045,60.3975,1770
43313.3,24287.5,125045,59078.1,40813.5,108036,213.056,-3.33585,60.4282,1771
73666.8,39580.3,130654,54880.5,39883.6,107004,120.633,-23.4039,60.4406,1772
73158.9,41238.8,128261,65392.7,46723.4,108002,118.835,-10.2723,60.4493,1773
70594.6,36094.6,131146,60379.3,39977,110811,178.643,16.9347,60.4727,1774
73763.8,37530.2,139000,85463.3,58220.1,116790,219.718,-13.8729,60.5142,1775
60647.9,33533.4,124513,47885.4,35804,101455,106.294,10.0142,60.5157,1776
49105.3,26479.3,121158,42070.9,30859,101069,105.945,-37.3298,60.5196,1777
58361,33390.2,121038,44759.1,32642.1,101647,72.2981,-4.236,60.5732,1782
68422.9,35781.9,132222,76460.2,48158.5,114563,157.38,-12.4432,60.5742,1783
66699.4,35421,131648,78459.3,51998.6,113744,226.201,18.7915,60.5909,1784
67768,37854.6,124666,55436.3,41230.9,102793,148.621,37.0799,60.5924,1785
61720.3,34948.9,127374,69464.1,51412.3,110306,146.14,-28.2753,60.6753,1786
63171,36592.8,124155,52078,41274,102619,103.037,-4.92435,60.7148,1787
58123.5,35431.8,118464,39937,32072.9,94074.4,59.4503,-70.0528,60.7269,1788
65943.6,38362.5,123468,41702,29961.4,103214,98.0912,0.61882,60.7386,1790
67736,36711.6,127668,61091.7,40559.6,110424,240.956,-38.7594,60.7495,1791
79382.9,42563.3,135794,68423.4,42479.9,115122,111.349,-9.2133,60.7557,1792
60097.1,34153.8,130981,67699.9,43783.7,115423,96.1115,-36.006,60.7639,1793
72346.2,35576.5,142871,86383.2,49391.1,122525,234.151,-28.8577,60.7677,1794
61412.7,34034.3,126612,52107.2,36384.2,107010,159.568,22.1113,60.7692,1795
64798.4,34903.2,127521,51068.8,36927.3,103526,180.764,130.517,60.7857,1796
69149.5,35414.2,138450,84912.6,53417.8,121833,166.528,-0.90015,60.7938,1797
61568.7,33941.1,126339,52290.6,37170,107607,169.057,-1.11195,60.824,1798
34148.8,18155.1,126230,49068.8,33933.7,111256,164.803,-31.9289,60.9135,1802
54502.9,33282.5,121203,40867.6,30169.4,99917.8,82.9919,9.2265,60.9272,1803
68085,34845.9,132351,77337.2,53116.6,115381,193.133,6.69474,60.9412,1804
60516.1,34071.4,128553,56959.4,41435.8,106718,115.761,6.69474,60.9462,1805
66438.5,37813.7,124262,48529.7,35744.2,102899,137.767,0.393794,60.9466,1806
43776.5,21570.6,129667,66900.7,46545.1,114735,149.082,14.0651,60.9514,1808
72429.5,37183.5,134282,68961,40094,117256,196.792,-8.63085,61.0001,1809
69021.2,35834.3,135716,77286,50774.5,118930,202.39,0.393794,61.0408,1812
78582.8,41391.3,134851,81561.8,49639.2,117160,309.409,66.9713,61.0419,1813
57881.1,31386.2,125682,42415.9,31417.9,102974,70.192,-20.174,61.0514,1816
70392.3,38410.5,129891,63807.2,42838.4,110476,169.229,-10.8547,61.0537,1817
68884.4,39871.7,124743,55724.3,43921,102753,77.2093,-0.8472,61.0666,1818
66072.5,34091,135103,66656.1,42006.6,115651,151.965,31.7338,61.0862,1819
61251.8,34061.5,128229,45539.9,31023.4,104608,107.572,-6.7776,61.1456,1821
68282.4,38683.8,131706,61141.3,47389.8,106536,185.921,17.3848,61.209,1823
59908.4,32105,127041,58752.9,42426.9,111352,132.852,-19.4856,61.2265,1824
63431.4,32833.7,131739,77404,56361,114153,116.341,-1.1649,61.2287,1825
77742.6,41027.3,131234,64758.3,43191.9,112053,113.729,21.211,61.2632,1828
59862.5,32973.7,124620,44289.1,32469.3,103561,113.033,-10.9077,61.2924,1831
47623.6,27319.8,121856,40511.3,29470.2,100592,65.7939,8.10126,61.3035,1832
69572.9,38247.5,130741,52289.5,36171.8,107076,107.34,-1.4826,61.3036,1833
46716,27374.5,123733,42885.4,30293.9,104122,54.7669,0.225025,61.3329,1835
75432,40068.2,129835,72836.8,50159.6,113548,211.688,14.7403,61.3788,1837
67486.3,34113.3,135946,80710,52854.4,117157,236.817,1.23765,61.3879,1840
57898.9,33372.5,131312,70062.9,47688.1,117130,181.624,-47.4432,61.3947,1842
72605.6,37927.5,128988,64894.5,44075.8,110011,184.432,26.4441,61.4219,1843
41969.3,21031.9,129426,61962.3,44369.5,111722,203.475,5.85084,61.4304,1844
57172,31071.1,124629,48315.8,34490.7,103754,173.479,43.8895,61.4791,1846
74121.9,42295.1,135501,66935.3,45436.8,117701,192.847,99.532,61.5223,1848
36155.5,17982.6,131286,84409.1,47747.2,126982,521.625,-3.7065,61.5353,1849
81694.8,41191.3,136363,66996.9,44536.6,114418,209.75,-24.6747,61.5741,1851
43394.1,23756.3,120096,43099.7,31427.3,101050,146.486,80.6738,61.5761,1852
77544.8,41551.2,129409,74011.8,57517.1,110472,170.837,15.8094,61.5873,1853
73736,38911.9,131323,69373.4,44296.2,117474,152.772,-54.9091,61.6382,1856
40892.1,23188.9,129218,69347.4,49005.5,113207,236.647,-11.702,61.6662,1857
62233.4,34341.7,121567,64620.8,47361.9,105274,136.842,-12.8139,61.6847,1858
45877.8,24851.4,124503,52849.6,38347.2,107719,98.848,5.00695,61.6847,1859
67783.5,35738.5,128832,56412.3,38750.5,107234,110.361,-65.9228,61.7091,1860
63551.2,33118.4,130380,61342.3,43313.1,111279,158.302,58.185,61.7097,1861
62919.6,34546.9,126923,46412.3,31424.5,103546,146.544,23.1805,61.7119,1863
48665.9,26883,122901,62103.4,45082.2,106855,125.906,-6.5658,61.714,1864
69668.5,36745.1,128476,57003.1,38409.1,110371,92.6743,7.48239,61.7179,1865
68367.9,37048.3,127911,50717.7,36137.8,106973,122.024,-9.8487,61.7184,1866
67707.2,38282.4,128337,59439.4,38968.3,111014,183.057,-14.5612,61.722,1867
52011.1,30754.5,119460,49267.3,38214.7,100409,115.297,32.1277,61.7449,1868
51249.7,26702.2,127341,71785.9,49312.5,115373,184.547,-18.3207,61.7953,1870
36055.8,20609.8,125077,55245.2,37597,107509,165.148,20.3107,61.798,1871
61532.5,32733.7,131940,81928.4,58346.8,114097,262.898,23.2367,61.8016,1872
42440.2,26973.9,114426,28975.8,21870.7,93459,52.0398,18.7915,61.8027,1873
46569,25871.5,135124,61089.2,39453.2,113618,137.536,-13.5023,61.8156,1875
31185.3,17119.1,114014,64101.4,46384.9,108424,187.582,-3.8124,61.8233,1876
75266.4,42189.6,128716,59146.8,40593.1,110853,168.884,-26.2632,61.8702,1877
61780.8,35320.7,124146,49337.6,36822.2,103951,109.548,-13.6081,61.9026,1879
77780.9,41080.1,130194,70450,53145.2,107502,134.761,5.6258,61.9244,1880
69502.9,40109.9,123515,51585.3,38065.3,103957,134.067,21.8863,61.9289,1881
59691.2,32901.4,124393,57711,39510,108077,138.171,18.0038,61.9348,1882
65874.5,37697.4,124475,60559.1,44246,105100,88.5934,-2.6475,61.9386,1883
51205.4,27617,126721,72551.1,51866.9,110457,155.48,-40.295,61.9529,1884
66613.2,37038.6,124814,53740.4,38327.4,104494,136.206,-36.5885,61.9749,1885
55521.1,32336.6,119537,48340.2,34615.4,102684,133.488,11.5895,61.9895,1886
59887.9,32068.3,124644,56936.7,42511.7,106769,168.08,-18.6913,61.99,1887
80145.7,40181.5,135683,64895.4,41370.4,115458,190.215,-50.1437,62.0208,1888
65199.6,37947.8,125231,45137.2,33826.3,101826,103.91,-14.1906,62.0374,1889
52689.8,30054.8,120124,41963.7,32361.2,97140.9,72.2981,31.6775,62.0915,1890
71357.4,39137.1,129765,59012,38901.2,109755,74.7543,2.41905,62.1149,1892
36304.6,19691.5,117855,36486.8,26357.8,98289.7,26.1356,18.7915,62.1318,1893
67893,37295.9,129062,49524.8,34432.4,105074,160.201,-31.3464,62.1465,1894
63941,33959.7,126609,51848,36175.6,105545,111.407,1.06887,62.212,1895
62674.9,34423,124113,46443.9,36405.7,99489.1,92.0332,-33.4114,62.2123,1896
66695.2,37225.6,123417,47980.4,36529.1,99969.2,76.8002,18.8478,62.2198,1897
64290.4,34335.2,131217,54094.5,37006.6,108139,177.897,-14.9319,62.2254,1898
62451.2,35120.5,121351,41900.4,31241.2,102132,93.4318,-11.8078,62.2281,1899
51617.2,27046,127135,53213.2,33298.4,112019,138.634,33.2532,62.2779,1901
69408.4,36422.2,131959,82674.8,55619.1,113904,205.757,-12.8669,62.3042,1902
63184.9,33255.9,136936,85020.2,52546.1,120859,235.116,41.1318,62.3109,1903
68823.8,35686.7,131451,80053,55065.7,112394,313.154,-68.4114,62.3331,1904
37934.9,23730.7,127663,55326,40978.8,115408,181.395,-7.9425,62.3359,1905
40683.4,24103.1,137473,67503.8,46535.6,114694,204.901,11.7583,62.3359,1906
51808.4,28205.3,143712,97801.4,63649.7,124174,277.267,10.5205,62.3883,1908
44446.7,22572,129396,73720.6,46585.7,116270,249.506,3.1504,62.4654,1911
70136.8,37215.3,134358,83127.4,56405,112714,127.817,-4.9773,62.4811,1912
44242.5,26215.2,127027,71085.8,50950,111902,182.656,49.3486,62.483,1913
49774.1,28434.2,121670,59987.2,46776.9,104325,102.747,16.4283,62.488,1914
55942.1,31216.5,126421,52054.3,35292.3,107992,61.2882,-38.9183,62.5189,1915
68562.3,37694,127360,57256,42832.3,104109,131.811,-41.9893,62.5476,1917
49389.9,25239.3,129270,57977.6,38447.3,111213,78.378,-0.9531,62.5647,1919
58625.4,31850.9,124800,44866.3,31763.7,103650,116.979,-8.73675,62.5673,1920
64057.6,32389.1,141049,87975.7,59074.4,122327,223.87,9.17024,62.5692,1921
64967.6,34555.3,128148,59549.7,39871.1,108164,95.296,17.8912,62.5717,1922
50153.4,26186.3,126918,55580.9,38076.6,107702,87.0769,-2.4357,62.5721,1923
56161.6,30793.4,124323,51547.6,42395.4,100348,95.529,3.93802,62.6446,1924
65807.7,38527.9,121704,44594.8,33093.4,102327,129.612,-18.5854,62.6456,1925
66936.2,37337.4,124718,43377,32302,103042,64.8453,-18.3207,62.6601,1926
66809.6,36459.5,128330,57366.8,40226.3,107616,62.3553,-10.4312,62.6739,1927
58052.8,32749.6,123819,44951.1,33032.9,100948,88.4185,-14.9319,62.6947,1929
69979.4,37348.2,134937,80137.9,49546.7,116535,227.394,-3.4947,62.6969,1930
60580.5,36771.2,125482,45697.7,34133.4,103297,215.562,57.0593,62.7111,1933
81251,44377.7,132793,72896.4,52642.2,108187,286.712,-28.4341,62.7299,1934
56228.8,29066.6,130592,71630.9,48985.5,114253,221.879,-1.2708,62.7555,1935
63637.6,31926.4,132070,65947.7,44116.8,114002,139.905,-29.1754,62.7677,1936
59136.4,28642.8,144062,104642,63419.7,129289,312.93,-21.6566,62.7913,1938
68933.6,35301.7,133799,60804.9,40811.8,109706,93.0239,-18.2148,62.9403,1942
74490.6,38172.9,131663,84609.1,53903.5,115165,184.661,3.71299,62.9504,1943
71687.9,40311.3,128171,51540.3,38951.3,103622,189.185,2.0815,62.9643,1944
50082.1,27554,125118,48406.1,33227.4,107101,89.4681,-12.9727,62.9674,1945
42051,20826.9,130357,65524.3,41357.7,115035,211.118,-5.7186,62.9766,1947
65174.1,37026.4,126620,57080.8,42660.8,103819,193.076,-7.57185,63.0189,1948
40255.9,20911.7,141185,48511.2,33314.6,109497,160.489,-8.472,63.1114,1952
72060.7,39778.2,127843,64476.6,48193.4,107482,149.544,7.53865,63.1167,1953
63173.2,33153.5,127420,63574.8,44987.1,110692,125.617,26.8943,63.1637,1955
49250.2,26420,127438,70512.5,48486.2,114449,122.314,-26.3162,63.1644,1956
61517.3,34987.9,125002,48169,36808.7,100560,99.9539,-33.0408,63.1869,1957
52415,25216.2,138431,67859.3,42538.2,120629,248.035,10.8018,63.2016,1959
76341.8,39497.3,135477,68162.5,46319.6,116918,209.237,-3.12405,63.202,1960
66230.2,38175.8,123724,49181.2,37315.4,103030,136.726,1.57519,63.2342,1961
48780.7,29877.5,117469,34128.1,25415.8,96851.3,35.8565,-12.2315,63.2809,1963
46204.9,24661.6,124262,57215.6,43030.5,104006,96.752,3.65673,63.2888,1964
61678.7,32805.1,126743,53022,38134.8,103616,91.3338,-3.97125,63.3115,1965
58625.5,33126,126980,49892,35933.8,104684,131.059,13.2212,63.3515,1966
61666.4,30282.9,136439,89212.7,56951.3,124888,299.558,-12.9198,63.3908,1968
64844.9,35400.9,127149,64575.7,46050.2,105550,167.907,13.7276,63.4689,1970
58264.4,33199.1,123702,49723.7,36164.9,104209,137.189,8.38257,63.4842,1972
52720.7,26028.7,135098,66957.1,41227.2,118328,135.686,-0.7413,63.4854,1973
50244.1,25974,126325,55089.8,37600.5,109465,108.096,-0.68835,63.5078,1975
44505,24153.7,127459,55343.7,39818.6,106927,129.67,-10.8547,63.5079,1976
64387.4,35993.2,128736,60946.4,44325.8,110038,105.422,-20.8623,63.5343,1978
47656.2,26388.1,124095,52515.8,38227.4,105640,102.863,20.2545,63.557,1980
65367.4,36061.3,124173,45919.3,33968.3,100955,151.907,55.8211,63.6312,1986
67142.6,36790.6,128214,61013,41663.6,111862,144.467,-57.0801,63.6349,1987
53476,31480,119895,37380.8,27803.6,96501.9,93.0239,31.9589,63.6458,1988
22708.4,12291.5,127470,50896.1,32435.9,109503,231.767,-12.4432,63.6577,1989
43057.1,23892.2,123533,57069.7,40019.6,111755,130.133,-21.3918,63.6782,1990
79920.8,45430.6,129179,65900.1,50730.2,106540,215.106,-4.1301,63.7012,1991
51181.7,27729.8,125159,54821.1,39371.7,105157,107.34,6.97605,63.7088,1993
76015.3,40344.7,131433,60527.1,42894.7,110083,79.0791,4.66939,63.7117,1995
61469.8,30780.2,131364,63281.8,44042.7,111623,222.107,84.1077,63.7118,1996
66170.9,36800.3,124358,49182.2,34744.8,103284,58.5018,-8.1543,63.7159,1997
53331,29300.5,131864,75886.6,53806.4,114016,153.636,-22.7155,63.7212,1999
68034,38094.6,131316,72013.5,47304.9,112307,145.852,-22.8214,63.7845,2000
42534.5,23874.9,129221,76039.2,54734.6,114807,198.335,-7.3071,63.7854,2001
76614.9,41891.6,135577,60581.8,40141,111555,162.733,-35.1059,63.7884,2002
65109.4,38083.3,122088,54704.7,42493.6,101470,123.879,-51.3085,63.8103,2005
81435.9,44391.3,134190,75947.9,50764.1,113736,263.293,11.0269,63.8257,2006
47868.1,23732.5,132404,65376.1,43902.4,114740,166.011,17.1598,63.8474,2007
66252.5,34248.1,131063,69909.5,44064.6,112195,191.646,-28.8577,63.8585,2008
66502.5,39519,122512,54163.4,41676.2,101065,109.49,-14.0318,63.8769,2009
53956.3,30639.2,124809,59168.7,39592,108100,122.314,1.51893,63.8846,2010
55078.3,30709.8,124400,50487.8,34690,107059,94.9465,-42.1482,63.9111,2012
74772.6,41590.1,127531,55864.3,39584.4,104311,166.183,32.8592,63.9288,2013
36118.2,19756,126798,50993.2,34408.7,110821,151.907,-6.08925,63.9785,2015
59317.8,34650,128564,63883.4,49088.2,110145,219.604,-20.6505,63.9967,2016
61264.7,34370.5,123831,47405.2,34112.2,103306,187.239,28.2448,64.0299,2018
80397,44767.5,137792,76192.1,48311.6,117382,163.596,55.4271,64.128,2024
64217.4,35401.4,125083,53463,38025.5,106690,123.879,1.51893,64.1927,2028
66172.5,36407.3,124122,47030.2,33753.1,104095,100.012,-32.7231,64.1946,2029
28367,15279.1,131367,41036,25647.2,115821,145.621,-16.0968,64.2043,2030
70265,36238.9,133826,63272.4,43109.2,115415,136.9,-21.233,64.2063,2031
72966.4,38724.6,132185,60603.1,40531.3,110428,141.464,-12.2315,64.2126,2032
60503.8,31644.1,130346,58297.7,40013.3,111948,144.063,-6.0363,64.216,2033
84360.1,43661.6,135289,73932.9,49946.7,116735,134.934,-28.4871,64.2214,2035
49646.6,27621.4,127566,65357.2,46940.9,110715,111.175,48.3919,64.2355,2037
61348.1,33126.1,133758,73148.3,48766.2,115042,161.525,-1.3767,64.2398,2038
65102.3,36545.9,124966,48651.2,36113.3,101202,119.357,-4.8714,64.2415,2039
69235.1,38357.3,127255,62611,46439.2,106303,128.686,2.47531,64.2673,2040
53944.4,29590.9,123085,54803.6,38811.7,109480,122.778,-31.6641,64.2887,2042
57375.8,31898.4,124745,54387.1,37946.5,109745,166.298,8.94519,64.3201,2043
62176.5,36109.4,124159,46665.6,36552.3,101407,77.4431,-2.59455,64.3808,2046
47506.1,33011.2,110638,60648.3,51901.8,95277.6,410.144,-4.50075,64.4056,2047
62213.1,33477.2,130696,65975.2,44670.9,112289,149.717,-30.5521,64.4323,2050
55374.8,30938.1,122338,42843.1,31158,100707,105.945,35.054,64.4347,2051
58494.2,34743.6,124299,52685.8,37014.1,104036,96.5191,3.20666,64.4457,2055
47008.7,23863.1,127382,63916.9,44002.4,112473,146.602,-1.00605,64.446,2056
31829.5,17179.2,117785,38006.2,27954,100129,71.8887,-4.60665,64.4584,2057
35512.1,20551.8,124238,56714.2,38438.2,109922,114.426,-3.65355,64.4584,2058
65879.8,35888.3,125453,50352.4,38367.7,103555,65.9773,-1.53555,64.4967,2059
65606.3,38127.8,124275,43184.4,31455.1,100710,122.372,-7.14825,64.5238,2062
70239.9,36788.5,130206,60556,41569.2,110111,203.475,27.1757,64.5274,2063
64362,35522.2,127275,61995.7,44026.1,107801,133.141,41.4132,64.5391,2064
65098.6,34236.1,128093,60940.3,40456.7,110647,131.232,-7.3071,64.5417,2067
59359.6,30986.9,130808,57495.2,42190.7,106820,139.211,9.00145,64.584,2068
68113.2,35560.4,129536,58527.5,41675.6,110438,173.536,3.20666,64.6062,2069
61376.8,35003.3,124104,42153.3,30775.6,102384,94.7135,-26.1043,64.6106,2070
74946.4,38057,138893,78255.3,51117.3,119898,162.503,-0.6354,64.6146,2071
40054.3,19622.4,129080,60632.8,37678.6,114228,130.596,55.7648,64.6191,2072
35293.8,19188.5,121628,45614.7,32710,102718,97.1014,3.37544,64.6243,2073
69070.9,39805.5,124235,49940.1,38726.7,100777,110.942,30.552,64.6686,2074
57930,29452,135375,79898.2,55676.8,116981,227.905,27.6821,64.7174,2076
73526.9,41507.8,127185,56479.4,40655.6,105722,101.932,-24.9924,64.7362,2077
76250.6,39830.2,130567,75396.5,52181.9,111599,236.25,-2.70045,64.7389,2078
61368.7,34110,132601,58256.7,40368.4,108628,76.4495,14.459,64.7527,2079
71710.3,39429.7,127195,51262.7,36278.6,105461,91.9166,-24.357,64.7726,2080
30481.8,16442.4,124627,58930.7,37496.7,110800,208.267,-54.1679,64.7766,2081
54046.4,29242.2,122412,47777.4,33906.4,105189,57.9089,-14.2965,64.7823,2082
82094.4,42676.6,135339,70925.6,47300,113287,152.599,-21.233,64.7933,2084
58338.2,32848,121224,52732.8,38679.6,103814,65.8532,89.8073,64.8204,2085
56621.9,32959.8,123910,41555.8,29541.2,101397,50.6171,17.9475,64.8336,2087
58766.5,31881,123266,59599.1,43349.2,107682,149.774,18.1726,64.8648,2091
24229.8,12821.9,120791,32297.8,20694,102130,151.331,48.2793,64.8667,2092
83410,43406.9,131977,67961.8,46391.2,114806,141.753,-21.5506,64.8924,2093
47726.5,24652.1,127356,53750.7,37434.5,105807,131.406,2.02525,64.893,2094
54748,29871.6,128062,49927.8,32804.2,108030,75.0466,8.72014,64.9335,2096
70480.7,38608.5,125029,53355.2,38477.7,104548,74.1696,5.79458,64.9353,2097
68512.8,37978.4,126665,50887.9,35544.9,104641,138.576,-4.18305,64.9507,2098
62197.4,34682.6,124697,56679.5,38395,107537,230.064,28.5262,64.9758,2099
76567.3,40426.3,132366,58689.3,38560.6,111233,182.484,-30.1285,65.0028,2102
54627.9,33151.2,118373,43728.9,32715.9,99968.4,151.216,23.8557,65.0235,2103
64896.4,37021.3,122793,42054,31095.3,99628.9,106.701,-9.6369,65.1092,2109
60794.8,34149.7,132328,66180.7,42870.4,114458,143.543,0.393794,65.1212,2110
55774.2,30706.9,124466,43645.3,31089.7,105137,93.8397,-13.714,65.1261,2111
69412.6,38352.3,125425,52941.3,37322.4,107307,149.486,43.8332,65.1612,2112
67437.6,36561.2,127753,54067.4,36312.1,107595,95.8203,-30.5521,65.1912,2113
21008.5,11522.9,109488,36887.8,28317.4,96036.3,78.787,-10.2193,65.1989,2114
30930.5,19728,113829,43891.5,32148.8,103249,125.964,12.2084,65.2202,2115
66237.5,35689.1,129499,60885.4,39759.6,109545,177.037,0.731334,65.2304,2116
71873.6,37434.3,131206,79468,57106.1,112451,207.982,-0.05295,65.2308,2117
60790.7,30265.8,132035,80440.4,56044,112235,280.024,-29.9697,65.2675,2118
47316.8,23948.7,131336,74473.3,48470.5,117874,110.768,73.8548,65.271,2119
78354.3,39166.1,138758,76854.6,46382.5,118342,140.482,22.0551,65.2932,2121
67518.6,36947.8,127477,48644.9,36154.6,103968,92.4994,-4.92435,65.3011,2122
72258.2,37653.4,138394,74804.2,47269.8,117188,118.023,-16.6792,65.3038,2123
31609.3,18310.5,124264,68128.6,55417.9,107185,263.801,-23.6687,65.3247,2124
61097.3,33108.3,127906,54451.2,37777.9,105003,86.4935,8.88893,65.3678,2125
80123.2,40275.5,136545,76968.3,52055.8,114443,194.162,-15.938,65.371,2126
58466.6,32349.6,123115,59059.8,41189.2,117500,126.485,-34.4705,65.3973,2129
57340.9,27537.9,139169,89131.8,58918.1,121899,263.688,-4.9773,65.4139,2130
67456.3,39132.2,122685,45674.4,33988.9,99455.7,95.4125,-42.4659,65.419,2131
78005.2,39137.8,136277,70854.2,47063.6,114668,148.736,8.60762,65.4532,2133
51500.3,29972.2,119660,41542.6,31858.5,99703.3,128.917,24.6997,65.461,2134
57368.8,31769.7,124428,51104.1,35260.9,104925,119.589,14.2339,65.4703,2135
67288.4,35029.8,137428,91739.5,58008.1,123181,240.333,25.6001,65.4755,2136
68999.7,37488.4,127166,63802.1,44204.7,108136,150.87,-0.4236,65.4929,2137
71850.2,39006.1,131149,63590.3,42968.7,111898,130.769,7.93248,65.5037,2138
66049.8,37207.7,125122,47869,34523.9,103783,142.042,26.2191,65.5113,2139
61309.4,34519.4,131995,70426.3,46971.5,116669,135.281,-0.47655,65.5763,2140
42811.4,23814.5,121664,47988.4,35132.6,104355,37.9905,10.6893,65.6492,2145
61251.6,29668.5,139284,75062,42566.8,124647,164.056,-0.1059,65.6545,2146
63285.9,33634.9,127607,60839.9,39398.2,111348,125.964,-59.7276,65.6602,2147
74424.9,38987.9,131356,71984.4,48700.6,111536,118.777,-7.57185,65.6917,2149
60456.8,34531.2,121763,49327.6,36430.8,103682,116.863,10.9144,65.7321,2150
65789.2,35894,134569,70490.5,47872.8,112476,162.963,24.6997,65.7364,2151
68374.7,38596.2,128467,47501.7,31971.3,108442,139.789,-8.0484,65.755,2152
72524.5,41912.8,135021,76861,57465.3,107259,114.89,-37.2768,65.7974,2155
50923.3,29428.3,130894,73857.1,49683.5,121905,145.159,-3.01815,65.7995,2156
81071.7,43448.9,132098,64372.9,45941.7,107055,160.604,15.1342,65.8159,2157
28813.9,14621.5,124221,66436.6,44338.4,112522,145.101,9.84538,65.8228,2159
71161.8,39334.9,127832,66435.8,44623.3,107819,186.838,-14.6142,65.8317,2160
67369.1,36903.5,124760,48964.4,33668.6,104794,174.225,1.2939,65.842,2161
46546.2,23233.6,130353,76974.3,50004.8,119467,274.115,-5.0832,65.8464,2162
74906.3,40992.5,132198,69503.6,46970.2,114026,153.809,48.8984,65.8514,2163
41179.6,22856.8,120371,48766.5,36487.8,102817,101.816,12.6023,65.913,2165
66974.8,36372,127827,53308.8,37952.3,104042,125.501,29.7642,65.9588,2167
78120.3,41043.7,131487,60738.2,42173.5,111331,83.5173,28.3574,66.0271,2168
64736.7,34478.1,127446,58343.9,40322.3,107351,268.932,2.53157,66.0508,2170
49340.6,27968.2,126307,75557.9,51095.4,120064,205.073,-2.7534,66.1047,2172
79637.2,40697.8,140477,79631.5,45059.2,121580,166.183,0.900104,66.1114,2173
63482.8,35943.2,131465,62579.3,44533.6,112966,118.719,-3.3888,66.1148,2174
72844.6,37319.6,131869,81267.6,53621,116838,109.141,0.450051,66.139,2176
44134.2,22108.8,127407,61300.2,44601.7,109469,214.48,-29.3343,66.146,2177
80063.4,45101.6,127420,63141.2,46071.3,107497,165.206,-11.7549,66.1463,2178
51919.6,29345.5,121196,57693.4,43450,106778,113.904,1.12513,66.2084,2179
62397.4,36187.7,120314,39489.5,30458.6,97182,65.0232,18.8478,66.2119,2180
61501.9,35584.9,120377,46866.6,36551.5,101038,65.2603,17.7224,66.3065,2183
59044.6,33853.8,121715,46309.6,36246.2,97737.6,107.631,25.375,66.3095,2184
72366.8,37814.9,131026,66594.3,44552.4,111862,150.409,20.8172,66.3612,2186
58274.4,32771.3,121705,42272.2,32950,97726.3,25.6614,65.0267,66.3881,2187
78261.4,41649.8,131482,69389.7,51340.4,110810,224.382,-11.0666,66.3991,2188
84313,45333.4,133670,75182.2,49364,122393,214.195,-6.83055,66.4174,2189
61695.2,35489.7,123582,58193.3,41578.9,107461,93.0239,29.3703,66.4212,2190
69396.9,41464,124305,52483,40771,103204,43.5034,-37.4356,66.4225,2191
57183.8,31375.9,123376,43178.4,33149.3,101141,79.7801,-13.5023,66.4373,2192
51126.5,27898.4,124587,76316.2,59979.6,106397,150.581,-8.3661,66.4552,2194
54241.3,31812.2,121031,41712.7,30856.4,101528,99.6047,-1.64145,66.4684,2196
76131.5,40622.8,131334,60643.9,43189.8,106715,146.313,19.3542,66.4699,2197
52647.7,31085.5,122019,47723.9,36209.3,101200,105.596,-2.7534,66.4908,2200
80139.9,39923.5,135740,72105.7,49029.2,115254,170.033,12.1522,66.5628,2202
80762.7,42896.1,133861,72289.7,46993.8,114904,170.723,9.95791,66.5748,2203
60497.5,34099.6,124353,47955.3,33902.3,103936,102.107,-4.18305,66.5963,2205
63965.3,35963.8,127627,59232.3,43056,106074,143.774,20.0294,66.6337,2208
61779.3,33820.4,125153,50585.3,34978,104274,158.129,-18.1618,66.6525,2210
60889,32497.4,125785,45641.5,32872.9,100905,112.046,-0.1059,66.7367,2211
54919.4,33742,120610,40430.7,32212.9,97491.1,76.3911,-35.7412,66.7487,2212
44504.9,24927.9,165808,47275.8,35217.6,134112,157.956,-31.0287,66.7582,2213
70717.3,37668.7,128237,54553.8,38349.3,106455,144.697,80.84,66.7658,2214
71866.8,40813.2,128083,54315.4,37679.1,104355,166.988,4.50061,66.7839,2216
60047.7,31986.6,131521,68163.3,46643.3,113728,92.0332,15.1905,66.8194,2217
57308.5,31289,124540,49994.9,37104.6,102687,74.8712,13.8964,66.8346,2218
54770.7,29121.2,128180,56858.4,39491.6,106795,180.134,-49.1905,66.8396,2219
54468.1,27279.6,131091,70159.7,43735.8,114755,252.165,-22.8214,66.8427,2220
59278.8,31836.7,126714,47378.4,33260.9,104192,162.445,-23.1921,66.8446,2221
71786.7,38411.3,128225,59877.1,44061.9,107076,115.238,-15.8321,66.8456,2222
61271,32628.3,131213,55276.6,34265.5,109436,115.819,12.0396,66.909,2224
23462,14077.2,129167,53354.2,30912.7,123842,259.172,-26.8456,66.9152,2226
69990.4,37948.3,127685,57790.9,37614.6,111138,145.852,-3.3888,66.9201,2227
40560.3,25347.8,114924,56724.7,40023.3,110673,150.351,40.2877,66.9276,2228
68835.1,40076.5,124771,70399.3,51036,108230,85.9684,-15.0378,66.9636,2231
75120.8,41897.3,126894,58876.7,41604.7,106717,128.281,-5.24205,66.9776,2232
56679.6,29814.2,127830,53922.4,37091,108389,125.211,-10.8547,66.9981,2233
67736.3,35697.5,128216,60567.6,41040.8,109343,183.515,10.7456,67.0334,2234
48330.1,24172.7,132373,90544.2,65589.3,117431,313.21,-9.8487,67.0469,2236
69722.5,36491.3,138452,79148.2,47167.6,121051,205.757,9.62033,67.1183,2240
65098.7,34869.1,131103,58652,40481,110333,108.328,-1.8003,67.1487,2243
53613,31532.5,120422,43063.9,32693.3,100608,108.909,-30.6051,67.1729,2244
74500.5,39191.4,134782,66157.3,45518.9,112364,175.43,-13.6081,67.1771,2245
63074.3,34947.8,125773,51993.3,37831.1,103920,116.283,-21.3918,67.2097,2246
78854.7,41022.6,139513,80118,52117.6,120442,200.049,17.1035,67.2249,2248
80750.3,40329.4,137343,77481.8,47642.9,119939,236.08,-14.7731,67.2309,2250
59637.9,31692.5,127755,47414.3,32329.4,104922,55.5968,-22.5567,67.2351,2251
51292.9,28042.1,125035,54389.5,38007.6,104813,66.7385,3.09415,67.2607,2252
44973.8,26324.4,119254,44198.1,33540.1,100283,106.468,24.9811,67.2767,2253
69508.9,38167.6,129560,56617.1,39115.1,109966,102.747,52.613,67.3395,2255
63079.4,34306.8,124610,41826.1,29428.7,102864,98.4987,-47.9727,67.3547,2256
50587.3,29966.3,125128,48266,35040.9,105737,87.8352,-1.21785,67.3885,2257
65970.4,36271.4,123834,50072.7,34988.2,103916,135.744,2.36279,67.3946,2258
61891.3,31948.7,131948,71968,48612,115765,137.362,-1.42965,67.3986,2259
55189.9,29470.2,124369,48506.9,34378.2,103800,71.9472,-28.2753,67.3997,2260
71116.5,38613.2,127756,63205.4,44196.7,106650,146.948,-40.295,67.4115,2261
74686.2,37441.5,138285,80682,49409.7,119661,185.062,-0.7413,67.425,2262
64496.1,33071.3,138057,80843.4,49937.3,128917,205.872,13.3337,67.4368,2263
79023.3,43344.6,132034,78635.6,52083.3,115006,137.767,5.56954,67.4753,2264
56141.9,27789.5,135933,52313.7,33248.5,111633,125.443,13.4462,67.4758,2265
65222.6,33691.1,134419,63237.5,41896.7,115355,132.216,34.8289,67.4771,2266
47915.9,23498.3,134699,75260.2,48990.9,117379,291.26,-6.51285,67.4812,2268
36452.4,29626.1,125231,39784.4,33535,97310.2,175.832,13.6713,67.482,2269
65215.6,36028.6,127598,62306.2,45259.3,110487,105.305,2.47531,67.491,2271
53344,32060.9,120235,46232.1,34985.3,99758.9,82.7584,-23.7745,67.4993,2273
70791.6,36834.2,133975,65316.8,43162.7,111021,143.312,-11.3842,67.5655,2274
69073.2,38534,126519,57117.2,39755.5,105389,73.8187,6.52596,67.609,2276
75267.3,41134.3,133671,62099.8,41289.5,112111,151.216,-9.16035,67.671,2278
60434.8,36462.2,119902,37848.4,28789.9,95900.7,112.975,65.249,67.6751,2279
80486.8,43741.4,134090,69604.7,46648.7,113954,145.448,11.252,67.6787,2280
73086.6,40795.4,128121,66102.6,47081.2,108980,180.535,-46.9667,67.6928,2281
54158.8,28432,135827,97700.1,57462.1,124460,180.65,-39.6596,67.6929,2282
63097.4,36958.8,124078,50234,38531.2,100638,63.3039,-38.6535,67.7013,2284
46978.8,27499.8,128085,65929.3,45882.5,113896,188.04,0.0562562,67.7167,2285
39084.4,21324,124528,57954.8,38532.9,111024,223.699,-5.9304,67.787,2286
67299.9,37624.9,125604,49678.5,35685.4,103392,45.756,-37.8063,67.8045,2287
50691,26373,125058,47084.8,35166.8,104838,194.848,50.3617,67.8482,2289
70103.3,40285.6,127000,49877.4,32923.7,110947,164.516,-7.7307,67.9296,2290
64318.2,37150.9,120876,43386.1,30999.9,100259,171.871,-4.39485,67.9399,2291
65884.2,37890.8,124327,52209.1,39318.8,105559,108.27,-4.39485,67.9415,2292
46756,25190.4,128461,65916.5,44660.1,113759,77.3262,-11.702,67.9692,2294
60910.7,32813.3,135117,70580.2,46179.5,116759,124.748,32.0151,67.9861,2295
63933.8,35842.6,124777,45957.3,32197.6,104440,103.852,18.7352,67.9952,2297
59476.2,35981.8,118613,35743.9,27273,96146.5,97.4508,32.4653,67.9964,2298
57340.7,33688.8,120329,44481.9,32835.3,102442,121.213,0.843847,68.0189,2299
53147.7,29940,120303,51166,38374.2,103068,123.01,40.4002,68.0205,2300
61878.6,34589.4,123428,46168.6,33062.1,102981,148.736,45.409,68.0844,2302
69303.3,34914.7,135075,76569.8,50569.4,117071,132.332,-33.1996,68.1008,2305
67421.5,39425.4,126222,53573.7,39557.1,103176,152.772,13.4462,68.1159,2306
64259.7,36370.2,124623,51995,36117.9,104208,102.398,0.0562562,68.1185,2307
68021.7,37422.6,126620,72735.2,54105.2,108029,143.139,-25.416,68.135,2308
65173.3,36961.9,125512,44082.1,31824.9,102992,73.3509,15.9782,68.1475,2309
82542.8,42991.5,134713,75799.5,49971.5,113836,106.41,37.1362,68.1776,2311
59621.1,32612.5,123527,57070.4,42328.2,104525,103.968,-19.6445,68.1871,2312
81178,42851.2,136067,76149.9,46780.6,115290,238.292,-11.1724,68.1953,2313
66025,36499.9,127814,75490.5,56098.9,111841,155.422,9.78912,68.2249,2314
62196.1,34063.1,125085,51646.8,36245.4,107363,141.118,-22.1861,68.2259,2315
75884,38024.5,140854,84303.8,54607,124776,160.374,-13.3434,68.2771,2317
66623.6,37063.5,126745,48827.3,34311.9,103503,153.233,-10.7488,68.2918,2318
55097.5,31198.7,121029,45213.8,33848.1,97688.9,130.885,-9.8487,68.3077,2319
31620.3,17369.4,126571,60732.9,39129.3,112157,165.091,63.3593,68.31,2320
51370.9,29340.9,123811,46812.9,35375.3,103927,70.1335,-18.6913,68.3101,2321
65250.5,34914.5,135913,74460.2,46429,117063,205.643,-21.18,68.3145,2322
40799.4,21675.9,120816,48315.2,33655.3,107703,104.143,-5.87745,68.3199,2323
63443,34176,130818,69217.8,49878.3,111977,182.255,33.9847,68.3337,2324
60349.7,33911.4,134015,80824.9,51965.1,118458,204.16,2.13776,68.3396,2326
69164.5,37556.3,127023,58743.8,42622.2,105599,162.56,-28.3812,68.3443,2327
65343.9,36688.5,125361,52617.4,39474.3,103231,124.053,-41.9893,68.3651,2328
49818.6,28463.3,120204,38513.9,28766.2,100797,47.4159,-42.8366,68.3677,2329
53225.1,30119.7,120926,43247.8,31662.5,100115,37.6348,-20.9153,68.3677,2330
58160.7,31836.9,124614,51897.3,39467.3,100555,114.716,18.2288,68.4144,2333
78437.4,41799.5,131161,63574.4,45108,110256,148.448,-2.27685,68.4622,2335
60526.4,34051,123645,40170.2,28806.1,103350,80.1306,19.8606,68.4733,2337
65919.3,38651.9,124351,44816.1,32760.3,100313,100.07,-41.7246,68.4739,2338
82910.3,43805,136056,68166.4,42974.3,117137,270.736,-3.8124,68.5034,2340
64919.7,37638.4,121473,53586,39160.2,101298,122.314,-3.7065,68.5376,2341
55730.2,29297.9,128706,61449.1,42013.7,110775,136.148,-3.54765,68.5447,2342
61218.8,36453.1,121243,47682.7,35607.5,103389,47.8308,-8.2602,68.556,2343
20655.2,11104.7,115574,45902,30986.9,107735,167.677,-3.12405,68.6185,2345
45933.1,27464.6,116821,38471.7,28782.6,96970.5,94.597,-41.7246,68.6848,2348
62604.2,35077.5,129014,69622.9,46311.4,109407,137.478,12.4335,68.7212,2349
58384.9,33330.9,125213,43277.5,31144.5,100755,86.3768,-0.79425,68.7533,2351
67451.4,37089.2,126679,48766.4,33994.8,104034,130.885,-32.6172,68.8275,2354
47654,26313.4,121539,47642.3,34224.1,102540,45.9339,55.5396,68.8318,2356
61794.3,32710.9,130464,56213,41321.4,107272,105.712,25.0936,68.8458,2357
48945,26736.7,124129,48583.7,34218.7,105187,44.4519,-6.4599,68.8818,2358
52787,29432.9,132202,59734.7,39952.6,112523,89.06,0.450051,68.8878,2360
43327.4,22052.2,127600,58908.5,37384.6,117748,180.65,-0.79425,68.8908,2361
50918.8,27724.8,126622,56925.1,39843.2,111091,96.752,-31.6641,68.9293,2364
30946.8,18049.7,116357,55070.8,37858,110790,112.336,-10.8547,69.0066,2365
65088.7,35680.8,127919,47986.7,32710.2,104947,56.7825,7.31361,69.0732,2367
42077.2,23063.4,122551,52153.1,37521.5,103751,161.927,-12.4962,69.0764,2369
49565.1,28611.9,124967,52136.6,39231.9,104378,165.953,-12.4432,69.0788,2370
52140.7,27237.5,128381,63719.6,45014,112506,136.958,-22.239,69.0851,2371
66500.1,35571.2,128659,59226.8,43797,108088,131.869,-18.9032,69.1045,2372
69695.7,37955.7,128855,52877.8,39727.5,105239,113.787,14.3465,69.1536,2374
64952.7,31366.4,141235,101013,61023.2,131895,266.283,-38.4946,69.1546,2375
45426.3,23316.7,159285,70137.7,38791.3,135451,122.778,0.78759,69.1917,2378
58405.9,30725.3,127123,50146.1,35102.6,106437,137.189,-12.2844,69.2465,2383
62467.9,32412,139491,106636,65064,121986,255.387,-1.21785,69.3032,2384
47499,26188.9,127347,50300,32842.3,111491,132.679,-9.2133,69.3101,2385
52542.8,31123.9,120283,37522.7,27486.7,98298,92.2663,9.50781,69.3139,2386
79857.2,43497.9,131899,67966.7,46262.9,111114,210.206,0.731334,69.3637,2387
63818.5,32405.3,141138,103300,56539.5,124849,213.397,-20.6505,69.3938,2389
63757.2,36704,121273,52383.7,42597.5,100506,58.0275,-12.0197,69.432,2391
79333.1,46716.5,127437,72135.9,52889.4,107994,160.144,-2.59455,69.4565,2393
75130.3,38736.1,134077,71664.8,49098.4,114341,169.286,-26.2102,69.5607,2396
53693.2,33306,124303,48521.4,38093.2,101527,192.675,28.0198,69.5771,2398
47464.1,27977.1,121009,53504.7,40105,101341,127.122,-35.5294,69.6291,2399
61193.2,34125.2,123526,43412.3,33429.9,100386,105.073,-7.57185,69.6354,2400
62459.1,35873.5,123673,45517.6,30457.9,104687,155.653,-13.2375,69.654,2402
51625.6,30038.5,120974,45731.7,36387.1,99914,41.1915,-9.26625,69.669,2403
75078.2,39967.5,133773,62327.9,47269.9,107265,70.9526,3.09415,69.703,2404
55751.4,31860.6,127723,52993.1,36055.5,110325,209.864,-26.422,69.751,2406
67484.4,36397.3,131329,76806.8,53228.7,116755,155.307,-0.90015,69.7564,2407
64299.3,33989.3,127780,66113.1,45909.3,110818,82.5832,-52.5264,69.7638,2408
73002.7,40067.9,131773,62877,40828.5,110126,66.0944,-30.8699,69.7937,2410
58996.6,32912.1,122673,40266.2,28660.9,100797,72.5906,11.0832,69.7986,2411
40719,21544.1,122295,45725,32117.5,107414,135.455,23.4055,69.8186,2412
32197.8,25986.4,99774.6,55562,48673,93488.1,119.763,-27.2693,69.8236,2413
68647.7,38168.6,131477,66934.7,43665.6,114229,137.825,-4.8714,69.8516,2414
71455.4,38252,127480,51613.4,36933.5,104661,83.4005,12.3772,69.8566,2415
75634,37434,138126,73634.3,48427.3,118417,136.38,15.8656,69.8732,2416
54618.9,31127.3,121980,43645.9,30399.5,100843,38.6425,23.0679,69.8923,2417
49327.2,25323.9,126583,69794.3,49081.5,107499,169.401,-47.9198,69.895,2418
68027.5,38890.6,124009,45377,31211.6,104702,184.604,-9.7428,69.9178,2419
27607.9,14404.7,121346,57135.4,39962.7,107580,194.277,-38.0181,69.9612,2422
66082,35059.5,130843,65530.4,45567.9,110085,102.747,5.00695,69.9621,2423
42355,24817,120720,57726.6,43240.4,106617,201.819,9.62033,69.9813,2424
59517.3,31420.9,127429,55897.7,39148.9,110498,112.8,-10.2723,69.9932,2426
45655.6,25282.6,119316,46370.1,34070.2,102737,132.852,-16.2556,69.9967,2428
72366.4,38626.7,131320,58151.4,39497.3,110389,121.734,22.674,69.9991,2429
56775.1,29367.9,129226,67355.5,46786.1,111492,69.8409,53.7949,70.0039,2430
80695.2,44087.2,133210,74058.4,53084.9,112038,148.159,-23.6157,70.0041,2431
57919.9,33550.3,122079,42095.7,32016.5,100630,60.7546,38.5994,70.0173,2432
63351.3,35706.2,124115,49017.8,32779.1,107978,48.7793,-26.7398,70.0187,2433
73474.8,39512,128034,67081.3,52258.6,106981,154.328,-26.8456,70.0332,2434
66161.6,37510.3,123511,47999.5,35144.7,103606,179.503,21.4924,70.0697,2436
59870.5,33686,123992,42484.1,29930.4,104498,101.816,-4.8714,70.0781,2437
77291.4,41382,128964,61233.9,43187.3,110286,160.604,-9.1074,70.0838,2438
60883.7,32941.6,124566,46230.6,32965.3,104104,127.065,-15.2496,70.1285,2439
64434.4,34266.5,128980,56507.3,39112.2,110382,152.426,-55.9681,70.1333,2440
51083.5,24547.7,138817,90610,47882.7,149638,298.213,-24.4099,70.2103,2441
78610.6,41892.2,131836,64205.3,42822,112133,171.756,-11.0136,70.2129,2442
77568.8,41581.2,127645,60945.6,42268.3,106686,125.559,-1.32375,70.2168,2444
68292.9,34533.4,136106,73324.7,45709.1,117853,176.463,4.21932,70.2175,2445
64974.7,36469.7,124464,47302.1,32986.9,103384,124.922,-2.2239,70.226,2447
48664.7,26673.5,124084,40932.6,27547.8,105538,35.4416,-16.2556,70.2442,2448
57501.7,29386.4,136126,68315.2,42576.9,114751,165.953,15.9782,70.2664,2449
48390.9,28566.8,120795,44670.5,33053.3,101475,95.6455,14.9654,70.2806,2450
62667,31979.4,131091,69076.4,43884.4,120185,201.99,-63.9636,70.3009,2452
52005.6,28248.1,128860,72395.3,45706.1,118268,196.163,19.1854,70.3029,2453
52554.4,30916,118178,38422.8,28897.3,98772.6,84.2761,-30.7639,70.3961,2454
56318.3,32506.2,123923,49967.2,36354.1,103847,123.763,7.53865,70.4039,2456
60814.8,36894,119483,43070.4,33635.8,97730.7,159.971,26.6692,70.4182,2458
58862,30148.4,131466,70166,48836.1,113935,153.752,-10.1135,70.4222,2459
76552,41597.2,128399,72784.1,49295.5,109754,189.872,21.3236,70.4229,2460
43716.6,23114,128158,70421.1,48314.7,114292,218.978,69.748,70.4268,2461
53644.8,29486.1,131222,62888,42929.3,114344,254.257,-2.80635,70.4471,2463
64328.4,35798.4,127686,63368.9,42255,111195,135.57,-21.233,70.4748,2464
61101.8,33728.4,124790,45323.4,32598.5,104078,119.183,30.2707,70.4806,2465
63118.4,33926.9,131715,67168.1,45127.7,114189,109.722,30.8897,70.4995,2468
43218.6,23192,121493,49870.6,37117.1,104209,130.48,30.7771,70.503,2469
80533.8,43531.4,132546,65068.5,43802.5,112426,138.98,-33.941,70.5161,2470
63462.7,35140.5,128249,54883.5,37332.9,109913,101.06,-41.2481,70.5212,2471
63318.7,38216,121314,45353.9,36042,97023.4,85.2099,-19.4856,70.5501,2473
40724.6,22709.8,119277,56893,44805,110767,170.435,-22.5567,70.5555,2475
44598.7,23064.9,128355,77152.1,48415.7,119864,209.864,-19.3268,70.5567,2476
39324.4,23094.6,115260,34382.7,27031,92749.9,96.2862,-2.48865,70.6668,2478
36875.2,20144.7,126769,48148.8,30661.2,116784,217.612,2.02525,70.6944,2480
50053.6,27833.6,120360,41527.8,29741.3,100090,96.5773,-20.3857,70.7031,2481
73563.1,37437.5,135490,80002.8,48665.5,118504,237.952,71.9683,70.7121,2482
48826.1,25862.5,128141,55318,36371,112758,186.322,-1.6944,70.7139,2483
21548.2,13919.2,125227,58970.7,34191.3,116344,143.485,-3.75945,70.7398,2484
75141.7,39276.4,130696,66991.1,46962.9,107646,190.902,-7.2012,70.7495,2485
77674.6,39364.8,140521,83146.6,54495.2,116464,98.3241,6.41344,70.7563,2486
74325.1,41052.8,132059,59473,40756.7,109626,132.1,91.5768,70.7614,2487
55942.5,29985.8,126770,55915.9,38859.3,109911,169.631,-21.8154,70.7984,2488
49181.2,28871,119219,38224.6,27261.4,98796.6,49.3721,1.35016,70.804,2489
81020.4,43034.5,134572,72707.1,46041.6,116895,107.805,-1.64145,70.8253,2491
64456.3,32896.5,131856,73007.3,48144.1,112463,115.471,5.17572,70.836,2492
52148.1,28328.2,127458,56008.4,38993,109508,181.108,-9.3192,70.8566,2493
66057.7,35388.4,128879,60464.3,42706.3,110393,122.256,1.51893,70.9034,2495
62577,33712.2,129305,54330.3,37729.1,107537,233.64,-8.73675,70.9661,2497
56825.7,31755,128876,71012,50360.9,111962,135.223,-1.32375,70.9732,2498
60822.3,37563.7,118246,37125.4,28571.2,97247.9,104.317,-9.9546,70.9911,2499
57244.4,31093.4,127095,51057.1,35886.1,108655,144.178,-22.8214,70.993,2500
64840.1,36289.3,124821,63083.2,44712.7,107532,186.322,20.1419,71.0148,2501
57723.6,38156.2,125135,46226,36589,106892,167.218,6.58222,71.0234,2502
52618.1,30431.6,120304,45455.5,33675.8,104663,79.196,11.1394,71.0501,2503
63226.4,34612.9,127588,49580.4,33669.8,105742,125.617,-3.44175,71.0549,2504
63879.8,31624.6,139017,76071.9,50538.8,116456,165.551,-46.0665,71.0842,2505
50206.5,27606.8,131291,61128,41957.1,111341,166.413,-1.3767,71.1114,2506
72709.7,39205.9,130456,72027,48539.2,111449,181.567,37.305,71.2061,2509
43733.7,24044.7,121561,57310.1,41425.7,106605,89.5265,-18.2148,71.208,2510
68748.2,36825.5,128624,50654.6,36981.4,104778,169.114,-0.6354,71.2209,2511
22802.2,13401,126709,35076.7,28800.5,108105,144.813,1.96899,71.2312,2512
76922.1,41783.1,130798,63411.3,45282.2,110619,184.432,-2.91225,71.262,2513
73257,39029.9,131979,64499.9,45220.5,110625,147.525,16.372,71.2926,2514
60400.5,32240.5,132550,65354.7,41554.7,114625,93.8979,-19.2738,71.2954,2515
48729.7,26690.1,124557,46516.8,31712,110972,119.937,2.47531,71.3059,2516
72122.7,39785.4,131478,53538,34972.4,109597,89.818,-9.79575,71.3349,2519
71124.3,38996.2,128502,52334.4,35682.1,107893,166.873,-37.3827,71.3953,2523
44197.4,20025.7,141670,78337.2,37380.3,285073,171.125,-4.5537,71.4329,2524
49381.7,25537.1,127877,55979.3,37575.2,154553,-33.1855,-10.4312,71.4331,2527
43323.3,24137.9,120730,31360.3,22870,114130,-32.3489,10.1267,71.4332,2528
39984.8,20264.5,127999,41585.4,29960,101235,163.538,35.8981,71.4334,2529
58259.8,29410.5,131982,41838.5,31611,98534.4,150.12,28.695,71.4334,2530
82229.6,43296.9,144854,76634.7,51083.1,111543,156.689,16.4283,71.4335,2531
27011.3,13896.1,131109,27697.6,21475,101547,23.2906,-4.8714,71.4339,2534
42022.1,22313.1,126464,38710.8,26148.9,103055,216.929,2.70034,71.4744,2537
72026.8,36245.2,137770,69975.1,44977.3,116929,83.8675,-35.5824,71.5054,2538
46664.2,24610.9,132017,83779,54729.6,117149,290.081,-32.0347,71.543,2539
45554.1,22960.7,135088,96026.1,61976.8,123887,223.529,-3.97125,71.543,2540
68219.3,41039,121787,45811.9,36051.8,98562.7,138.923,1.35016,71.5595,2541
48877.2,26703.2,123562,52544.1,36133.3,107883,106.701,11.8146,71.5937,2542
60657.7,34253.9,129208,61686.8,42613.5,110453,195.706,-1.8003,71.6009,2543
57168.5,30072.8,128294,50179.5,36093.1,105103,84.0426,-23.1391,71.6551,2545
60939.6,29231.1,137983,88410.3,58178,119689,179.274,-7.9425,71.6706,2546
75217.9,40454.7,128504,61172.7,45616.2,103310,73.4094,18.2851,71.6726,2547
68555,35602.1,130706,55660.6,37386.5,107870,135.744,13.0524,71.7006,2549
54546.1,30743.9,124620,45767.8,32285.8,106079,100.652,-6.51285,71.7392,2552
49484,25643.4,129357,67533.8,47638.7,117978,149.428,10.9144,71.7438,2553
50403.9,25342.3,158505,93719.7,46353.4,138308,189.586,-29.5991,71.777,2555
40788.2,21503.6,121846,54213.1,37262.1,110665,107.979,21.6612,71.7847,2556
28069.1,17284.1,123817,46148.5,33400.9,109819,119.879,-17.7912,71.8262,2557
66207.3,34155.5,135288,67566.3,43355,117315,141.753,58.5789,71.8282,2558
66606.7,36727,124906,54107.1,38326.5,104627,156.056,-20.2799,71.8973,2560
46097.9,26334.2,119196,44115.8,32495.8,99602.7,75.222,-1.6944,71.9023,2561
54742.4,33253.9,120272,36139.4,27226.6,97125.5,111.523,-45.3252,71.9086,2562
63564.8,37492.3,120714,45568.7,33953.1,100989,197.935,-50.3554,71.984,2564
72575.2,38641.6,128670,52704.7,37778.9,106992,108.386,-1.21785,71.9901,2565
67962.6,34364.6,133537,85052.8,57302.3,117473,156.862,-22.3979,71.9995,2566
73654.7,43972.8,124249,56064.9,44550.3,101344,191.817,-26.7398,72.0115,2567
73609.1,38172.9,134424,84175.5,55815.2,117418,279.968,-33.941,72.0244,2568
51989.4,29231,124576,52118,36997.7,107028,121.329,-2.06505,72.0318,2569
60194.9,32924.2,124587,40201.4,30287.6,100992,84.2761,6.80726,72.055,2571
62067.2,32718,129229,65106.1,44011.8,110833,150.639,4.95069,72.0565,2572
58421.4,35224.6,117789,44177.4,32447.7,99857.4,98.557,-35.9531,72.0566,2573
66684.7,37595.6,126740,56202.4,38428.3,108536,136.784,-5.1891,72.0643,2575
68039.9,36315.9,128273,55184.9,40329.7,104783,172.33,-26.2632,72.0644,2576
72278.5,39762.6,124974,70214.7,49880.9,106698,189.929,-35.4235,72.0847,2577
62144,35853,122419,48293.8,37601.3,97853.4,72.2396,2.19402,72.1376,2579
70200.5,39415.8,130511,75005.6,47984.3,116580,213.169,-7.0953,72.1698,2581
67000,36175.1,126839,50007.3,34129.2,103638,115.703,-11.7549,72.2172,2583
51516.2,32566.8,117514,36864.6,27617,97961,32.7742,-0.15885,72.2173,2584
53313.4,32543.3,118232,30918.7,23899.4,93424.5,32.0036,-15.7261,72.2276,2585
58446.9,34066.8,119982,36311.6,27849.8,95748.1,123.067,-12.4432,72.2293,2586
73307.5,37736.2,134400,86180,56959.7,120049,184.833,19.5792,72.2354,2587
58387.4,33949.2,119288,36776.6,27011.6,98119,104.724,46.5346,72.2593,2588
62496.9,36604.4,122001,47349,34951.5,101442,47.5937,55.7085,72.2789,2589
69653.4,37699.7,131028,56753.7,37030.1,111187,103.445,6.80726,72.3067,2591
61051.7,34074.3,127270,51052.8,35837,107030,139.443,-27.6399,72.309,2592
55641.7,32319.9,120370,43455.6,31966.5,98190.4,69.2557,-18.1618,72.3649,2594
47385.9,27648.5,121048,56097.6,41749.7,103635,103.096,-10.4841,72.3982,2595
43050.7,24631.5,120836,51494.5,36502.7,104135,64.7267,23.4055,72.4145,2596
47531.6,28342.2,122454,42609.8,31495.4,103573,84.4512,51.0371,72.4237,2597
62072.1,36095.6,122044,42142.3,31330.1,100765,113.671,-18.5325,72.4256,2598
51666.2,27863.9,125633,43645.2,30492.8,103614,107.34,-29.5991,72.5372,2599
81036,44786.3,128100,69324.9,49291.8,110406,139.616,23.9682,72.5522,2600
76073.5,39404.2,134097,68118.7,44957.9,111696,163.25,10.3517,72.5665,2601
35345.6,20297.8,121551,72346.5,47210.2,112238,215.562,9.39528,72.5799,2602
69587.9,39077.7,124126,74555.9,54784.9,107935,151.389,-14.7731,72.599,2603
66273.6,36721.1,125628,50241,37597.2,100799,120.053,-15.2496,72.6013,2604
63258.7,32146.7,133646,54483.8,35368.4,110771,100.07,-1.3767,72.6068,2605
47966.2,25414.1,124156,48850.8,33589.6,106762,151.216,9.90164,72.6472,2606
43812.9,25699.8,120489,43971.6,31394.2,100693,88.7684,-5.1891,72.6473,2607
81620.7,43170.2,132019,72891.1,53289.2,109496,140.945,15.7531,72.6488,2608
68037.8,36495.4,128203,61200.9,41523.5,107584,117.965,-7.0953,72.6501,2609
56320.8,31492.6,127078,55364.9,38306.4,107353,122.662,-6.4599,72.6515,2610
74533.8,39491.9,129356,58754.4,40847,106404,97.3926,-11.4372,72.7243,2612
69137.9,39511.4,129337,93201.6,73890,110693,253.748,-67.2995,72.7816,2613
60815.6,32940.6,141074,87828.5,50783.6,126965,162.733,52.7255,72.801,2616
61849.8,32488.1,132478,68418.7,45663.1,112031,204.787,-17.4205,72.8062,2617
72323,37103.8,132370,72377.9,50394.1,111760,148.275,22.4489,72.8143,2618
63537.8,35029.9,128671,59258,39994.1,110388,165.838,-11.7549,72.8165,2619
23824.1,19435.6,97891.2,57628.3,49516.5,108030,106.003,-6.8835,72.8489,2620
61632.6,34242,125177,46656.8,34944,102882,87.1352,0.956361,72.8638,2622
41499.2,22006.3,121977,39993.5,28789.1,104856,145.563,25.0374,72.8697,2623
51159.8,26698.6,127958,62317.8,39881.9,110327,153.752,6.35718,72.888,2624
42030.5,19623.7,131370,45811.3,38327.5,99991.2,181.911,11.8146,72.9391,2625
58850.3,31386.5,124741,48631.8,34547.8,104805,77.9106,-13.4493,73.016,2626
43540,23417.4,126677,53655.4,36129.1,109439,159.626,-20.5446,73.0186,2627
65890.1,36334.9,127987,59225.2,42375.9,106797,175.717,67.3045,73.048,2628
25635.5,13110,141191,35137.9,24143.7,128636,232.959,1.23765,73.0628,2629
67879.6,37010,127520,56550,40311,105374,105.887,-15.7261,73.0653,2630
83049,43360.8,134051,72477.6,51238.8,110583,128.686,3.20666,73.0747,2632
73707.4,37775.9,131325,70058.2,42625,116386,169.746,2.25028,73.0858,2634
73977.9,39227.6,135160,78590.7,52760.3,116571,100.594,-4.9773,73.0861,2635
56672.6,28830.5,134885,76284.3,51189.8,116851,227.394,-3.97125,73.1112,2637
74892.9,37801.9,133456,65828.9,39880,117594,163.653,-12.9198,73.1333,2639
70299.2,39585.4,128324,51583.6,34671.1,107928,143.37,-0.15885,73.1376,2640
69725.7,36435.8,132054,69432,45209.4,112080,191.646,-35.1059,73.1647,2642
41462,22335.3,123742,57052.8,39321.1,107361,89.6431,-25.416,73.1918,2643
53553.5,26561.9,132019,83860.6,52034.8,120519,224.438,-4.92435,73.1962,2644
68136.6,36066.4,134596,89035.4,62914.1,117903,259.285,-9.37215,73.2089,2646
79647.6,41517,133659,65672.7,43088,111558,139.038,5.00695,73.21,2647
58513.8,34176,121674,41085.3,30066.8,99541.1,81.941,0.843847,73.2302,2648
73519.1,37707.1,137574,83443.1,53011.3,118502,159.108,-3.65355,73.2583,2649
70847.6,37987.2,127990,67829.5,47610.5,113843,140.078,-9.0015,73.2705,2650
82071.1,43310.4,131232,68520.4,47306.5,110769,172.962,-2.2239,73.2845,2651
76972.2,40785.6,136667,83568.5,50492.7,120155,158.935,41.0756,73.2909,2652
41490,21373.9,124658,65096.1,45857.5,108324,167.735,4.16306,73.338,2653
77125.6,42265.5,128674,78964.1,59429.7,108305,149.486,-43.2602,73.3616,2654
77863.4,45552.7,126724,65217,48745.8,107317,138.287,1.57519,73.3634,2655
58224.5,32327.6,123931,41126.2,30473.8,100553,82.1745,-25.469,73.3726,2657
66995.9,37422.8,127600,55740.6,40439.5,105389,90.8674,61.2806,73.4301,2659
80255.6,43570.1,130710,63757.3,45654.7,108135,78.7286,-30.8169,73.4511,2660
57069.3,28890.9,139008,49867.1,32569.4,109622,118.023,32.7467,73.4746,2661
65898.5,36873.9,124686,44287.7,31172.8,103014,157.783,-20.9153,73.5031,2662
61527.9,32860.7,127791,52313.7,36858.3,106808,106.991,-31.1875,73.5052,2663
76334.3,41905.3,132189,66895.1,46343.2,110065,137.593,0.731334,73.5216,2664
54560.2,29926.2,128955,61123.6,41909.7,111041,108.909,-39.0241,73.5245,2665
64634.2,34541.8,128117,54812.4,40322.7,107881,77.4431,-13.9258,73.5585,2667
53903.4,28014,130932,56816.2,40266.9,111195,133.373,2.58782,73.5827,2668
67844.6,34737.6,138475,81857.9,54143.3,120621,272.031,15.1905,73.584,2669
68266.8,37626.3,127744,61599.9,43503.1,108571,178.069,-20.8093,73.5849,2670
68416.4,36119.8,128967,59282.6,42232.3,106676,120.749,-16.6263,73.6067,2671
65321.7,35286.6,129010,62376.6,40304.3,111985,176.004,14.1777,73.6277,2674
64752.1,34087.7,128213,42395.3,29173.3,102954,208.838,8.15753,73.6405,2675
54386.6,29365.3,123882,43761.5,32632.7,101085,69.0216,-9.26625,73.6436,2676
44168.4,24351.4,117967,28852.6,20452.4,97517.2,70.0749,-11.5961,73.6455,2677
47704.1,25544.2,135341,97699.3,66684.6,122246,238.575,-13.4493,73.6494,2678
64669.9,34468.5,126663,65349.3,45302,107442,99.5465,-39.4478,73.7162,2680
68148.2,38062.5,124055,55849.4,38797.1,106392,118.023,-2.80635,73.7329,2681
44231.4,26482.8,121093,50079.8,37713.6,104192,153.175,78.1247,73.7357,2682
45316.5,22176.3,141244,81486.2,47053.3,127451,150.87,11.3082,73.7381,2683
50159.7,29363.1,117295,44099.8,32275.5,101482,81.2987,22.0551,73.7592,2684
63492,35388,127242,67558.4,50208.2,109973,162.273,-8.63085,73.7628,2685
60062.3,30641.4,130088,60425.3,41734.1,110891,156.459,29.0889,73.7664,2686
57253.8,30874.9,125093,45229.9,34972.3,100825,272.313,14.1777,73.7916,2688
66794,34548.8,134595,68362.4,46151.7,115141,222.676,-5.0832,73.8217,2690
58140.9,30529.2,128551,53763.1,33258.7,110964,210.434,14.7966,73.8573,2691
28185.3,15226.9,168128,29603.6,21404.7,146108,138.518,12.7711,73.8665,2692
54712.4,32357.2,118446,39857.9,29163.1,97952.4,100.245,-60.6807,73.8717,2693
61192,35663.7,129300,63244,43166.9,117089,199.992,5.23198,73.8769,2694
45766.1,24445.2,125198,60329.7,43236.6,108246,179.216,7.87622,73.8838,2695
69215.2,38982.3,127287,49932.8,34295.8,107174,24.3575,3.54421,73.949,2697
41716.5,25103.6,125056,59997.6,44776.2,103720,262.841,27.4008,74.011,2698
63520.5,36960.1,122131,61558.9,47375.2,104405,112.336,37.4176,74.0698,2700
50093.4,27853.7,121642,36527.5,25724.9,100111,52.6327,0.225025,74.0736,2701
49207.1,24557.4,131200,68169.4,45363.8,115384,225.177,-24.7277,74.0757,2702
66468,34930.3,132321,65736.8,44059.8,110688,120.923,2.36279,74.1017,2703
74878.2,38434.3,134700,69129.8,45501,115255,280.586,-7.88955,74.1049,2704
63683,32670.9,135778,72032.4,47333.7,117869,190.73,-0.2118,74.1118,2705
83110.7,43397.2,134743,71542.4,50078.3,112440,189.815,-9.47805,74.1401,2706
60594.6,33055.8,130275,68471.9,53432.8,108686,150.697,-24.3041,74.1545,2707
51939.4,28913.2,122453,43605,30713.2,103983,126.254,7.25735,74.17,2708
51461.4,27476.2,124447,48690.2,34179.3,105038,56.6639,-26.6868,74.1858,2709
59674.4,33300.8,132293,71495.7,53355.2,112045,193.19,87.5946,74.2186,2710
69662.9,37519.5,128052,59133.6,40664.5,110530,122.43,-1.32375,74.2329,2711
64135.3,35594.6,124860,43619.9,33051.3,97739.4,74.9881,51.3185,74.2649,2712
76148.2,42956.2,131213,58159,38968.9,109471,188.784,14.6841,74.2787,2713
58462.4,33473.8,122199,45695.7,35490.9,99606.9,141.811,-4.7655,74.293,2714
58808,30335.6,135803,70254.3,44225.5,118879,139.269,-24.5159,74.3236,2715
46162.2,23339.7,127383,64394,44818.7,112351,146.602,15.4718,74.363,2716
66590.4,39358,120811,42836.9,32908.7,100863,62.8889,-17.5264,74.3941,2718
55442.3,31251.7,121179,49140.6,35662.8,117754,119.183,7.08857,74.408,2720
58061.5,28120.9,158136,81157.5,42675.9,133634,122.256,9.50781,74.4223,2722
79175,40866,136248,68147.4,45846.3,111195,183.057,0.225025,74.4284,2723
72190.5,38801.1,127375,60131,42755.7,107460,152.426,15.1905,74.4334,2724
47633.8,24369.9,142459,94457.8,51207.4,131608,231.994,-3.0711,74.4374,2726
77488.2,40132.2,134576,74961.3,51442.1,113406,151.158,26.9506,74.448,2728
65019.8,36068.7,128710,48942.8,33425.9,106883,153.175,8.88893,74.4824,2730
67480.6,37934.2,123845,51915.4,39681.4,101587,101.467,7.20109,74.4849,2731
57763.9,31100.1,127624,73104.8,50700.1,111550,130.364,39.1059,74.5127,2732
62445.3,32547.8,132572,73551.7,50166.8,117157,189.128,-51.7322,74.5641,2734
56004.1,28495.7,131571,53388,36959.8,108249,48.0087,10.8018,74.58,2736
32206.7,17573.4,122281,49087.3,33417.3,110249,113.845,33.2532,74.675,2738
42309.7,24319.7,123283,52616.6,35315.8,107346,120.575,96.3845,74.6751,2739
61978.2,34921.8,123883,49100.2,35534.7,102466,157.323,-10.4841,74.7017,2740
38884.7,21043.5,121026,47860.6,34014.2,105311,137.247,-23.6687,74.7367,2741
74406,39106.9,130455,59662.2,44840.1,106531,125.095,-1.00605,74.7463,2743
67151.3,36969.6,128255,51583.8,34830.7,108405,78.4364,32.2965,74.7625,2744
67183.8,38115.5,124728,59668.4,42766,110128,127.817,0.675077,74.7875,2745
64291.1,31974.8,134932,72976.6,44928.4,117135,132.852,28.2448,74.7891,2746
57362.5,32239,125213,53435.8,35732.2,110122,87.9519,-32.6702,74.7956,2747
62034.1,34388.2,127378,55639.2,38791.8,104964,100.128,-17.5264,74.8009,2748
54815.2,26662.5,138358,93481.4,63360.1,124003,189.7,-6.61875,74.8047,2749
64110.8,34221,131743,57729.2,40247.4,107862,95.6455,6.24466,74.8205,2750
66972.9,33434.8,136435,63070.4,40177.4,118224,196.906,-12.6551,74.8218,2751
62468.4,35745.3,127356,43950.8,30586.6,102910,169.861,-0.05295,74.8399,2753
69044.5,33470.1,141031,91770.4,58956.5,122503,212.315,17.6662,74.8408,2754
56796.7,27098.3,140527,85107.4,51589.8,124340,157.841,-24.4629,74.8446,2755
50730.2,25737.6,128578,66944.6,45733.6,114612,260.358,1.06887,74.8627,2757
57862,32048.5,126866,48501.1,33424.1,107445,72.0056,-22.3449,74.8717,2759
71060.6,39102.9,127372,56823.4,40017.5,109939,135.166,-6.5658,74.929,2760
69701.2,38683.7,126626,52425.9,39604.3,103017,210.947,-29.0166,74.9366,2761
67265.1,34948,129894,52852.6,37060.8,109902,173.766,-8.41905,74.9418,2762
84475.8,47627.5,131145,74783.2,50766.7,113325,246.167,-11.5431,74.9653,2763
67377.4,35900.3,131545,55697.3,37255.2,110928,115.877,-0.79425,74.9748,2764
46686,24220.1,127947,59836.4,39425.5,109445,74.1111,13.6713,74.9916,2765
65641.6,37001.9,124014,45736.4,32758.8,103022,134.24,18.1163,74.9934,2766
70383.2,39701.9,127707,51167.4,39353.2,102918,109.141,-9.7428,75.002,2767
34060.2,17111.7,132439,79619.1,50159.1,117808,263.18,23.7432,75.0042,2768
61304.4,36394.6,120707,39118.3,28810.2,99722.6,120.923,-13.6081,75.0072,2769
73098.9,42035.3,124344,56003.7,43505,103021,192.732,31.7338,75.0277,2770
69799.8,36181.7,133866,67519.2,44588.8,111846,161.352,-24.1982,75.0713,2771
45216.8,24601,124314,50406.7,33095.7,114195,121.213,-18.7443,75.0912,2773
76918.2,38296.4,135944,82300,50652.3,118207,194.219,-27.1104,75.0973,2774
62867.7,35278.3,124683,49951.1,34695.2,107731,156.229,-1.9062,75.1055,2775
70931.6,36607.8,132363,59392.1,42418.4,109291,175.775,7.65118,75.1703,2777
28416.7,16215.6,120534,64239.2,43872.8,115196,177.553,18.0038,75.1722,2778
50305.9,30414.7,117816,34748.1,26040.3,96568.6,59.0353,24.8686,75.1984,2780
59865,30741.3,131980,77849,57309.3,111922,242.996,13.9526,75.2446,2782
73720.6,38113.3,133789,86692.8,59167.5,110785,168.597,15.6968,75.2499,2783
70860.2,37635.9,138191,92311.9,59106.1,120461,217.327,8.94519,75.2511,2784
75764.2,39362.5,135882,70718.3,45107.8,114260,114.774,54.6954,75.2881,2785
60738.8,33568.3,129498,59105.9,39531.6,112363,74.8712,32.184,75.3505,2787
58937.5,31627.2,128144,71336.1,51094.7,111124,144.005,-23.0332,75.4149,2791
64764.6,34729.3,129337,79486.2,56292.8,114394,322.42,9.05771,75.4415,2793
64128.2,37935.4,120606,45413.9,34041.2,100123,80.5394,39.1059,75.4444,2794
41840.4,23709.7,117418,34189.3,24796.2,98110,54.589,-34.6823,75.462,2796
79427,43403.4,130761,75473.3,50988.6,148787,144.005,32.0151,75.4661,2797
67659.9,36392.3,128171,61032.9,44041.6,105676,103.91,22.1113,75.5037,2798
62480.6,35930.6,127248,50174.5,36176.7,106651,107.572,32.4653,75.535,2799
66901.7,38232.1,127385,42716.6,30342.4,103322,93.4318,-49.6671,75.5372,2800
60727.1,31140.4,131690,69520.6,43546.6,121122,158.014,-32.1407,75.5411,2801
55929.9,32229.6,126731,44700.3,32703.3,103575,100.128,-3.33585,75.5951,2803
80567.4,41851.4,134678,74351.1,49823.9,114262,111.697,-1.95915,75.6261,2804
60298.5,34898.1,121365,43633.2,33288.1,97763.2,109.897,0.0562562,75.6547,2805
59409,32329.9,128174,52386.6,36976.8,106851,111.581,-4.07715,75.6606,2806
68531.2,36916.2,132042,69422,46632.5,112347,161.007,-12.2844,75.6686,2808
83139.1,43640.9,136806,74691,47896.5,117027,138.229,6.58222,75.6693,2809
58062.6,30674.9,131714,76960.1,50968.9,115497,219.888,50.9808,75.7198,2810
68340.1,39975.1,125243,66511.2,51956.8,105593,111.929,22.7866,75.7846,2811
62498.1,34595.7,127758,54257.5,38268.2,106360,114.774,3.37544,75.7977,2812
48921.4,26643.2,124904,54580.6,37600.2,104659,111,-23.1921,75.831,2813
53208.5,29271,125563,37588.9,25881.6,103500,132.042,-3.2829,75.8514,2814
49410.9,28027.5,124012,52654.6,37148.1,107428,149.601,-8.10135,75.8546,2815
64216.1,33137.5,135356,65522.7,45143.3,111786,139.443,-2.3298,75.9134,2816
59842.1,30986.6,131243,65279,46045.9,111894,137.536,17.6662,75.9215,2817
51826.6,29213.8,124240,59540.2,44911,106401,111.175,-11.702,75.9239,2818
74356.5,38428,133464,61884.5,40758.4,114404,145.505,3.82551,75.9507,2819
72523,38812.5,128850,55689.1,37839.5,108344,82.0578,-42.7836,75.9594,2820
56134.5,30613,127888,56007.2,39692.9,106831,116.747,16.372,75.975,2821
57846.3,31555.7,128512,84098.5,61053,111253,138.865,-55.068,75.977,2822
46247.8,24254.4,131599,54043.5,34556.9,112579,84.3928,-23.0862,75.992,2823
76564.6,42949.7,127455,63577.9,47338.4,107117,140.078,-4.3419,75.9969,2824
39624.1,21813,125178,71707.4,48353.8,115654,146.602,-22.7685,76.0291,2825
76844.9,40285.1,132402,61399.6,41369.7,111901,127.702,-7.67775,76.0383,2826
71074.2,40227.6,128050,55143.6,37047.8,110087,89.9929,-23.298,76.0386,2827
61749.6,33883.9,132070,63001,42284.9,110653,151.85,-1.4826,76.0408,2828
20409.1,9936.32,134816,46894.7,30096.8,117470,175.029,16.3158,76.0574,2830
81504.4,44338.1,128342,73975.9,56435.6,107370,243.392,-18.2148,76.1443,2831
59407.1,32583,128413,64223.9,45822.2,110494,114.774,3.1504,76.1811,2832
42897.5,23035.7,124216,57922.2,39828.6,108153,135.57,-32.6172,76.2085,2835
66582.1,36640.6,132284,89318.5,59882.4,115242,201.362,7.48239,76.2142,2836
77244.6,38855.3,135290,62362.1,41186.2,111663,104.084,-1.74735,76.2144,2837
58919.6,32646.3,125311,48026.2,34294.3,104521,79.2544,47.6039,76.2152,2838
44614.1,27161.8,129182,59021,38288.2,123449,139.905,-24.5159,76.2287,2839
68865.6,37305.9,127378,52461.3,38453.8,106186,174.512,-12.1256,76.2609,2840
64808.7,34691.4,127092,52387.3,36025.6,110776,114.02,10.4643,76.2654,2841
64040,34424.4,127395,51124.9,37189.4,104607,112.917,-4.9773,76.2739,2843
64506.4,35397.7,124508,53219.6,37976.6,104397,102.514,-2.3298,76.2844,2844
67926.2,36539.1,135499,77530.8,50742.6,114904,156.229,-0.2118,76.2867,2845
69700.9,35781.8,132193,54445.2,36723.8,110463,166.298,19.2416,76.2909,2846
70999.3,36848.8,135315,69890.2,46698.4,118970,197.535,1.96899,76.2949,2847
63151.3,34447.3,130856,73079.7,54305.9,113568,234.832,0.506307,76.3006,2848
52626.2,29524.7,121352,41552.8,30285.9,103245,65.2603,-12.1256,76.3092,2849
60229.5,34382.8,121498,46198.1,33294,102959,142.966,56.0462,76.3415,2851
61664.6,35173.7,125235,43603.3,30560.5,102804,52.8698,-15.5143,76.3934,2852
64899.7,36444.4,128415,57388.8,41709.2,104544,134.587,68.0821,76.4197,2853
66085.9,38882,122133,58037.1,47035.9,100983,124.11,23.3493,76.457,2854
63463.1,34355.9,130919,64191.1,45903.6,108141,184.146,-42.3071,76.47,2855
60704.1,33519.4,124109,48121.6,34972.9,101724,63.0667,11.0269,76.4796,2856
53855.4,29477.9,128053,60968.1,41493.9,111919,173.077,-5.4009,76.4834,2857
79651.9,44084.4,128763,68716.8,48383.5,108219,191.646,-10.8018,76.4936,2858
51384.8,29403.1,121533,32864,23585.9,97053.6,81.7074,-5.55975,76.5686,2860
79029.9,40359.2,138780,76812.5,50346.8,116557,119.067,10.8581,76.5965,2861
47926,24775.1,126605,54201.4,36770.1,109360,84.6846,0.337538,76.5991,2862
68963.3,37481,128493,60374.3,40646.2,110300,176.463,0.281281,76.7085,2863
64135,35613,127209,41813.3,29040.5,105064,150.697,-8.6838,76.7122,2864
63253,34545.8,126682,70129.9,46858.5,111017,170.837,-31.3994,76.7475,2866
57373.8,32841.6,121597,49833.8,35681.3,105085,123.705,-45.4841,76.755,2867
61372.3,34550.3,124356,45468.3,33117.3,104080,88.7684,15.8656,76.7665,2868
52462.5,26177.3,134737,84815,57900.7,117048,188.498,195.123,76.7917,2869
49889.7,27159.8,124177,51843.2,35085.3,110867,146.775,-10.643,76.8352,2870
76965.1,40768.3,130908,73800.8,49792.2,112273,201.305,10.0142,76.8567,2871
61339.8,33683.7,124191,52563.4,37418.4,105380,233.527,20.5921,76.8784,2872
72093.8,37202.2,131320,67774.9,47039,111940,217.555,31.0022,76.8788,2873
69526.5,36093.9,135000,81558.5,51303.2,120768,162.042,-36.5355,76.8963,2874
55749.8,31619.6,124991,53783.9,38161.5,107734,189.414,17.4974,76.9197,2876
55976.8,28991.6,134444,74621.3,52130.2,114070,152.023,-68.4114,76.9389,2877
57718.3,32154.9,122190,41877.9,29653.2,100292,87.8352,-23.5627,76.9972,2878
82842.1,43395.1,134104,69282.8,48696.6,111215,179.675,25.994,77.0122,2879
54598.9,28554.8,128176,67540.9,44288.4,112224,112.336,10.0704,77.0161,2881
54763.5,30012,125378,55581,38624.2,106772,95.5873,1.35016,77.0329,2882
71074.2,38860,127844,61920.3,42635.7,111219,59.1539,-17.8442,77.0809,2883
53204.2,31195.3,124736,51821,36733.9,103372,114.89,-42.6777,77.1247,2885
72694.6,40031.3,129571,55359.8,39479.4,108024,125.964,6.69474,77.1848,2886
63971.2,38333.9,121834,39187.9,28957,99352.4,163.826,-19.9092,77.2199,2888
76284.3,40225.9,134568,69554.8,49768.8,111869,103.91,-9.2133,77.2353,2890
68611.4,37258.2,128458,63983.3,46040.5,106248,168.367,18.7352,77.2445,2891
34965.5,20502.8,122446,53343,40092,109703,133.662,-24.4629,77.2962,2893
59893.4,34396.5,123552,41226.4,29595.6,101693,106.119,-44.3721,77.3007,2894
68533,37131.3,128966,56414.3,40296.6,106910,106.061,17.835,77.3291,2895
69163.2,36563.5,132115,76814.8,52738,111810,196.163,-1.85325,77.3328,2896
33829.9,21113,123839,57374.7,39831.8,111235,118.893,-20.0151,77.3346,2897
59111,34699.2,121953,42745.9,32531.8,97818.8,123.357,15.5843,77.3362,2898
47460.1,28841.1,118193,40240.5,30348.5,97175.5,97.3343,-14.5083,77.3451,2899
60729.1,35499.4,123879,50152,35278.6,104012,106.526,1.80022,77.3881,2900
42861.6,22478.4,128580,61865.9,42577.3,110342,98.557,-26.1043,77.399,2901
65114,36535.1,125442,49795.6,37482.8,100911,152.541,0.675077,77.4051,2902
60865.3,35304,124084,52833.7,35152.8,106801,136.033,-9.4251,77.4244,2904
70927.5,38335.1,138216,88455.6,55474.2,122568,139.385,-17.7912,77.4532,2907
77443.8,42644.2,135244,69373.8,46325.6,112419,165.033,-7.8366,77.455,2908
49783.5,26781.7,124797,46747.7,34071,104146,80.0722,-4.39485,77.4947,2910
65630.3,34639.2,129372,62445.4,43803.8,107696,164.343,-44.1073,77.5367,2912
39524.4,19892.1,127148,63150.5,47471.6,108351,172.101,-14.5612,77.5406,2913
81074.8,45574.5,134175,75232.9,56415.8,109622,126.37,-8.1543,77.5429,2914
57346,31647.4,124281,43182.9,29964.1,103485,82.0578,1.2939,77.5473,2915
69902.1,36864.8,126770,58780.6,40477.1,106349,115.703,-21.0741,77.55,2916
61148,33316.6,126665,51887.7,38181.9,104803,95.3543,3.37544,77.5574,2917
45880,26021.5,123302,49678.5,34119.3,107631,111.349,2.02525,77.576,2919
50085.5,27108.8,125353,46557.2,32873.1,103817,115.122,22.7303,77.5985,2921
75782.5,39461.5,138596,82911,51296.5,120432,160.086,-42.2541,77.6159,2925
73442.3,40028.8,132215,60004.9,44042,108624,87.3686,-1.85325,77.6415,2926
56581,32450.8,121660,42530.7,30323.6,100462,120.285,11.1394,77.7032,2929
69381.2,40864.6,125455,52377.9,38602.1,103060,92.9656,3.54421,77.8188,2932
70260.9,38345,129577,54906.6,39931.6,107818,209.978,7.70744,77.8299,2933
70629.8,41729,121697,50161.4,37278.6,100581,127.528,-54.009,77.8559,2935
71084.6,40214.4,124533,57475.3,41676.7,105210,130.133,28.7513,77.8782,2937
43916.7,23648.9,120055,51210.2,37760.7,100807,105.829,-5.77155,77.8996,2938
63824,32676.3,130590,67290.9,46898.1,110927,125.443,-9.37215,77.9174,2939
61368,34514,124966,39803.9,28749.1,101096,87.3686,46.3095,77.9222,2940
44847.8,25355.8,128480,52354.2,38904.7,104336,177.61,22.8428,77.9372,2941
55925.4,26622,144146,107138,61796.8,128333,180.936,-13.8729,77.9523,2943
45117.4,23760.1,126633,60853.6,41437.3,122308,205.244,-21.4977,77.9636,2944
55857.9,31408,131222,72079.2,46680.6,118523,262.729,1.74396,77.9661,2945
70559,39072.7,126945,58707.1,41511.1,107115,199.249,-19.3268,77.9911,2946
65834,35222.4,127029,46599.9,32624,104493,155.249,12.4335,78.0175,2948
77652,41620.7,131590,67258.5,49180.9,107871,134.298,42.4262,78.0412,2949
41579.2,24464.7,132259,69538.2,49960.8,111518,149.717,1.51893,78.1065,2951
66405,37293.7,127880,56466,39291.2,110059,160.777,-3.75945,78.164,2952
63112.4,34840.2,122344,48649.1,34563.6,104378,162.963,-7.8366,78.2176,2953
67671.9,36573.8,135535,77776.1,49108.1,117844,299.95,61.1117,78.2652,2955
60380.3,31918.7,132082,80321.4,52583.3,112072,193.076,14.4027,78.268,2956
39081.6,19402.9,131166,74356.1,49725.3,114619,213.625,-7.57185,78.2734,2957
68629.7,37639.2,127717,55467.5,40645,107262,101.525,-1.059,78.3043,2958
48247.2,31239.6,114952,43131.2,33470.7,96868.7,66.5043,24.6435,78.3195,2959
68061.2,34994.9,130606,73136.3,50812.9,110933,234.492,-5.24205,78.3539,2960
54870.9,32055.6,121509,43704.6,31558.8,100241,92.3829,-6.19515,78.3861,2961
32131.1,14184.1,141804,70048.6,46334.7,118314,154.616,21.3798,78.4479,2962
59707.9,36052.3,124471,55555.9,42726.1,103902,185.234,-3.2829,78.4725,2963
51634.5,28179.9,120496,39607.1,28920.3,101224,78.2612,-30.6051,78.4749,2964
72878.3,40622.7,123917,53457.4,39533.3,102302,113.613,73.0226,78.4996,2965
64086.8,33132,136344,83399.1,53054.9,121246,171.756,31.7338,78.5199,2967
59569.4,35124.3,123491,40690.2,29476.6,101335,71.4792,53.4572,78.5551,2969
61980.6,36372.1,119808,37863.8,27752.6,98230.4,112.452,-4.4478,78.5955,2971
68601.8,41415.9,127510,53710,40600.9,104965,140.194,-44.8487,78.5988,2972
48871,25987.5,127298,63206.8,44930.5,108061,96.6356,11.1957,78.6054,2973
68502.4,40279.3,124832,47015.9,37368.4,100175,172.675,36.0107,78.6127,2974
58646.1,33069.1,124601,68287.1,50621.2,107472,144.813,-11.3842,78.6258,2976
59383.9,33011.6,128167,58786.4,42462.8,109386,207.013,-23.5098,78.6386,2977
54557.6,31402.6,129555,59394.5,40484.1,114569,188.67,-6.08925,78.6844,2979
76510.5,40779.1,130737,66673.6,46045.1,112491,108.154,-10.8018,78.6895,2980
51745.3,27588.9,128392,51295.3,36830,107929,105.887,7.70744,78.7212,2983
80907.5,41757.8,134961,71035.3,47592.3,112083,216.074,-21.9213,78.7281,2984
70654.6,37034.2,129034,57048.6,38330.7,108610,164.573,-36.5355,78.816,2988
64606.4,34230.8,127152,62923.3,42842.8,109471,115.877,4.1068,78.8222,2989
65115.2,35513.4,124216,43696.5,30491.4,100760,112.742,5.3445,78.8794,2991
53489,32205.7,117076,45499.4,35137.6,98305.2,67.9094,-14.4024,78.8836,2992
51016.4,28066.6,125313,47553.6,33542.6,103950,109.374,11.5895,78.8854,2993
56610.5,33073.8,120363,39808.7,28686.4,100845,131.29,-32.4054,78.903,2994
48031.3,25631.9,128380,63838.4,44950.8,114775,122.836,7.20109,78.9042,2995
59673.6,35218.8,124553,49377,34444.4,104251,157.15,-1.11195,79.0003,2996
69584.1,38723.4,140790,69756.5,40421.3,121079,122.72,-4.1301,79.0172,2997
33692.6,18863.7,124002,56514.5,38407.4,107934,157.496,-6.40695,79.0254,2998
62691.9,33822.4,127500,53363.8,37273.2,108395,45.6375,-0.5295,79.0272,2999
55674.5,34488.4,117537,48899.9,37497.7,99860.6,96.2862,79.0669,79.0297,3000
55394.9,26649,134691,104728,64245.1,122070,250.298,-21.0741,79.0416,3002
41836.8,24411.5,122229,48537,34414,104706,66.4457,-45.4311,79.0645,3004
57769.8,33425.6,119459,44137.8,32682.9,101186,52.2177,45.9155,79.0941,3005
47139.5,26932.1,121813,40002.5,28040.7,101688,50.5578,-12.0197,79.0961,3007
57061.8,30371.1,128773,63330.4,47286.6,110199,202.39,-4.236,79.1047,3008
62211.2,36266.7,122358,43010.5,31607.1,100151,100.128,3.54421,79.1134,3009
63595.5,38147.2,121066,48635.7,39064.6,98795.7,136.148,-6.5658,79.1369,3011
68333.1,36553,131245,61811.5,44257.2,110070,129.843,-15.3026,79.2598,3016
55013.5,29614.4,126830,49662.4,33375.4,104653,115.064,8.60762,79.272,3017
49992.7,24086.5,138443,97193.1,57581,121969,256.743,0.731334,79.292,3018
63034.8,34476.2,128267,53718.3,36477.1,107526,167.16,-6.72465,79.2981,3020
84966.7,45351.6,132621,71857.7,54282.5,107453,134.472,5.45702,79.3339,3021
59192.1,31405.9,126732,65237.5,46467.5,110673,149.082,28.5825,79.3741,3022
56993.2,29921.9,134159,74503.1,52923.8,115536,119.937,24.756,79.3895,3023
71221.7,36693.2,132435,63169.3,40069.5,112007,235.172,2.30654,79.4074,3024
60759,35220.8,124434,56051.2,40355.6,103781,102.572,-14.2965,79.4206,3026
71827,37552.2,136174,91810.4,58381.9,120538,173.881,-23.7216,79.4568,3027
67385.2,36415.1,128707,61415.4,42416.7,109995,163.768,20.7046,79.4596,3028
61451.4,34629.5,124910,44152.4,31966.1,101332,118.719,-10.537,79.5051,3030
68600.7,32984.7,140696,89151.7,55834.3,121472,121.039,17.5536,79.551,3031
40032.5,22247,126475,58633.4,39405.6,114396,175.258,8.38257,79.5693,3032
53359.6,26370.7,134245,71276.8,47093.8,115387,223.301,18.2288,79.5716,3034
70428.6,38902.8,126942,60467.9,41573.3,108859,211.973,5.00695,79.6091,3035
60569.5,34028.7,124988,48178.4,36163.7,99976.4,79.7801,43.1579,79.6834,3036
68389.7,37635.5,126786,47134.9,33849,105280,128.744,7.81996,79.7008,3038
68175.3,37001.5,127626,59945,42985.2,105612,192.275,-29.705,79.7035,3039
71828.1,36207,136231,88670.8,57192.7,124404,298.213,-14.7201,79.7106,3040
80499.5,41751,133844,64300.6,41228.2,113943,211.574,2.70034,79.7126,3041
41497.9,22671.7,120334,36124.9,26498.6,99507,59.8653,12.321,79.7154,3042
66560.3,34774,131446,62086.9,41234.5,111734,106.643,-12.761,79.7391,3045
68691.1,36464,127268,62867.1,45161.8,108713,143.774,-13.714,79.7929,3046
43812.9,22666.7,124766,51023.8,34485,111995,164.171,11.3082,79.7946,3047
67099.2,35531.8,129333,52513.1,35105.4,110367,123.531,2.36279,79.7999,3048
53117.1,28601.6,131378,73962.8,46615.4,118265,106.643,1.6877,79.8302,3049
61800.7,35616.4,121814,72493.6,62034.5,99880.9,135.455,-35.8471,79.8926,3052
57660.6,28063.2,133731,83549.1,55238,120491,190.787,17.7787,79.9348,3053
54202.5,26092.4,143629,101847,60898.8,127894,298.549,-15.7261,79.9405,3054
52746.9,29305.8,123528,50630,35560.7,105392,84.9181,15.0779,79.9615,3055
76988.4,41682.5,130289,74826.9,52636.3,110037,168.827,-26.5809,79.9644,3056
36926.2,20925.6,115070,37191.4,28755.4,95378.3,66.9142,-7.0953,79.9737,3057
71501,38711.7,135073,86624.6,56995.4,118605,216.074,57.7347,79.9762,3058
79056.3,42182.7,128065,65294.4,45622.4,107694,176.234,-9.9546,80.099,3061
78878.4,40790,137478,79943.5,53406.5,116436,181.223,-0.37065,80.1904,3063
49292.9,27376.3,124177,56884.5,38705.9,110059,125.037,-14.0847,80.2017,3066
66830.2,34165.4,133743,58894.4,39047.6,110838,121.966,4.95069,80.2312,3069
79052,46083.9,128309,67639.9,49056.6,108364,109.374,6.751,80.2366,3070
62803.3,34923.6,137408,58728.1,34099.3,117553,145.794,-0.47655,80.2427,3071
45352.4,25054,127272,65176.2,48149.1,107957,170.378,4.16306,80.2466,3072
66349.5,36610,125581,52170.5,38162.3,104301,163.711,-28.4871,80.2901,3075
73234.6,35595.3,146048,79654.9,44178.7,121409,201.362,-24.4629,80.3042,3077
65739.8,37322.5,121570,47117.8,35880,103143,142.792,0.61882,80.3064,3078
58306,32448.4,123572,44719.2,32110.7,100625,108.386,-18.3207,80.3157,3079
69973.2,38485.6,128559,53414.3,38415.3,104452,78.1443,19.4667,80.3302,3081
52266.4,27993.8,123736,45156.5,31696.6,105131,83.6924,11.3645,80.34,3082
68441.9,37074.9,127860,58242.1,42584.5,106978,169.516,12.4897,80.3554,3083
73566.5,37575.6,135759,76914.7,50442.6,114358,144.582,-36.0589,80.3584,3084
73557.1,36633.5,135424,68685.6,45237,114164,100.769,1.06887,80.3643,3085
65434.1,38658.6,123541,44022.2,32360.2,102972,149.428,5.73832,80.3681,3086
48792.3,26454.2,122003,52041.8,38377.4,106957,134.414,15.0779,80.3794,3087
70994.4,36034.7,132178,77309.9,52225.5,112162,138.98,3.31918,80.3932,3088
81576.2,41279.2,135630,78286.4,51987.7,114897,229.382,-14.7201,80.4178,3089
74568.2,42031.1,127496,62731.4,46355.7,104684,185.75,7.98874,80.4221,3090
57675.8,33341.3,124460,43386.8,31683.4,103094,139.385,7.59491,80.4253,3091
70125,37348.9,141444,81039.2,45866.7,124026,228.36,3.54421,80.4306,3092
69114.3,38204.4,129220,54387.7,37226.5,106862,76.5664,1.35016,80.4991,3093
67747.7,38370.7,124497,55460.9,39384,104873,132.563,-5.03025,80.4994,3094
21214.9,15627.7,105430,66448.6,49046.2,112184,227.792,0.225025,80.5197,3095
67950.8,35227.7,130676,50739,35375.6,107345,125.095,10.408,80.5444,3096
58688.4,33585.5,121960,44917.1,34651.9,99673.3,83.0503,77.3486,80.5444,3097
66238.6,36477.7,127270,70198.9,50679.5,109813,98.7898,-15.885,80.579,3098
36723.6,19595.8,125020,73130.3,49778.9,117948,218.636,-4.50075,80.5827,3099
36999,19594.9,151359,66584.8,48554.2,127332,173.938,-5.13615,80.5831,3100
65456.7,34507.4,129028,74115.6,49752.9,112161,135.975,11.6458,80.612,3102
84974.7,48965.7,129040,72509.3,54259.4,108067,199.934,0.675077,80.6302,3103
71045.3,42281.4,123653,53878.8,40588.8,103109,128.338,-13.2905,80.6519,3105
71252.9,38553.8,132054,60177.7,43723.1,109652,117.269,-1.11195,80.6547,3106
77266.5,40553.2,133828,74993.9,54552.4,109537,127.065,0.61882,80.7066,3107
73796.5,39979.7,134573,78444.4,52772.5,116764,219.148,11.3082,80.7349,3108
57642.9,31169.2,128063,53893.9,37641.2,107399,76.7418,-23.9864,80.7765,3109
69514.8,37753.1,128314,49520.2,34030.7,106549,155.941,6.13214,80.7849,3110
28462.1,16727.2,151027,54081.6,38102.4,135249,251.939,-4.28895,80.8181,3112
49665.3,29937.7,120789,45095.8,34823.7,97602.7,73.5848,4.16306,80.8739,3113
42390.8,23497.5,131279,76600.8,46780.2,116916,182.599,-0.6354,80.8751,3114
63000.7,34272.1,132321,65516.4,48294.8,110165,193.476,-14.1377,80.9276,3116
73639.9,39000.1,129160,56937.6,40760.9,107474,133.084,3.4317,80.9297,3117
72651.9,37992,129124,67206,48456.1,107828,90.8674,-44.1073,80.9397,3118
60456.2,35053.8,120638,46529.5,34941.3,99627.5,78.8454,-46.4371,80.9676,3119
72461.9,39949.1,132203,80262.2,53789.1,114621,174.914,-32.9879,81.0238,3122
73087,36801.3,134972,72490,48385.3,116694,156.517,43.8895,81.0356,3124
68797.3,38714.9,132190,80718.6,61228.7,111367,96.6356,-40.8245,81.0936,3126
45741,24647,131332,79673.7,47481.6,121494,130.538,14.2902,81.0953,3127
66858.5,35565.7,127871,51987.3,35434.2,105102,134.529,-5.6127,81.1078,3128
74654.7,37695.5,135261,67069.9,45272.5,116047,259.624,27.1194,81.1128,3130
57891,30402.1,129155,61015.4,42265.3,110561,146.313,18.3976,81.1132,3131
80265.4,42101.5,135179,78640.6,50204.8,117259,412.116,-16.7322,81.16,3132
59012.6,33093.9,127089,49972,34770.9,104952,141.176,-0.5295,81.2003,3135
75881.5,41233.4,131777,70520.2,48204.1,111554,185.406,-7.67775,81.2099,3137
69005,33937.7,138131,69425.8,40760.6,163211,160.662,-17.9501,81.2372,3139
81856.3,43387.9,132104,67254,46575.1,109701,190.33,14.1214,81.2516,3140
55677.8,31224.9,121334,46651.9,32848.3,104138,21.0976,11.477,81.2645,3141
23378.7,17252.2,98523.4,48233.8,43494.2,88261.5,258.268,-1.53555,81.269,3142
73811.9,38190.4,130515,83972.8,57825.6,114573,170.263,15.9219,81.3016,3143
62935.5,35923.3,124267,39632.1,28060.1,101853,85.5016,-8.52495,81.3237,3144
56011.4,31673.8,121326,35881.5,26980.5,97082.5,90.8091,2.25028,81.3379,3145
46515,24049.7,128007,75086.3,49191.3,118337,163.308,-39.4478,81.3455,3146
78829.2,41244,130577,81077.7,55824.2,111983,113.729,-19.5385,81.481,3149
65121.8,35460.5,132568,54893.6,40370.2,106713,65.4382,-3.22995,81.4967,3150
61856.3,35800.7,124633,44036,32330.3,100504,112.104,8.72014,81.5397,3153
60718.4,33410.7,125223,42506.8,30925.9,101778,66.7971,-35.1588,81.5499,3154
73391.8,40110.4,128389,62175.2,45451.8,106768,129.38,11.0269,81.5904,3155
69743.5,38936.2,124373,56007.7,39993.9,106758,109.722,-14.5083,81.5981,3156
66453.8,35241.5,128606,51723,36375.3,110050,216.644,12.2084,81.6027,3157
74694.7,40479.3,128048,59793.6,42703.9,108169,141.464,24.6435,81.6088,3159
59345,31578.9,126855,48474.7,33531,104223,91.1006,1.96899,81.6162,3160
57160.7,33001.5,121790,36647.3,28204,96127.4,72.1811,-20.5446,81.679,3161
34381.8,22659.4,117131,31151.4,25076,93364.6,173.364,4.1068,81.7516,3163
47067.6,24834.2,123842,46503.3,31539.9,107454,170.493,12.7148,81.7535,3164
31261.2,15073.8,152267,50972.9,35879.6,124293,153.348,46.0281,81.7559,3166
73630.9,39413,127400,59349.3,42715.4,104848,111,-1.5885,81.793,3168
75657.1,37952.3,142881,77121.9,44016,123764,213.113,-1.8003,81.8074,3170
65383.1,40584.6,123474,51083.4,36787.5,103963,126.543,20.0857,81.8505,3173
56138.3,31251.5,120673,46803.5,34471.4,104056,88.0102,-11.702,81.8803,3174
79802,42321.7,138718,80975.8,51266.2,117540,177.955,-4.81845,81.8881,3175
51195.5,27254.5,126788,82481.3,57774.1,113780,232.789,-7.25415,82.0299,3179
40572.7,22013.9,119741,47540.7,34255.4,103152,78.787,-1.32375,82.036,3180
49076.1,26981.2,123749,47782.3,33889.8,106956,99.8957,11.8708,82.036,3181
63744.8,36754,124372,43159.2,31769.2,102600,118.313,-5.77155,82.0369,3182
50198.4,26308,130527,83327,54447.8,120299,280.474,5.68206,82.0704,3184
56620.2,33619.4,122027,38711.7,29087.4,98134.7,98.7898,3.09415,82.0883,3185
72040.4,38444.8,128855,59813,40859.3,110252,106.526,-18.6384,82.149,3186
63444.2,37372.1,127162,53210.3,38721.8,104681,169.803,21.6612,82.1604,3187
76755.4,36870.7,141985,82913,48304.5,124118,250.242,-3.54765,82.207,3188
59085.1,32018.1,124949,62238.6,44379.6,107155,180.42,32.803,82.2176,3189
47735.8,26722.5,120086,43656.1,32381.9,98410.9,123.821,60.6052,82.2261,3190
34799.7,21174.2,111894,36386,27258.8,96649.8,111.523,5.11946,82.2389,3191
68322.1,35219.9,134135,80870.5,55604.3,114313,229.325,85.381,82.2459,3192
61023.4,34030.9,124144,46268.3,34166,100360,101.118,30.4958,82.2463,3193
73494.9,39484.2,128838,59123.1,45569,104641,78.8454,-43.0483,82.2465,3194
59955.5,31988.6,132643,60975.9,43523.3,110902,141.869,-22.3449,82.2599,3195
31456.9,24245,105155,45942.1,42749.2,89360.9,154.097,47.1537,82.2746,3196
62103.2,34232,127093,56080.3,39097.4,107424,119.241,13.0524,82.2829,3197
43427.2,22984.8,124219,57982.7,41556.7,108752,82.0578,-20.121,82.3018,3200
78671.8,41669.2,132346,71428.1,46690.4,114362,247.922,8.60762,82.3621,3201
62624.8,32593,129723,56113.5,37617.7,110183,182.771,13.0524,82.3704,3202
76850.1,40899.7,129105,64223.7,47756.4,107583,79.2544,-4.8714,82.389,3204
58486.6,31349,124870,52555.9,35541.3,108377,89.9346,5.96336,82.3933,3205
39061.9,24104.8,127267,68718.5,47338,117886,126.428,-3.8124,82.398,3207
75227.4,38706.3,136791,76338.2,49486.3,116849,152.426,12.8836,82.4023,3208
46891.9,25576.4,125749,56021.3,38818.9,105321,131.174,27.3445,82.4137,3209
63413.7,37004.7,123590,50880.1,36706.4,104018,146.717,-7.67775,82.4351,3211
63248.9,33503.5,127608,64321.7,41762.9,111198,140.136,-10.8547,82.5205,3213
42554.3,21925,125266,54895,37978.1,107747,140.425,-9.79575,82.5575,3214
51775.3,28700.3,124395,48301.3,34471.4,104019,91.1589,-0.3177,82.5592,3215
65123.5,38040.7,125270,44664,31611,104322,84.9764,60.6052,82.5601,3216
68986.3,37802.7,127164,52287.9,36752.7,107433,53.4626,10.6893,82.6279,3219
68551.4,39962.7,127447,67723.3,46885.1,110409,170.493,-8.6838,82.6355,3220
73888.9,39302.2,134595,74335.4,47600.7,120505,206.385,-12.708,82.6753,3221
61142.3,34089.5,127110,49802.1,33393,105395,115.471,15.7531,82.7209,3222
54569.4,30566.8,134884,74977.4,49638.3,116690,234.321,-7.413,82.756,3223
26390.1,12739,131280,36450.2,27683.7,103174,201.648,-0.79425,82.8133,3224
79779,42433.3,136656,68092.7,43100.6,115649,141.349,-4.4478,82.8169,3225
61495.8,32587,131997,63355.8,43559.3,110543,123.995,6.63848,82.8207,3226
42323,22474,121325,54452.9,39658.5,105513,170.148,-3.7065,82.8293,3227
68086.1,38080.8,125302,49334.1,36168.8,103827,248.318,-6.40695,82.8341,3228
76230.4,38499.7,134530,73964.3,44886.3,116758,195.249,-17.8971,82.8481,3229
73248.7,42586.7,126566,59446.7,44721.7,104623,211.232,51.431,82.885,3231
62150.3,34842.6,126848,58914.6,42814,110204,161.352,9.33902,82.8916,3232
62108.6,36444.7,122463,45345.3,33652.9,103309,105.945,-23.0332,82.8962,3233
50791.3,27191.7,142331,102718,57669.3,128622,152.023,-34.4705,82.9374,3234
55681.3,32132.5,124057,60417.7,45436.2,105026,100.245,13.4462,82.9526,3236
48671.7,25911.7,127936,54893.9,39270,106642,69.4898,-15.8321,82.9978,3238
35549.9,18161.5,158208,79480.9,50609.1,135348,119.647,-7.36005,82.9999,3239
57639.1,31187.1,123062,49505.5,35190.1,103560,80.0138,-18.8502,83.0095,3240
75349.5,40845.7,129406,61307.9,43762.5,106986,164.746,-18.9561,83.0304,3241
61900.1,29793.2,135720,89225.5,53191.1,121393,112.394,-60.6278,83.0558,3242
23753,14204.6,105742,30966.2,24317.6,91676.2,70.4846,-6.354,83.0573,3243
76250.4,40536.2,131485,58185.9,43390.8,107838,169.631,-20.5976,83.1984,3245
48909.1,25671.5,127745,54158,37179.6,108249,103.968,-35.5294,83.2337,3247
40979.8,24196.6,124824,78391.1,55870.5,110333,208.895,0.900104,83.2579,3248
59953,33314.6,126677,54406.6,36570.8,116966,140.656,-32.829,83.2715,3249
69647.1,35190.7,132322,76589,51035.6,114923,171.871,40.5128,83.3703,3252
59259,31483.3,128241,54632,38355,107646,164.688,19.6918,83.414,3254
76299.6,43554.3,125703,58676.1,44245.8,104476,134.587,64.6377,83.4295,3256
64021.5,34175.9,127445,52117.9,35636.7,106777,149.255,28.5262,83.4475,3257
64915.5,36927.4,123802,51169.6,36744,105039,119.241,-8.0484,83.4614,3258
58101.6,33560,120340,41916.9,32614.3,98240.4,60.9325,-1.00605,83.4763,3259
65634.8,36064.9,126849,57781.4,41094.5,107152,236.307,10.5768,83.5338,3262
64887.2,35389.9,126822,57519.1,42964.1,104519,173.708,-0.2118,83.5494,3263
61891.3,36106.9,121402,47192.9,35510.5,102223,133.951,14.6841,83.6315,3266
60704.8,32765.9,127436,47500.8,33938.6,104404,45.0447,1.63145,83.6337,3267
65309.7,36182.7,131627,52345.6,38387.1,106625,131.579,-22.3979,83.6505,3268
48569.8,25820.8,126571,65118,43641.8,113717,155.077,5.68206,83.6932,3269
67001.6,38307.7,121832,53481.9,41131.3,102692,111.175,-58.9863,83.7431,3270
62033.9,37783.2,121207,44928.9,35280.3,96405.9,113.323,-14.2435,83.7713,3272
48928.1,27227.6,125573,46422.8,33076.4,104457,63.4225,35.7293,83.7928,3275
49583,29416.2,127185,65878.3,48553.5,110750,189.586,0.78759,83.7986,3276
73339.1,42512.7,128336,69872.2,50227.3,111472,230.348,-10.4312,83.8764,3278
23784,13026.9,124733,57604.3,34507,113932,172.33,-2.06505,83.8895,3280
58360.9,33392.6,124740,49942.2,38673.9,103664,135.975,-26.7927,83.8961,3281
61370.5,36258.1,121927,48288.6,34047,107624,114.194,-10.9607,83.899,3282
81004.5,42996.2,134884,77185.5,49777.1,118699,240.956,-25.3101,83.9073,3283
66926.1,36695.9,130869,81190.4,57694.9,124404,181.854,-16.7322,83.9411,3286
49655.9,28087.9,124088,54444,40249.6,107235,36.4493,1.01262,83.9453,3287
61572,30096.3,135888,73528.9,46452.3,118319,177.324,35.7855,83.9492,3288
62103.1,36342.4,120554,46708.2,36008.9,98413.1,63.126,57.9598,83.9747,3290
44078,23761.2,132297,50143.7,32975.9,111509,198.392,12.4897,83.981,3291
44865.7,23621.1,121336,54462.7,39226.4,107731,207.697,35.8418,84.056,3293
60204.7,35998.3,122013,41973.4,31957.2,97153.5,84.9181,18.1726,84.0667,3294
35324.2,18793.5,119557,54970,39551.1,104093,185.12,-9.2133,84.1267,3296
63068.9,32657.4,129224,61784.8,40756.6,110456,194.62,-6.7776,84.1437,3297
66113.3,33571.5,133981,67843.7,47781.1,110657,143.774,13.9526,84.1533,3299
67305.8,36749.5,129060,62064.4,42199.8,107022,288.172,-12.708,84.1576,3300
50840.1,27510.5,127838,72667.6,51679.7,111600,197.363,-19.2208,84.1593,3301
77577,41425.5,128889,68393.1,46214.9,109952,154.328,-6.93645,84.1756,3302
26934.1,14472.1,118117,62021.1,44329.7,110242,183.917,5.56954,84.194,3304
55677.2,31715.4,123711,41966.2,29778.2,103119,74.1696,-7.9425,84.1969,3305
44205.7,23343.7,134567,71773.9,43285.1,120810,33.4262,21.6612,84.2271,3306
51057.8,28864.2,129731,58244.4,38214.1,113517,107.049,-16.997,84.2531,3308
43477,23703.2,120866,48902.7,36615.5,101420,80.1306,26.8943,84.2683,3309
75814.5,42489.7,128872,67928.2,54106,105222,169.516,-1.74735,84.3376,3310
68811.7,38791.3,130248,64400.7,46682.7,107714,138.98,-36.6943,84.3382,3311
60162.3,35660.9,122180,48519.8,36171.8,100705,140.309,-21.3388,84.3692,3312
60978.5,32153.7,127779,59089.5,41127,106344,74.0526,-25.0983,84.4287,3315
66246.5,38763,123979,46703.9,34921.7,100594,98.557,4.38809,84.4566,3317
50898.3,30656.6,119872,36862.4,26962.2,97865.2,132.737,0.281281,84.5219,3318
66230.4,38541.2,127970,72441.7,53516.3,110484,153.752,1.35016,84.5298,3319
76288.6,40109.4,133535,72237.7,49859.4,117040,188.727,-6.61875,84.5377,3320
35688.4,20170.1,122012,52989.7,35870.3,120409,219.319,11.0269,84.5493,3321
55799.8,29674.4,126856,62767.5,48443.3,107394,200.905,-26.0514,84.5524,3322
48621.9,28356.5,119037,42344.5,32508,98145.8,93.1404,-3.54765,84.6017,3323
64038.8,35361.4,124600,55238.9,39734.2,104849,165.896,-10.3782,84.6145,3324
53968.6,30058.9,124725,57187.3,41554.2,107430,75.222,-22.7685,84.6387,3325
59248.4,30919.6,127259,60085.6,42424.5,108716,80.1306,-7.5189,84.6404,3326
58730.1,33824.8,122389,53656.2,35599.8,110598,113.033,26.7818,84.688,3328
76146.5,37981.9,141184,77630,47313.4,121453,170.608,5.85084,84.7345,3330
61075.8,33850.2,124706,51888.9,37398.6,104232,95.8785,-2.91225,84.7586,3331
60533.7,34342.2,126824,53544.7,38780.1,106886,123.415,-5.34795,84.7702,3332
46432.2,25850.7,122612,42355.9,28988,104011,317.287,-5.87745,84.7916,3334
66631.1,39969.8,124062,51238.3,36074.9,102896,102.921,79.5102,84.8083,3335
26980.2,11392.1,162393,37101.4,24155.2,131905,99.3719,51.5999,84.8811,3338
67083.6,37249.3,128639,53997.7,35796.9,109406,162.56,13.7276,84.9153,3339
63182.9,35974.3,124608,53616,40329.4,104524,144.871,-7.88955,84.9545,3341
46524.3,26117.1,120020,40788.3,30305.2,100706,115.877,-19.3797,84.9775,3342
75065.5,39517.2,133924,62615.9,43458.5,112533,122.198,16.2595,84.9776,3343
49048.6,27983.4,127127,52990.1,38240.5,108301,178.93,-2.38275,85.0089,3346
75224,43126.5,126999,61544.7,46973.2,104279,127.18,24.4184,85.0543,3348
66167.3,33927.6,131399,62976.2,41605.8,112827,69.9579,1.91273,85.056,3349
57302.3,29837.1,134339,61546.1,38474.5,114501,122.488,-3.22995,85.0611,3350
64899,37148.1,122136,44322.3,33803.5,97995,96.4026,-17.6853,85.0923,3351
53954,29609,122417,40879.4,29051.5,99826.1,132.1,26.8943,85.0962,3352
52738.1,31052.2,138582,102728,60532.4,128429,237.385,1.96899,85.1148,3353
37475.2,18225.4,145437,71807.6,48255.9,118146,98.6734,-4.236,85.1759,3355
55764,29947.8,124945,41996.4,29551.7,104044,43.5034,-25.7337,85.1791,3356
75728.2,40160.7,131229,59695.6,39529.1,110762,206.613,26.1065,85.1986,3357
81159.1,41706.2,137321,75885.2,48662.8,114940,189.586,4.89443,85.2089,3360
74920.8,40803.7,127702,61328.7,41737,110613,212.03,-16.6792,85.2098,3361
69706.7,37968.2,129099,52336.6,36895.1,104599,65.6753,-36.6414,85.2136,3362
63439.9,36582.5,121791,59132.3,45095.5,102973,107.631,2.64408,85.2208,3363
67587.9,36637.6,128104,63389.9,44847.8,107832,113.265,-0.58245,85.254,3366
59954.8,30803.2,131624,54809.2,37277.9,110113,201.876,24.1933,85.2576,3367
35613.8,18771.9,131422,66333.8,44382,114894,185.635,-4.28895,85.2751,3369
58435.4,29957,131549,58817.7,39195.7,112057,176.291,-2.91225,85.2753,3370
53205.6,27985.3,127046,76294.9,54858.9,113808,160.892,-17.3676,85.3579,3372
80017.8,40704.6,135995,67568.1,41850.2,118225,213.113,3.1504,85.3635,3373
35825.7,18849.1,123574,59032,43739.4,109499,169.918,-20.3328,85.408,3374
67320.6,37625.2,127661,47859.9,34573.7,104144,113.265,3.99428,85.4163,3375
58575.2,31723,126666,45236.5,30917.2,106766,92.208,-0.90015,85.4275,3376
71173.7,37435.3,134456,68617.3,47436,111608,271.074,1.2939,85.4318,3377
79426,43605.3,131153,64728.2,42540.8,114345,254.878,-4.50075,85.4999,3378
80261.1,40730.8,135696,75407.4,49123.5,115800,135.744,-17.5264,85.5317,3379
56649.4,30040.8,139384,96172.2,59349.9,121667,294.682,-8.52495,85.545,3381
45162.6,25150.3,121959,41031.8,28285.2,110157,147.756,7.36987,85.5467,3382
42339.8,23927.6,123778,40983.5,28090.9,117482,146.198,-31.1346,85.5467,3383
52547.5,30692.5,122294,51973.6,38904.5,103531,196.735,0.112512,85.5903,3384
71452.1,37458.2,128805,56468.4,38422,108452,113.904,30.7208,85.6088,3386
50142.8,25596.5,129519,68975.6,44017.2,118243,209.921,-10.8547,85.6138,3387
73912.9,39645.8,131861,71853.9,51017.5,110661,155.768,11.7021,85.6228,3388
64544.3,35579.7,123820,44477.6,31245.6,104204,146.025,83.7755,85.6567,3389
69811.1,37166.7,128494,68759.6,46953.5,114398,142.85,-5.9304,85.6656,3390
68162.7,38687.5,128127,55683.9,40415.1,104705,84.5679,-24.8335,85.687,3392
61183,36531.9,120387,46914.9,36031.4,98094.8,122.952,17.1035,85.7512,3393
77755.8,41443.1,138560,80216.4,51155.2,118694,119.879,-11.2254,85.7537,3394
41253,24499.7,120855,45842.6,28704.3,114905,101.35,-2.3298,85.7831,3396
74193,38615.2,131159,65852,46358.3,108453,151.792,2.86911,85.8161,3397
40532.6,25775.7,111469,33212.3,26350.3,90925,48.068,-7.3071,85.8263,3398
35343.9,20220.6,120889,56541.2,40285.6,104893,171.814,9.90164,85.8318,3400
44728.7,24004.3,121534,43024.6,30941.7,104889,115.645,21.0422,85.8827,3402
61554.9,32997.1,125099,58312.5,40596.9,106992,103.503,2.81286,85.8943,3403
61680.9,33101.8,130892,65221.4,42806.1,110629,273.439,-12.4962,85.9245,3404
58602.1,29300.2,134006,59792.8,39174.9,114705,115.006,-8.2602,85.9292,3405
52309.9,27458.3,130934,61788.3,42663.3,110605,113.033,15.9782,85.9296,3406
58274.3,30896.4,129271,73383.5,49588.3,115523,231.37,6.97605,85.9308,3407
66272.5,36485.8,127403,49902.1,35112.9,102542,108.967,23.1242,85.9965,3409
50383.1,27068.9,124066,64103,46267.3,107270,140.367,27.7384,86.0017,3410
71915.2,38372.5,132492,71086.7,49281.8,111120,182.255,-8.5779,86.0265,3411
62054,33793.5,127160,58126.8,39286.3,110436,143.716,-7.67775,86.0292,3412
54936.6,32204.3,121832,48233.4,33984.5,103641,162.1,-31.9289,86.0428,3413
71344.9,39926.5,126770,54835.1,40397.1,104430,165.436,1.85647,86.0511,3414
49961.1,29028.3,121369,52991.3,36580.5,105150,113.323,-16.4675,86.1258,3416
25900.3,12217.4,135538,48902,30298.2,120709,69.1971,13.8964,86.1442,3417
41962.8,22700,122124,61314.9,44542.2,107770,119.937,-7.7307,86.1474,3418
70779.9,35252.8,139241,80770,50676.8,118001,200.506,40.1751,86.1494,3419
50282.9,27340.9,129639,64145.7,46054.9,111566,160.777,-36.9062,86.1958,3420
68949.6,37435.4,126577,58496.7,41839.7,104237,131.174,-72.8063,86.2437,3421
67134.4,35258.3,133453,62207.6,42033.8,112388,121.387,-14.9319,86.2535,3422
66069.8,36804.9,128222,54574.3,38443.5,106761,51.5063,-16.997,86.2816,3424
68019.4,35737.9,128649,52791.6,38646.5,104365,196.849,-12.6551,86.3267,3425
62981.6,35179.8,125025,47784.5,35178.3,107091,151.216,6.52596,86.3338,3427
72498.7,38650.7,130864,70141.4,48173.6,111752,139.269,0.168769,86.3499,3429
55818.1,31950.3,122040,54055.5,41662.3,102708,119.995,6.4697,86.3638,3430
56451.9,30073,127728,63694.8,46599.9,107650,107.863,-2.5416,86.3644,3431
64431.2,34128.2,127882,45193.5,32473.7,104895,108.502,-12.0726,86.3929,3433
74790.2,40570.6,128211,66872.8,46529.5,110021,172.905,18.7915,86.3998,3434
58441.7,32394.2,126674,57310.3,40678,106899,130.133,-5.13615,86.4033,3435
69376.4,37864.1,127769,53539.6,38759.3,104905,86.4352,-5.87745,86.4405,3436
34665.5,19894.3,116796,42953.4,32627,100109,53.8183,39.95,86.4473,3438
72877.4,38514.5,128174,59233.3,43009.3,107474,147.236,9.73286,86.4566,3439
63175.1,33562.3,127260,62334.1,46163.9,107383,136.091,-1.74735,86.5285,3441
71440.8,38195.8,127948,70228.3,50081.2,107706,70.7771,6.751,86.537,3442
50299.5,27484.2,129516,55840.8,36750.6,113123,135.686,2.70034,86.5458,3443
66449.6,32454.1,144640,95668.6,57595.1,123918,106.294,33.1969,86.5481,3444
63168.8,36026.7,127684,49493.3,36950,103495,82.4665,0.281281,86.556,3445
60815.8,33458,127362,55568,39248.1,107348,120.285,-41.1421,86.5629,3447
77210.3,40369.2,131663,64786.4,45095.8,109585,148.39,-24.6747,86.5712,3448
19997.8,10165.9,117779,53112.3,36537.5,108394,158.417,5.0632,86.5758,3449
74840.5,40125.2,128372,56104.9,39594.8,107349,134.703,4.1068,86.5786,3450
61944,36260.9,124706,46194.4,33945.7,103173,120.807,15.528,86.5826,3451
36813.4,18048.2,132500,52783.6,35203.4,110393,160.028,1.57519,86.5842,3452
40243.5,20230.8,128961,76588.6,51122,117665,160.086,63.9708,86.5861,3453
62509.7,35443.3,127492,46650.1,33600.7,103190,133.951,-8.1543,86.6483,3454
68169.7,37590.9,133653,80866.7,51848.9,114733,169.861,4.44435,86.6682,3456
77072.8,39358.3,133940,62754.7,39334.6,114160,159.51,80.2306,86.6913,3457
64899.4,37091,127228,45144,30945.9,104201,86.4935,36.1232,86.7784,3458
59181.8,32219.7,124981,46429.8,31233,104280,172.732,-50.0378,86.8284,3459
34583.4,19584.3,113466,43372.1,37634.9,95665.4,171.067,-27.1633,86.8431,3460
50619.3,28284.7,126562,55300.9,40746.1,104916,131.579,15.2467,86.8527,3461
40469.4,22102.2,120999,49629.5,37079.3,100908,134.761,-4.5537,86.8603,3462
67200.9,35481.4,132267,70741.7,53794.4,110728,105.189,-23.8275,86.8876,3464
60605.5,36523.8,120818,45076.4,31673.1,104520,68.6118,-1.53555,86.903,3465
63476,34660.5,135096,71341,46222.1,115858,213.511,48.9547,86.9303,3467
81241.4,40852,135933,78927.7,45930,117989,187.067,48.6733,86.9376,3468
76219.9,37672.8,137854,79063.3,55381.7,114548,130.306,32.184,86.9461,3469
61439.3,32885.9,128010,49864.7,33114.3,108000,166.47,2.30654,86.9638,3470
55135.5,27355.9,137751,81901.3,56659,116948,242.259,-20.9153,86.9762,3471
44059.1,24676.4,120648,49547.1,34958.9,104226,66.3286,2.41905,86.9786,3472
49309.9,26899.5,125564,63778.6,46755.9,110512,79.7217,24.2496,86.9787,3473
58676.8,34146.4,120753,43986.1,32507.4,100126,91.7418,15.0217,87.0215,3475
68602.3,36686.2,128718,72223.2,51620.1,111181,209.579,-1.059,87.023,3476
81697.9,45413.5,132020,74661.7,49777.1,113426,241.466,35.2228,87.0282,3477
69459.5,38493.9,131186,64310.8,44180.9,110683,199.82,-3.2829,87.0287,3478
61578.5,33912.3,137383,99150.5,63602.1,119956,167.563,-42.0952,87.0308,3479
48975.7,26119.4,136308,79952.1,52121.7,117497,212.201,-1.4826,87.0317,3480
63497.9,31446,140928,105882,63619.8,128831,298.83,18.2288,87.0349,3481
80824.1,42168.3,131501,72679.9,46172.5,114961,198.449,-0.2118,87.0472,3482
49341.3,26787.2,138363,80987.2,43716.2,126940,200.506,-33.1996,87.0531,3483
40018.9,21987.2,120202,44369.9,32079.4,100653,127.644,21.2673,87.1084,3484
70681.9,37239.2,131423,57645.2,40201.8,107435,161.179,-20.3857,87.1621,3489
67138,34536.8,130747,65897.7,43570.2,114178,124.053,-4.71255,87.1691,3490
79954.8,41365.2,131483,72908.4,49790.4,112191,242.939,-5.4009,87.1893,3491
56994.8,29936.7,136238,94395,56451.2,125908,207.868,-22.5037,87.1976,3492
82084.3,41326.2,135099,75921.6,47205.3,120315,254.313,0.731334,87.252,3494
56420.3,31537.5,125026,60066.2,41702.3,110545,232.392,-1.00605,87.2568,3495
73047,41637.2,128873,52678.4,38120.2,103996,96.0532,-20.8623,87.2676,3497
64848.6,35539.5,125244,52212.3,37522.7,103117,77.6768,-33.5173,87.3403,3501
65550.2,35077.9,130840,57265.7,43323.7,107012,169.574,-23.9864,87.3631,3502
50823.5,26499.4,127850,63834.3,44900.4,110386,105.829,16.5971,87.4095,3504
61442.1,31490.8,134786,82229.5,48989.6,125342,224.95,-4.07715,87.4217,3505
62450.9,33478.9,124994,45473.8,34302.5,103378,108.967,25.994,87.4461,3507
72526.8,39520,135537,63247.7,41406.6,112449,261.6,-17.5264,87.4504,3508
59648.3,36714.1,124740,44501,30911.2,103125,81.2402,-6.93645,87.4815,3509
46877.7,25584.3,127999,92735.1,62121.3,119446,275.41,-25.1512,87.5102,3510
48691.5,28588.9,131693,77817.5,51050.1,113980,153.636,9.56407,87.5208,3511
73581.3,39976.7,128625,64948.4,43483.8,112265,141.753,2.58782,87.5425,3512
68480.9,38125.2,127748,67127.3,49843.6,108202,92.3246,36.4046,87.5496,3513
51568.9,27573.1,127937,46234.3,34801.9,101433,58.3832,-13.8729,87.5633,3515
53694.7,30778.2,120740,43041.6,30283.7,100752,109.2,-1.32375,87.6516,3519
73644.3,39047,133459,63617.3,39303.4,115775,175.832,-25.2042,87.6572,3520
48023,26191,126624,57725.6,42213.6,107511,108.154,-2.8593,87.6716,3521
41836.6,23606.3,123460,66293.6,45049.8,111976,166.413,12.7711,87.6733,3522
48627.2,32934.8,110193,28951.1,23049.4,90871.1,105.48,-7.78365,87.7461,3523
49064.1,26643.7,122506,47170,33549,103186,160.259,26.4441,87.7495,3525
75307.7,40464.6,129121,72242,50888.7,110232,136.669,2.30654,87.7498,3526
67728.8,36072,131392,64925.9,48212.7,108225,140.598,-72.3827,87.7841,3527
62181.6,32951,128000,59571.7,44020.2,107059,141.58,-16.4675,87.7995,3528
51347.3,26992.1,127977,64556.8,43114.9,113926,253.918,15.6968,87.8119,3529
69248.2,34025.8,139233,86034.5,53239.9,119834,192.618,3.82551,87.8146,3530
72603.6,40153.4,128311,56633.7,40374.2,107145,114.832,-9.9546,87.8767,3531
61049,33671.1,124959,47034.7,33616.2,105360,94.8883,0.900104,87.9125,3533
61152.3,29687.2,135824,66138.4,47351.4,111941,147.986,4.38809,87.9187,3534
71444.5,35127.3,138575,89303,58879.1,118067,294.401,22.3364,87.921,3535
66038.7,37985.3,125166,46012.7,35874.3,101198,50.0835,1.74396,87.9359,3536
43668.7,23076.2,124697,44679.8,31003.9,104580,69.0216,25.994,87.9447,3537
67030.5,37586.8,127026,57965.5,39565.7,107356,120.981,84.4399,87.9923,3538
64216.3,32900,134119,84576.1,60586.9,116938,212.486,0.506307,88.0054,3539
74536.6,38872.6,131630,61475.9,42249.2,111288,212.771,70.6362,88.044,3540
50302,27993.3,120803,53237.2,41499.3,104669,208.039,-19.6445,88.0737,3541
65408.1,36609.2,124240,48659.3,37458.6,101843,58.0275,66.7491,88.0924,3542
74765.8,42416.3,128710,66743.7,46001.5,111664,139.154,23.6306,88.1202,3545
73529.6,39089,128079,58001.4,42372.4,107073,87.3103,-4.71255,88.1225,3546
61551.8,36068.9,124289,57986.8,44551.2,102739,70.8356,-24.6217,88.1792,3548
63083.7,32890.8,129085,60132.7,40518.6,110720,120.807,-0.26475,88.1795,3549
27414.6,15101.1,120475,59346.3,40895,107737,227.905,1.57519,88.2157,3551
59327.7,33226.3,126929,58107.9,42179.9,107765,168.999,1.57519,88.2422,3554
61611,32418.7,132351,69561.2,46358.9,114028,176.234,7.48239,88.2547,3556
42602.9,21954.8,125312,64735.9,45434.6,107560,102.339,-5.4009,88.2858,3558
58358.7,32149.6,127427,48641.1,34534.1,107298,120.459,19.4104,88.2913,3559
70775.5,39052.1,127119,53461.1,39806.2,104366,130.422,6.69474,88.2982,3560
64008.3,38649.9,120561,42945.1,32917.4,97830.2,79.6633,19.9731,88.3461,3562
59862.1,35635.3,119769,39454.7,28122,102639,78.9038,18.7352,88.3763,3564
49422.7,29730.8,117918,36975.3,29183.5,96282.2,143.081,38.9933,88.4003,3565
62186.4,35792.7,121299,40074.1,30493.5,98016,114.716,-23.0332,88.4129,3566
55382.9,30742.6,125139,48973.9,31769.5,110268,65.2603,-2.17095,88.4164,3567
60660,31678.3,133857,61013.1,39105.6,124865,149.717,-15.5673,88.4187,3568
79761.7,43327.1,131561,69888.6,48745.2,110690,159.165,0.731334,88.4278,3569
59556.6,30443.9,133950,68770,45490.4,115033,180.019,22.5615,88.5135,3571
63713.1,35173,127072,55692.2,41439.7,104790,74.6958,46.8723,88.5501,3573
43718.6,24149.6,124361,49203.1,35618,103097,108.909,3.93802,88.5733,3574
52987.7,27130.7,129120,69582.7,48502,113758,196.563,16.7659,88.5734,3575
62532.4,34958,126497,52738.2,38265.9,105466,55.6561,-44.5839,88.6493,3578
77777.1,40391,134482,61960.7,40266.3,114167,109.839,28.2448,88.6902,3579
60893.9,36953.8,118171,37695.5,27574.5,101685,57.1382,41.9197,88.6912,3580
62661.9,33889.9,124922,54781.1,38378.6,107613,128.281,-9.7428,88.6989,3581
64312.4,35020.3,131163,65112.3,43656.6,111630,200.049,4.50061,88.8279,3584
65092.9,35365.9,131322,63012.8,41870.6,110587,172.273,2.0815,88.8539,3586
66164,37019.5,125426,49803.7,36531.2,103929,144.063,43.9458,88.8558,3587
71914.5,36329.2,139158,85746.2,55079.2,120839,169.516,7.98874,88.8633,3588
60598.4,33434.3,128162,54756.5,38854.5,109773,73.0585,-22.239,88.8726,3590
63896.3,36124.3,124685,49628.6,38274.7,139307,72.1811,-55.8622,88.8764,3591
43659.4,23979.4,121060,45440.1,32916,103375,77.9106,-28.3283,88.971,3594
66977,33940.6,137942,81835.4,58119.2,117083,269.158,-13.2375,88.9887,3595
47959.5,24625.8,127917,72332.6,51345,115179,193.705,-2.48865,88.9945,3596
66842.2,36204.1,126375,52254.5,37540.1,105378,143.947,-27.9046,89.0094,3597
68283,38066.3,127686,53167.4,35651.7,109772,181.395,80.2306,89.0227,3598
52316.7,31834.2,121304,44329.8,35067.2,98220,117.501,-11.2254,89.0266,3599
56028.6,31459.8,127017,62388.9,41699.5,117585,112.684,-0.58245,89.0273,3600
50771.8,25781.4,133374,59252.8,39372.6,111572,132.968,20.0294,89.0876,3602
49448.4,26790.2,126577,43352,31576.9,100439,56.9604,-12.9727,89.1052,3604
38664,20163.6,124135,43374.6,29244.6,103489,126.833,-15.0907,89.1131,3605
77918.8,45432,131305,79526.9,57544.7,115624,226.314,-41.2481,89.199,3608
40283.1,20948.9,124167,61477.7,40017.1,132417,174.168,5.11946,89.2011,3609
52848.3,29906.5,124644,61734.1,42487.4,107617,69.8994,-16.997,89.2075,3611
57405.2,34376.3,117873,42502.9,32242.7,97822.1,113.149,1.01262,89.2368,3613
76647.4,40909,133923,61820.7,40346.5,115114,217.327,12.546,89.2464,3614
53793.9,28375.5,128491,55141.6,38701.3,110064,102.281,-28.4871,89.2698,3616
62884.4,37111.1,119470,42618.8,32958.2,97560.7,103.677,22.4489,89.3153,3618
64062.8,36089,124234,54169,37782.2,105190,122.198,17.1035,89.3441,3620
67732.9,36336,131172,55654.9,40633.2,106947,150.236,-3.6006,89.3573,3621
56285,31366.1,128027,46621.2,33585.9,110359,78.0274,31.3398,89.3599,3622
51996.8,29363,120571,45475.8,33239.1,104188,132.737,-0.3177,89.3625,3623
58220.8,31929.8,125733,50836.6,33348.4,107306,136.264,-31.3994,89.3982,3625
69170.4,37400.7,127969,56706.7,40287.6,108318,127.759,-5.9304,89.3999,3626
56436.2,29005.3,131045,49903.2,34647.6,107483,125.037,-3.2829,89.4059,3627
56958.6,34034.3,118164,42101.4,31716.7,98384.5,109.78,-22.9803,89.4319,3628
37278.6,22066.7,131685,73449.3,46534.4,116432,128.975,51.431,89.4339,3629
60641.3,33782.7,125772,44922.3,31892,104025,159.223,-12.6021,89.4578,3631
68380.4,38538.5,124607,48481.9,33847.7,106929,102.107,0.225025,89.4654,3632
34015,16784.5,136659,69876.8,45471.3,125543,161.122,4.50061,89.4844,3633
73735.2,37641.8,134515,63257,41681.4,111425,211.346,6.69474,89.5768,3635
66831,38123.6,124078,49548.6,36561.5,103016,115.529,-19.1679,89.5772,3636
76363,40521.3,131239,64274.9,48821,106497,167.907,38.8245,89.6986,3638
57833.7,33549,120996,44812.9,32330.2,101009,212.087,-8.5779,89.7098,3639
74160.1,39047,129173,72158.8,49109.6,112553,141.811,-9.05445,89.7568,3641
56536,31992.1,121656,45402.3,33679.6,102721,93.3735,51.9939,89.7634,3644
77868.9,39430.7,138837,77592.5,51810.7,115257,205.529,0.225025,89.7699,3646
69919.6,38010.8,130204,57480.3,40583.8,107539,98.2077,-45.3252,89.7764,3648
71079.9,39992.2,124866,55126.8,40578.4,103653,79.7801,-22.1331,89.7814,3649
45896.8,25976.2,122568,57014.3,41428.9,107076,81.941,-6.8835,89.782,3650
70073.5,39357.2,126922,55340.7,38589.2,105406,226.826,-34.947,89.7914,3651
47904.9,26843.3,124176,48104.8,34746.4,104376,147.236,-21.6036,89.7971,3652
54281.6,29370.4,125322,45454.4,33662.3,104428,169.286,24.4184,89.8104,3653
74730,38892.4,131535,65797.1,45685.8,109992,115.064,-7.36005,89.8198,3654
74182.3,39948.9,131951,68466.5,43170.3,118501,242.316,-0.1059,89.8209,3655
66018.3,34570.4,135133,71243.3,46426.4,116887,115.761,2.41905,89.8635,3657
58319.6,29778.3,133681,67198.7,45717,111939,224.893,-17.6324,89.8825,3660
64950.4,34088.7,126843,46761.6,31884.8,105162,119.473,-53.8501,89.9054,3661
65212.4,35953.3,132052,62252.3,42793,114264,117.675,-2.91225,89.9074,3662
61899.3,32781.5,129583,74109.8,51565.8,114158,174.168,-27.1633,89.9107,3663
76136.8,40063.4,133805,63881.8,43049.9,110065,167.792,5.00695,89.9439,3664
49379.8,28686.9,126877,51778.6,36048.3,107638,121.966,4.38809,89.9536,3665
39390.9,19761.6,128915,86789.3,59026,117320,214.935,-27.7987,89.9622,3666
39723.4,21019.2,131340,77753.6,50219,117253,109.2,-16.3086,89.9819,3667
66230.8,37878.5,121469,45775.3,34610.5,98312.7,78.3196,27.0069,90.0047,3671
58341.7,28957.7,132330,82020.7,58250.5,116478,218.067,10.5205,90.0662,3673
58688.3,33103.6,127635,57955.4,38670.9,107741,109.432,26.8943,90.1,3674
72023.8,40994,126878,50769.9,35199.2,111996,153.002,-18.4266,90.1064,3675
66633.2,35754,128187,55561.8,41321.5,107156,148.448,-21.7095,90.1486,3676
64836.9,38067.5,122157,46911.8,35399,100548,67.4411,17.4974,90.2238,3680
44260.7,22623.4,127466,57725.4,35684.3,113796,51.2099,8.88893,90.2937,3683
51437.3,26019.5,143547,94377.5,51558.7,129479,154.212,-3.44175,90.3025,3685
30102.6,18878.9,124729,51435.5,35791.9,107613,98.9062,5.11946,90.3285,3686
70145.5,38340.5,124908,52569.8,37562,107368,181.166,1.51893,90.3894,3688
72346.4,38582.9,137570,73233.8,45956.1,117779,271.693,0.562564,90.4213,3690
68268,37090.2,128527,54266.7,41464.1,104834,160.144,1.51893,90.44,3692
51886.1,29695.6,121844,48495.3,33283.1,104920,46.5859,-8.84265,90.4718,3693
63690.2,38998.1,121259,38535.5,29750,97047.3,76.0404,29.0327,90.5004,3694
68628.4,39050.5,123188,68510.2,51275.2,104866,84.1594,20.6483,90.5148,3695
67390.9,36449.7,126332,59523,43241.8,105292,197.478,-23.9334,90.6035,3697
62969.9,32855.1,138314,96947.9,66523,124938,180.478,20.7609,90.6309,3698
55707.2,30574.4,123714,47929.6,33504.1,110248,108.154,-1.6944,90.6403,3700
73794.2,39286.3,130532,65706.8,44033.6,111131,140.02,-24.1452,90.6427,3701
59145.4,34181.4,120701,35690.3,27530.8,95775.7,117.443,3.09415,90.7174,3702
71305.7,41387.7,123944,52108.9,39831.5,101109,158.647,-14.9848,90.7557,3705
70356.5,38472.1,125442,49200.6,33567.2,106743,116.167,-14.8789,90.7592,3706
32898.9,16822,121345,51603.1,34902.8,107946,189.815,-8.5779,90.7728,3708
50346.8,27086.2,121677,44451.7,33107.8,101668,72.1226,3.4317,90.7822,3709
58847.6,32780.9,122255,49451.1,35929.3,103268,151.331,20.367,90.8044,3710
59604.7,33458.6,122322,47491.1,33751,104012,55.3597,5.17572,90.8424,3714
72123.6,40203.7,127783,55749.2,40906.9,106637,68.7874,-0.15885,90.8492,3716
62939.4,35362.2,124750,51446.1,37388.7,103825,115.297,16.7659,90.9396,3718
58921.6,31456.7,128361,66978.9,46767.4,112796,75.7481,-63.1164,90.9953,3719
58391.8,34040.9,119964,42538.3,32790.9,96993,131.059,-14.6672,91.0313,3720
56061.1,30704.1,123237,60140.8,45333.1,107368,74.1111,9.67659,91.0393,3721
67298.4,36341.8,126829,56010.1,41886.5,103556,146.89,7.7637,91.0876,3722
61568.3,33624.3,127269,71682.2,53669.4,109898,292.775,-6.30105,91.1133,3724
45815.9,26826.5,155948,44725.6,30904.4,132338,84.2177,13.1087,91.1265,3725
48549,25289.7,132017,78157.8,47614,121911,236.817,36.1795,91.1366,3727
49762.2,26974.8,124291,38936.9,26355.1,101425,84.3928,0.506307,91.1581,3728
72391.4,38074.6,130444,71810.5,49987.5,111088,131.174,-11.5431,91.1582,3729
56123.1,32021.3,124174,52598.7,37493.7,104517,189.757,11.1957,91.1784,3730
62055.7,31414,141583,97496.6,61600.7,122266,256.348,-7.46595,91.1887,3731
76222,40966.7,127902,57698.4,41043.5,107809,131.753,11.6458,91.2653,3733
67538.9,34340.7,136671,81959.8,55596.9,117027,161.87,-7.7307,91.2811,3735
43651,25328,125222,49454.9,34737.6,104249,47.0009,-6.5658,91.3533,3738
37407.7,19976,120525,58249.7,40069.4,108658,219.148,13.2212,91.3755,3739
77212.1,42151.4,131678,66569.5,46812.2,109799,140.02,25.5438,91.3817,3740
55571.9,26884.3,139149,104896,67865.8,121584,176.635,-19.2738,91.418,3743
59580.3,32519.1,125611,58743.9,42445.7,107133,136.726,-9.8487,91.4212,3744
60519.6,31126.1,128623,67147.5,46913.3,109680,151.158,9.39528,91.4498,3746
28571.3,15659.7,120040,56035,38041.4,110836,151.216,-0.3177,91.4588,3747
54510.3,31661.3,122525,44896.2,33251.2,100299,81.1235,-62.3222,91.4746,3748
52359.5,26345.6,128910,63174.5,41447.1,111816,133.084,0.731334,91.4843,3750
50831.1,31410.2,119474,57670.5,43900.3,102418,93.9562,-2.6475,91.5009,3752
63019.5,35329.4,128730,51101.7,35499.7,105002,119.183,17.8912,91.5176,3753
56913.7,31902.7,122019,59518.3,46579.1,103980,131.001,-0.58245,91.6473,3755
75679.6,42337.7,126626,65893.3,48321.2,107091,184.489,-10.1664,91.736,3759
59531.3,28921,138963,103423,66536.4,124227,188.269,-58.6157,91.7547,3760
56554.2,33043.5,124205,61042.1,45703.9,108047,222.221,21.6049,91.757,3761
53257.5,29720.1,120910,41891.6,32959.9,97687.3,103.154,-2.7534,91.7595,3762
69595.4,34086,140382,85293.6,54383.9,119668,193.19,-13.2375,91.778,3765
64189.8,34580.1,131710,57472.9,36394.7,110490,112.684,53.1195,91.7807,3766
74726.4,40755.2,131395,73989,51415.7,112436,205.929,13.2774,91.7911,3767
56456,32774.3,124089,51167.8,37847.6,104052,118.893,-10.8547,91.7937,3768
70986.1,38962.2,124893,60310.1,41308.6,107720,192.847,21.6612,91.829,3769
43574.6,25270.4,124074,54755.1,35362,109392,128.223,-5.13615,91.8861,3771
60096.4,35746.9,122802,45577.2,33882.4,99871.9,119.473,13.6713,91.9097,3772
70150.4,40420.1,127951,50051.9,36989.3,101143,152.945,-6.83055,91.9198,3773
62049.8,34831.8,124097,42154,30078,100596,99.7793,-1.11195,91.9365,3776
32279.5,21237.6,124986,65970.9,43039.3,116793,146.948,-3.01815,91.9423,3777
69606.7,38748.1,126731,51458.5,38144.1,104818,118.429,-26.1043,91.9645,3779
69991.9,38171.4,128026,54274.4,38020,107715,125.153,36.5734,91.982,3780
72302.3,38710.7,129230,60879.2,41852.6,109638,151.446,-16.6792,92.0093,3781
70272.2,38753.6,127475,50614.2,36090.4,107442,207.868,-10.0075,92.1582,3786
72007.3,39970.5,134861,68949.5,45195.8,114738,177.266,-31.5582,92.1835,3787
42349.7,22117.9,123950,53280.6,37706.4,109865,70.4846,-39.2889,92.1998,3788
62088.3,33960.1,130118,53102.1,35179.1,109920,138.98,-3.6006,92.2191,3792
64214.2,34377.1,127478,57115.9,42344.9,106681,91.3338,-5.34795,92.2349,3793
66801.8,38171.8,124383,47834.8,34152.7,104102,84.1594,7.53865,92.2436,3795
70347.2,36482.9,135349,70182.7,43867.3,117513,285.139,21.3236,92.2899,3796
48670.7,27015,124470,58326.1,41083.2,107463,85.2099,29.5954,92.305,3797
79690.1,39042.9,139286,71386.8,47954.4,113815,141.869,-36.4826,92.3264,3798
70663.3,40552.4,130485,66410.7,46429.2,109614,126.717,-0.37065,92.3304,3799
59830.7,34856.6,121587,40238.9,30443.9,98146.4,69.4898,-9.0015,92.3474,3801
44116.5,22644.6,130445,81838.7,52886.7,118157,168.31,32.1277,92.3774,3802
50806.5,26817.3,127226,76081.3,51978.4,114209,238.859,-13.0257,92.4654,3804
53514.4,31738.3,118677,40861.6,31006.9,98304,65.9125,17.2723,92.4795,3805
56202.3,32459.2,119642,41802.1,30137.3,99157.4,84.743,-1.4826,92.4892,3806
53430.2,29683.5,119306,43100,31882,97729.6,87.4269,2.47531,92.5093,3807
57819.5,33871.7,120306,32480.4,25419.8,93215.4,58.9168,-0.90015,92.5485,3808
53760.7,32647.7,116691,33726.4,26352.3,93834.2,61.9996,4.83817,92.5485,3809
43676.8,25131.2,123796,47183,33749.9,105172,139.211,61.2243,92.5854,3812
26517,13672,129294,57916,37049.9,114437,137.825,-4.07715,92.6215,3813
61771.3,34369.2,128594,56998.1,37047.8,108063,108.909,20.367,92.6243,3814
60532.6,30849.6,131366,56841,38144.3,110922,146.256,27.2882,92.6273,3815
41896.5,23207.8,118499,33551.2,24532.3,95990.2,83.167,15.9782,92.7115,3817
54655.4,32073.9,118389,40384.2,29614.3,98030.9,111.813,-5.7186,92.7434,3818
64408.9,38722.9,121077,47544.2,36881.7,101115,109.49,-3.9183,92.7584,3819
77763.5,42032,129316,74287,53549.6,108172,101.874,-21.0211,92.8972,3824
59599.7,36102.3,119377,34980.9,26135.5,97980.2,65.7346,-7.88955,92.8977,3825
77469.2,42660,131116,74822.8,54025.4,111404,131.29,-45.3252,92.9036,3826
26059.7,10145,159456,61386.4,35392,135065,155.307,25.8252,92.9082,3827
54897.2,31717.8,122806,36962.5,26894.1,99886.7,83.7508,36.686,92.9462,3828
75489.6,39651.4,129194,62285.1,44243.1,106925,117.037,-2.17095,92.9874,3829
71360.2,38152.4,132548,55049,36432.4,111314,100.419,-15.6202,93.0026,3830
69511.2,38103.5,127361,56026.8,41724.4,107020,118.719,-66.77,93.0051,3831
61096.5,34714.4,121707,46866.3,34123.2,103493,116.399,47.0974,93.0299,3832
39765.9,21821.9,120354,50265,37845.9,102849,212.201,26.7255,93.0537,3833
59513.2,35225.5,131484,70761.4,48943.9,110662,141.753,-20.068,93.0651,3834
55173.4,26169.5,177773,109677,43177.2,158465,356.047,20.7046,93.0665,3835
67540.2,32846.7,149139,84525.3,50832.7,127147,267.354,53.626,93.0665,3836
63125.7,32958.1,133537,56526.8,35067.2,111905,125.443,6.07588,93.0999,3837
60371.1,30178.4,134254,72765,45266.2,117787,187.983,-5.55975,93.1035,3838
41588.9,22835.6,178948,74068.5,51342.3,158294,209.978,-1.85325,93.1037,3839
54870,28930.6,133999,70530.6,46216.7,117738,87.3103,-14.9319,93.1213,3840
77429.7,42757.2,134259,70550.6,52891.5,110822,177.209,-6.1422,93.1218,3841
60217.2,32717,124840,45639.9,33703.2,103684,99.0226,-2.06505,93.1571,3842
58339.4,31506.3,126212,62710.7,43916.7,107191,103.037,-2.2239,93.1579,3843
65018.7,36382.7,124501,44061.9,32313.1,99684.6,125.906,-23.8275,93.1769,3844
77002.3,40590.2,131410,63716,44332.3,110122,164.056,14.2339,93.2121,3845
61905.9,30995.1,132717,66114.8,43688.4,115411,121.503,-9.47805,93.2884,3847
62887.9,35445.8,123736,49006.4,37241.2,103363,133.488,-14.8789,93.3041,3849
58924,31978.1,134375,73092,47496.2,115188,225.348,-28.3812,93.3161,3850
76191.6,42915.2,130717,62872,42598.3,109734,130.249,-0.5295,93.362,3852
65429,37895.7,121213,45178.4,35835,96790.3,92.7908,35.8981,93.3697,3853
49348.1,27926.1,127766,64876.6,48443,107778,133.893,29.0327,93.3993,3854
63515.3,35468.4,124644,50504.6,37858,101199,168.539,28.1886,93.4095,3855
56565.6,35020,118158,41509.9,31139.1,97649.7,93.1987,-18.8502,93.4601,3857
26662.5,15956.7,124032,58104.5,39172.5,113121,137.767,-45.8547,93.4862,3858
61437.6,34723.1,130217,55689.3,39575.9,109925,90.9257,-6.4599,93.4898,3859
60450.3,29165.3,135682,100209,61751.8,121060,168.539,43.4393,93.495,3860
66714,38732.7,127516,56271.1,42607.6,102916,64.4896,-21.7624,93.4962,3861
55570,28658.4,127921,56838.8,39889.1,109765,124.748,3.20666,93.5175,3862
59293,31730.9,133884,76632.8,46583.4,117568,140.713,-7.78365,93.5196,3863
59020.5,31805.4,128231,51098.2,36070.8,107297,134.587,-30.6051,93.538,3864
46422.4,26853.9,122176,46342.4,33159.4,103923,132.389,5.17572,93.6324,3865
24125.2,16154.1,138785,70899,47169,133436,184.088,7.70744,93.6413,3866
46402.7,23804.7,127103,51817.5,33910.6,109935,190.33,-1.00605,93.6419,3867
78062,41089,131019,84479,55241.1,115680,234.548,-13.2905,93.6733,3868
78064.4,43177.2,129290,65011.6,47529.3,107331,186.093,6.30092,93.7723,3870
55593.4,32369.8,128547,60965.3,45105.6,108397,114.89,-2.118,93.7825,3871
69937.9,36285.2,130641,51196.7,35742.9,109472,125.501,26.613,93.8536,3873
80440.9,42822.8,134135,76349.4,49144.5,114427,202.333,10.2955,93.8566,3874
67112.9,38092.7,121269,48262.5,35545.6,101022,83.0503,9.28276,93.8635,3875
81132.9,44810.4,132358,68292.1,44466.4,113823,160.316,-37.9122,93.9306,3876
49944.3,27914.3,124298,51857.9,37169.2,104971,113.033,-5.0832,93.9363,3877
75452.2,40977.3,127200,68366.8,51924.6,106549,97.1597,-37.8592,93.952,3879
64006,32922.4,135855,75339.4,45646,121554,172.732,-57.7685,93.9567,3880
77927.9,42915.7,128934,69836.3,49696.4,110180,197.535,-6.72465,94.0037,3882
68811.5,39386.6,124904,51884.1,39987.4,103273,131.753,-21.9743,94.0612,3884
64126.9,33612.5,128955,51992.5,37286.4,106789,135.397,-0.47655,94.0646,3885
61057.6,34789.1,123545,45019,31199.5,103949,174.168,116.341,94.066,3886
33493.6,18297,119712,38758,27717.1,101034,114.6,6.91979,94.0831,3887
60923.9,34740.2,125215,47305.2,34338,105062,150.409,2.36279,94.085,3888
45378.4,26263,122614,39789.3,27653.1,104966,67.4411,11.4207,94.0854,3889
56308,32154.3,121332,40803.9,31270.1,97751.6,60.8732,15.0217,94.0889,3890
67490.8,36528.8,128557,65819.5,46861,112453,99.4301,-5.1891,94.158,3892
56220.9,29186.5,135628,82211.9,50751.3,124690,248.375,14.7966,94.1697,3893
54394.4,31937.3,121794,39089.4,27590,99917.3,38.7018,-0.68835,94.1746,3894
66327.5,36051.9,127137,60243.8,45788.7,105073,133.257,23.1242,94.1933,3895
39441.1,20679.3,121539,46960.7,34407.3,102376,149.832,24.3621,94.2055,3896
68696.7,41135.9,124487,46913.8,36278.7,100493,93.9562,2.13776,94.2289,3898
68380.7,38891.2,124696,57096.5,40571.5,107085,141.176,-0.8472,94.2355,3899
21931.6,11056.1,114988,35967.3,23580.2,106764,81.649,1.74396,94.2489,3900
62073.8,34200.9,123780,43593.4,33865.1,100788,95.296,-10.3782,94.2753,3901
60846.4,31311.4,128093,62250.6,44781.5,110080,111.523,-21.7624,94.3,3902
64223.3,35002.3,129657,57028.4,38252.4,106583,101.758,3.20666,94.3279,3903
77585.3,40818.7,133506,63255.3,43269.4,110622,117.095,-14.2435,94.3803,3906
58102.2,30811.4,126952,49512.7,36040.9,105455,144.986,-12.3903,94.3888,3907
46931.1,26358.7,135673,49582.3,36122.5,119599,260.245,10.0142,94.4004,3909
57542,32669.8,131305,51533.4,36793.6,108627,75.5143,-15.5143,94.4606,3913
61741.6,35002.5,122728,54153.9,41675.4,104013,163.423,-39.8184,94.4956,3914
42034.1,26103.4,130686,70747.5,47141.7,117227,290.137,15.4155,94.555,3916
67478.3,38209.7,125523,47881.5,36209.1,99124.4,45.756,-0.37065,94.5683,3917
46230.6,26201.2,125505,53346.5,34103.7,111281,189.013,-15.3555,94.5694,3918
70717.9,39705,125438,50438.4,35756.5,103078,148.448,-28.1164,94.593,3920
64959.9,37853.4,124361,43509.1,30370.2,103554,120.053,-27.587,94.6676,3921
51208.5,26979.1,128954,63820.6,43941.8,110769,131.869,4.89443,94.6728,3922
30951.8,17098.7,123568,56504.2,42192.2,103079,133.431,-3.97125,94.6831,3924
65681.8,35310.4,130166,60141,41532.3,109664,101.932,18.4539,94.6835,3925
57977,34475.9,123324,43666.2,32699,101008,128.975,-1.64145,94.7417,3926
82174,44471.9,131129,71492.9,50260.1,110262,141.695,5.51328,94.7886,3927
30656.5,17639.7,136044,58390.7,36663,120894,112.684,-0.8472,94.7976,3929
68480.5,37554.3,127432,54550,40549.9,103908,190.959,18.9603,94.8332,3930
55593.7,30370.5,124360,49177.7,34504.1,103714,96.1697,-5.8245,94.8953,3932
66690.6,36094.8,125468,58801.6,44659.6,104196,132.1,35.8981,94.8953,3933
66977.6,36327.4,134323,72976.2,47935.9,114815,188.67,60.7177,94.9391,3934
62243.5,33805.7,124475,52557.6,38838.1,105093,133.72,13.7276,95.0295,3938
54590,29054.9,123243,46410.4,31060.1,104803,80.8899,-3.6006,95.0584,3941
60340.5,34779.2,123671,58737.8,41368.7,105017,112.22,-0.05295,95.0642,3942
75624.1,38935.1,133694,62317.2,41089.2,112451,185.979,-15.5673,95.0666,3943
59786.3,32522.7,131366,62522,41021.1,111570,166.126,28.1323,95.0733,3944
65101.3,36124.6,125394,54626.2,41763.6,101185,99.9539,6.30092,95.1479,3946
66465,37887.6,125202,49543.3,36584.9,103113,138.576,2.98163,95.2212,3948
51760.8,27305.8,124264,66622.2,47421.9,108010,93.4318,-9.79575,95.2347,3949
52847,30681.1,120533,39610.8,28591.5,100274,82.4665,-45.2723,95.2844,3950
52424.8,27723.5,127063,50031.8,33629.9,109338,138.923,-5.13615,95.297,3951
63629.6,32533.4,131935,75308.9,48013.7,114931,139.558,16.6534,95.3409,3953
67563.1,37035.2,128457,63946.9,43226,112109,98.557,-47.9727,95.3437,3954
67715.2,39476.3,127452,49687.7,37767.3,103117,157.899,2.36279,95.3618,3955
45202,21567.5,137433,84619.7,50858.4,125098,246.564,6.80726,95.3652,3956
69601.5,38037.2,127146,52795.4,37191.4,108632,175.43,22.4489,95.3892,3957
73697.9,39836.5,129632,58219.8,40430.5,107628,161.467,5.9071,95.4078,3959
71974.3,39396.2,129152,70221.8,47509.2,112001,163.481,3.37544,95.4112,3960
37479.9,20241.9,124795,56483.3,41311.5,107417,52.7512,14.6841,95.438,3961
68872,40276.1,122047,45752.7,35901,98267.6,109.78,39.8375,95.4438,3962
24637.8,9897.77,145162,61517.6,35406.2,130152,139.5,3.60047,95.4699,3963
46144.6,27239.5,119616,48343.5,36336.5,102292,134.761,15.9219,95.5013,3964
72233.1,38508.8,128358,57530.4,38555,109441,203.303,23.8557,95.5834,3965
66993,36887.6,124593,59611.5,43543.5,106188,112.278,30.4958,95.5878,3967
70133,37518.4,128936,56824.5,39964.5,107833,83.8675,-27.0045,95.6653,3968
66608.9,35364.5,127121,57304.5,39277.3,107983,60.3396,-11.649,95.6748,3969
76673.7,41455.6,132635,58181.1,40818.5,109533,103.212,-19.2208,95.7012,3971
64153.9,31521.7,166068,66589.1,43772.9,131013,266.283,-4.6596,95.7018,3972
72327.3,39182.2,127802,53604.2,40120.8,103041,112.975,10.5205,95.7215,3974
60920.9,33182.5,124928,51898.2,40068.7,103140,89.5265,-0.5295,95.727,3975
79535.4,40807.9,138418,78271,49711.1,114595,101.99,6.13214,95.727,3976
61991.4,36086.2,128223,55245.7,40760,106707,59.2725,15.6406,95.7307,3977
67412.1,37510.7,127828,53761,38765.9,104939,115.297,-1.32375,95.7318,3978
59534.4,30111.9,138191,110590,72754.5,123715,395.165,-7.9425,95.7324,3979
58858.9,32885.5,125297,53669,39411.1,103686,107.34,-3.01815,95.766,3980
66777.3,37335.2,125181,65202.3,46052,105625,116.573,-26.9515,95.7834,3981
73777.4,40320.3,130214,71327.8,52568.3,112377,214.309,-1.8003,95.7878,3982
66532.5,37711.3,124931,43829.3,31884.2,104473,195.363,-10.3782,95.8162,3986
29670.3,19447.4,107124,35936.2,29578.8,90382.6,67.4411,5.6258,95.8163,3987
61678.4,34572.1,126915,65378.3,52776.2,105468,267.974,2.36279,95.8211,3988
53117.5,29032.2,134673,89128.3,60737.8,121078,227.905,-2.3298,95.8214,3989
53473.7,27043.9,130758,50736.4,32444.3,112030,150.12,-50.832,95.8323,3990
70274.9,36415.1,130973,64302.7,45982.9,107965,132.794,24.0808,95.8835,3991
61497.9,33195.6,133640,66007.1,42803.6,112177,147.41,-16.6263,95.8891,3992
53572.2,25969.8,143375,89850.3,55493.6,123830,196.106,4.33183,95.9038,3993
52178.5,27022.6,127542,66985.6,45486.3,112429,158.244,-14.6672,95.9082,3994
30943,14440.6,150490,38454.3,21510.8,127088,48.8979,19.3542,95.9971,3995
67897.4,37066.1,128881,54697.4,35588.1,110500,131.348,30.7771,96.0051,3996
42786.6,23537.2,123648,61605.3,46896.8,105441,171.412,3.03789,96.0228,3997
79416.7,40038.9,135034,77711.4,53853,114059,159.798,49.1235,96.0289,3998
65378.3,35614.3,127841,52730.5,39260.4,103970,94.5388,-45.0075,96.0428,4000
48060.1,27460.6,119538,46631.8,36466.2,97522.8,131.927,70.7472,96.0527,4001
70728.2,38868.9,132102,69120.9,47711.2,113748,204.445,7.59491,96.064,4002
65892.7,36676.3,128075,49129.1,34137.2,105446,108.27,-0.7413,96.1972,4005
63802,31946,138112,72813.4,50127.2,111117,203.132,-19.7503,96.251,4006
69084.2,37580.2,127528,54429.9,38195.7,106771,132.216,-9.05445,96.2575,4007
65874.4,34809.5,128236,58566.8,39467.6,110586,116.051,1.51893,96.2629,4008
59337.5,32019.2,128541,59873.8,44962.3,103855,64.1339,6.80726,96.2683,4009
32188,16524.2,121061,52883.1,32768.6,110234,86.7269,-24.4629,96.2829,4010
70253.3,36429.5,128439,74005.9,52305.7,108470,131.695,-4.4478,96.2955,4011
55508.8,29771.3,126726,53227.8,39995.6,104870,129.438,-32.4054,96.3047,4012
62181.4,37927.6,121308,40523.6,30133.8,97909.8,128.975,-8.2602,96.3414,4013
73237.1,38330.1,130819,71174.2,48491.7,110041,218.01,-1.74735,96.3577,4014
72335,38005.6,130614,53446.1,37874.7,106717,67.4996,-12.6021,96.3658,4015
73687.8,39259.6,129552,60756.5,41332.2,107625,170.148,-28.2753,96.4075,4016
67336.9,36758,131411,51321,37573.9,105735,90.1678,-3.86535,96.4166,4017
53359.7,27842.9,127084,51522.9,37790,107297,123.995,-15.1437,96.4289,4018
58551.1,35755.5,121200,42738.9,32085.9,99352.4,151.446,43.1016,96.4439,4019
56008.7,28559.4,134435,70309.2,48139.5,114727,104.084,17.8912,96.4489,4020
58101.3,35201.8,122016,45721,35051.1,98127.8,43.2663,-2.38275,96.5105,4023
66209.1,31940.5,138724,87714.5,56145.3,120662,146.256,10.8018,96.5253,4024
65899.9,35202.8,128233,61297.1,40059.6,109607,171.239,19.2416,96.5669,4025
59930.9,34249.4,127414,50311.1,34818.9,109849,155.192,-10.8547,96.591,4028
71199.5,40613,124855,53991.1,39185,104307,163.365,-30.711,96.6231,4029
41327.7,22531,124218,46280.9,33908.5,102795,85.6767,-20.5976,96.6299,4030
56649.3,30043.8,126433,63548.8,45095.3,107803,179.274,-14.5612,96.6448,4031
50019.3,28907.1,123804,42499.6,30022.9,100794,110.71,46.4221,96.7201,4034
55866.5,32138.6,121256,49933.6,38015.3,103581,88.7101,16.2595,96.7363,4035
61564.9,34459.9,122504,47440.1,33794.7,102621,153.924,23.293,96.7368,4036
70486.8,38953.9,127443,49105.3,39992.3,97875.6,73.7018,10.9144,96.7392,4037
43449.1,22604.4,129593,57783.3,37851.5,114531,160.489,19.4104,96.748,4039
67099.3,36583.8,126724,53300.2,37307.1,107250,132.332,5.17572,96.7837,4041
66883.1,40114.1,121467,43489.6,32511.4,100003,111.755,29.933,96.7954,4042
23720.1,10357.2,152329,66155.4,39120.7,141393,90.6342,-15.9909,96.7997,4043
67323.9,36467.1,126942,60400,46171.8,104117,107.747,9.50781,96.8393,4045
68642.7,37591,124737,48640.2,34633.7,103255,156.459,21.6049,96.8806,4046
23375.3,18562.6,96708.3,46719.1,38944.7,93597.6,110.942,1.6877,96.8838,4047
53095.2,26352.5,134610,63605.1,37802.7,114892,149.428,43.7769,96.9079,4048
65455.9,37292.3,125177,45884.1,32182.3,102862,66.2089,-35.2647,96.9105,4049
53075.9,27978.7,128185,60085.7,41527,110368,29.277,-5.4009,96.9146,4050
60914.4,34062.5,121449,51991.7,37053.9,104346,119.531,0.337538,96.9196,4051
39889.8,22785.1,121775,60796.4,43364.4,107919,167.965,-0.6354,96.9211,4052
44641.4,23552.1,123603,51170.1,38356.7,103599,87.3686,-9.1074,96.9375,4053
59629.1,34424.7,122047,50840.4,39190.5,103669,121.908,-4.50075,96.9398,4054
46747.3,24294.5,128641,54162.5,35729.5,111624,87.6602,7.03231,96.9423,4055
68032.2,38028,127042,50345.4,37389.4,103585,151.619,-9.79575,96.9464,4056
60790.2,36413.9,120657,46569.9,35643.7,99862.6,94.364,10.9144,96.9635,4057
38136,21226.5,124313,39173.1,24562.5,104356,139.443,-37.5945,96.9673,4058
66991.4,33881.4,133991,96252.6,66897.5,115223,122.256,-1.059,96.979,4059
55252.8,34866.3,128240,60146.6,41208.7,117484,188.784,-7.04235,96.9808,4060
48334.9,25962.2,125119,61232.3,44763.3,108829,111.407,-13.2905,97.0331,4063
63915.6,33032.8,135120,74064.9,47049.6,117379,156.459,-40.9833,97.0521,4064
62336.2,34647.5,127862,60633.9,43121.3,109620,116.167,-15.3026,97.0557,4065
69599.5,36535.3,129678,56922.1,39964.8,107230,76.2158,-5.45385,97.0978,4067
69230.5,34666.4,138301,79294.8,47834,120761,245.431,43.1016,97.1228,4068
53835.9,30841.9,121796,50795.7,38926.5,102702,76.9171,-30.0226,97.1308,4069
60630.1,35622.4,124796,44889.2,31176.8,105312,91.9166,-0.90015,97.1794,4070
72695.7,39803.6,127698,58731.6,41426.3,106592,168.137,-9.79575,97.2806,4073
54405.7,28632.1,129777,79595.5,54479.9,112633,250.242,-1.00605,97.316,4074
67918.1,35318.3,131576,54782.2,35931.7,110465,91.7418,8.15753,97.3483,4076
71548.2,40366.3,124078,52220.9,37220.7,105106,62.6517,-11.649,97.3782,4077
59318.4,32259.4,124321,46749.4,33985,104534,104.433,-11.8078,97.4033,4080
70452.7,38300.6,131654,72917.6,51866.7,111754,127.528,-5.9304,97.4203,4082
50771.4,25937.3,134686,82901.1,48823.5,121328,119.067,-5.4009,97.4578,4083
84973,45101.6,133262,70168.4,45868.7,115635,166.988,-34.2587,97.4747,4084
57855.3,29265.5,138961,77557.9,47538.6,119213,101.35,9.45155,97.498,4085
65486.7,37429,122159,42568.6,31708.4,102943,113.729,40.7379,97.535,4086
33493.7,20481,135868,55381,38162.4,110834,103.27,-12.6551,97.5516,4087
47888.9,25531.7,127202,52127.2,36922.4,107208,118.255,5.68206,97.5695,4088
63823.5,34109.8,134494,76209.2,51857.3,120022,134.992,-5.8245,97.5807,4089
66911.8,35779.6,134220,75308.1,50026.8,114488,120.749,5.56954,97.5988,4090
69657.1,34463.4,143543,91144,63809.4,149380,302.75,-1.3767,97.6482,4093
64257.1,37372.6,121720,42171.9,30249.2,100421,92.7908,-3.0711,97.6578,4094
64032.7,34514,127623,60357.2,43427.2,109730,70.1335,-9.0015,97.7028,4096
47330.4,25128.5,134383,71266.8,48025.2,114264,230.461,-16.0438,97.7036,4097
57289.3,31600.5,124528,51713.5,39242.9,103510,60.0432,-8.8956,97.7269,4098
77427.6,37684.2,138481,83452.5,48685,119749,133.893,2.47531,97.782,4100
67908.7,37943.3,124819,46958.9,32484.1,102726,157.092,-28.4341,97.7846,4101
63619.8,34599.3,127452,52942.5,37768.5,105127,151.504,-3.12405,97.7889,4102
65228.1,34247.3,128403,58876.6,40531.4,107570,121.966,-2.2239,97.9425,4108
48604.4,27766.6,122784,43944.4,32987.5,99761.6,34.671,7.87622,97.9438,4109
48978.1,26828.8,122443,47273,34309.7,102492,113.845,-1.5885,97.9506,4110
43052.9,24672.5,124794,54607.7,39289.4,107870,84.9181,3.99428,97.9509,4111
73182.7,38698,131747,66255.4,48717,109959,174.856,14.9091,97.9753,4112
67169.2,35827.7,127417,57528.2,39334.2,107765,163.538,-7.57185,97.9779,4113
68540.3,35102.9,138224,75796.5,50484.6,118304,236.023,8.60762,97.9813,4114
50158.1,26071.8,133865,87475.4,58324.3,117397,256.291,-28.1694,97.9866,4116
67024.2,33917.3,133701,63320.1,42827.3,110884,277.38,-14.9319,97.9893,4117
44956.7,25462.8,118048,42741,30889.7,100989,61.7624,-5.7186,97.9901,4118
56497.2,28982,134871,82555.8,53118.6,118368,250.185,14.6278,98.0539,4120
56548.9,27147.3,141322,71406.4,42769.1,119864,165.033,-33.7291,98.0648,4121
49796.3,27709.3,128603,51651.1,37151.7,107835,64.8453,-17.4735,98.0692,4122
38335,22932.9,128075,63430.2,42436.6,111892,225.291,-5.7186,98.0919,4124
55631.3,34537.4,114959,35322.5,27342.7,93636.5,47.7716,7.87622,98.1265,4130
74787.9,40480.4,130375,63740.4,44506.9,110580,248.262,5.96336,98.1609,4131
52110.6,26176.9,131130,64824.3,43721.5,111226,117.443,34.6038,98.1795,4132
64116,37957.8,125055,46728.3,32620.6,102681,193.648,-11.0136,98.2413,4134
68262.7,36687.8,131366,58523.7,42591.1,107227,109.374,-20.9682,98.3017,4136
60683.6,33169.2,125180,58314.6,43277.3,108289,110.013,-20.5976,98.3066,4137
61999.4,33754.9,123803,54578.3,39014.4,107477,91.6835,-65.4462,98.3162,4138
36397.7,20851.7,115000,37223.6,29149.1,94174.9,100.71,3.48795,98.3808,4141
46550.2,23492.7,129239,76852,54394.3,112878,254.596,-0.2118,98.4194,4142
57385.5,31408.7,123695,38778.1,27457.1,100038,86.1435,-1.8003,98.4511,4143
53023.4,27056.8,127362,60551.4,43992.3,107047,48.2458,14.6841,98.5319,4145
49657.7,28874,120302,41030,30636.8,100343,58.9168,-5.03025,98.5364,4146
58106.2,32717.9,122580,40834.3,28896.2,100653,25.6022,27.8509,98.5505,4147
37493,20767.3,124826,56769.5,40411.7,109884,159.108,2.53157,98.5858,4148
57934.3,30643.1,126989,49203.5,36080.5,103881,84.2761,-44.5839,98.6376,4149
73441,39345.5,130915,61530.4,42247.2,109364,228.53,38.4868,98.6409,4150
62175.7,33799.8,129098,65749.4,43735.7,110671,216.815,26.838,98.6503,4151
70066.8,40483.5,129666,82635.4,58307.1,139733,267.41,18.3976,98.6507,4152
45281,27288.6,124134,57601.4,43783.9,110192,224.211,12.6023,98.6549,4153
31485,17019.1,120303,52573.9,37469.8,106849,182.427,7.48239,98.6593,4154
64839.9,36012,126507,53563.1,37449.7,106992,147.294,-24.1982,98.6619,4155
46325.8,26111.8,123630,48593.5,37052.2,104160,101.7,-6.83055,98.6674,4156
68538.9,37735.1,124935,47266.6,34609.7,103846,100.943,19.8043,98.6929,4157
70398.5,38767.4,124800,50880.7,35016.8,108459,111.929,58.8604,98.705,4158
54444.8,29234.3,124612,55608.7,38976.6,107723,158.992,-13.4493,98.7526,4159
73095.3,36251.9,140888,85986.6,56183,120305,103.27,11.8708,98.7635,4160
62158,32566.1,134290,87016.6,57032.4,132056,281.655,-31.7171,98.8273,4164
76097,39967.8,131074,71123.2,49779.7,110074,121.213,24.4747,98.8312,4165
70195.4,35664,133662,76539.6,50254.1,115002,258.043,8.55136,98.8658,4167
76221,37720.6,137951,71305.8,44054.4,116572,110.942,-2.7534,98.9522,4168
52951.1,29843.1,123804,46004.3,31684.7,107725,155.422,3.54421,98.964,4169
43041,22820.3,127337,56265.2,38090.3,112377,136.437,-15.1967,98.9832,4170
57244.6,31777.5,125562,45420.5,32160.7,102583,94.1892,-9.47805,98.9923,4171
71820.8,37782.3,128284,67150.5,46304.7,110076,207.811,-15.1967,98.9926,4172
62058.2,35333.3,123542,47394.7,34744.3,104232,191.76,-6.354,99.0104,4173
56117.8,32165,126683,51040.2,37653.7,105378,91.2172,6.58222,99.0492,4174
69049.6,36490.9,127686,68331.8,52754,108635,131.753,0.168769,99.056,4176
67926.5,39389.4,121508,50941.9,37268.1,103980,81.5906,18.0038,99.1194,4178
67925.6,37221.1,127955,54467.1,37244.5,107921,68.6704,-5.55975,99.1203,4179
57696.9,34109,121203,41063.1,28724.5,99597.1,78.2027,-20.8093,99.1797,4180
75015.4,42891.7,127147,62007.5,44390.7,108398,140.136,4.44435,99.1898,4181
69622.1,39029.6,124833,55371.8,39965.7,105175,115.935,-18.6384,99.1927,4182
68094.8,38186.1,134156,68426.9,52377.7,109779,156.459,-26.2632,99.1964,4183
74302,41948.8,126537,54882.3,37810.1,107333,164.113,-3.8124,99.2196,4184
40195.9,21181.3,131775,68885.8,44700.6,116869,177.037,19.2416,99.2627,4185
58516.9,32688.7,123366,44129.6,33544.6,100354,158.532,-2.48865,99.271,4186
76853.8,40157.6,129411,67440.1,50636.2,108560,90.6925,0.78759,99.2938,4187
59100.6,32703.5,126986,64599.2,49099.6,108249,124.574,30.4958,99.3013,4189
28900.1,15104.8,151533,57887.5,32339.4,127150,141.638,-13.3963,99.3123,4190
56794.6,29985.9,131525,73809,48583.8,113402,151.734,-1.42965,99.4045,4193
51582.9,26156.5,132031,73902.1,46353.6,116807,186.093,-0.7413,99.4202,4195
69549.1,38605.3,128930,58794.7,42765.8,106722,252.052,-12.0197,99.4236,4196
70254.1,38869.9,127922,64359.3,48837.9,106735,67.4996,10.2392,99.44,4197
70016.9,36263.8,131394,62155.3,39974.8,112144,147.006,-14.1377,99.4434,4198
68194.4,37405.4,126814,51723.4,36639.3,104916,144.582,9.28276,99.494,4199
58360.5,31566,127540,55740.7,38824.1,108276,158.129,-13.3434,99.5097,4200
34338.1,19038.4,128913,64948.9,41021.4,113956,131.579,12.4335,99.5614,4201
73155.9,39717.4,128941,59118.4,42854.7,107767,123.183,14.1214,99.6453,4203
59716.6,31318,134860,76169.8,50274.6,114788,234.719,23.2367,99.6939,4204
63866,35770,126460,51120,38163.7,103236,120.865,10.183,99.7146,4205
54143.6,28461.8,125408,57228.4,38542.4,110740,188.155,-6.19515,99.7766,4206
63833.9,37195.3,122055,39111.5,28239.2,101381,85.7934,3.26292,99.7935,4207
69019.1,39087.3,124637,45871.1,34096.1,100660,157.899,0.450051,99.7968,4208
62281.8,33995.2,125335,48941.1,36174.5,103245,108.27,-3.65355,99.8076,4209
66482.3,35642.3,128785,60250.1,39917.5,110234,156.632,13.5588,99.8291,4210
65616.3,33741,137827,74482.6,50289.4,117597,153.694,13.2212,99.8576,4211
46726.5,25051.8,124491,57400.7,39419.9,108468,126.08,15.8094,99.9062,4212
70670.5,37479.4,128908,60662.9,42361.6,108804,133.084,-24.1982,99.913,4213
68825.4,37184.1,127084,55437.9,39808.3,104539,47.4752,1.18139,99.9461,4214
54912.4,31082.8,124199,50014.2,33988.7,103734,143.139,-4.39485,99.9754,4215
33522.4,17094.8,123577,67606.8,51436.8,107386,200.106,-48.1845,99.977,4216
30088.5,15951.3,124010,57790.4,42031.6,110682,208.495,-11.9667,100.037,4217
74428,39121.8,131763,55176.8,40000.2,105521,97.3343,88.7564,100.09,4218
64609.5,37576.2,123918,63508.2,44170.8,107276,130.249,14.2339,100.11,4219
62791.4,34215.5,125503,46227,33276.8,103359,79.8969,-2.48865,100.121,4220
67799.2,37418.8,127186,44720.2,31360.5,105741,112.568,-7.04235,100.188,4223
59087.1,33388.3,124800,57489.6,42985.6,104675,115.877,15.8656,100.19,4224
66665.4,37511.7,126757,63243.9,43660,108606,160.201,-26.0514,100.213,4225
79706.8,41977.3,136273,76447.6,50752.4,118109,271.975,27.4008,100.237,4226
76961.4,41871.8,138244,81124.6,49211.5,124599,312.818,-3.6006,100.293,4227
45567.4,22918.9,130130,69688.7,45442.2,114157,137.073,-1.95915,100.333,4228
72977.9,41596.8,128120,53498.1,36751.7,111111,155.71,7.31361,100.344,4229
45238.8,24109.9,128189,63974.9,44966,112100,145.794,1.51893,100.39,4231
36260.1,20224.6,117598,41867.2,29828.7,100800,74.5204,-0.58245,100.431,4232
38826.8,21667.8,122133,52180.7,37008.8,106874,132.447,1.01262,100.432,4233
80128.4,42685.4,134153,66260.6,45083.5,111078,158.762,-5.0832,100.494,4236
46456.5,24952.7,121971,43598.4,30943.3,107051,148.159,-23.7216,100.507,4238
75454.6,40604.3,128301,66082,45973.8,108149,171.297,0.337538,100.517,4239
66331.6,36736.9,123928,59713.6,45265.1,105253,154.501,1.06887,100.518,4240
51289.7,28256.1,128111,58062.7,40582,109662,121.966,14.0089,100.537,4242
63726.9,32655.4,135258,93164.1,58446.8,120980,265.155,47.0974,100.554,4243
69324.4,39282.1,127863,53106.6,35338.9,106685,108.502,-0.6354,100.584,4244
45924.6,24806.4,124613,49264.5,33716.8,107375,121.792,-18.5854,100.602,4246
45455.1,24809,125344,48489.1,32931.5,107812,113.207,16.6534,100.602,4247
40723.5,21768.6,122192,55733,39857.6,105713,146.198,1.6877,100.642,4249
21691.6,10887.7,119861,59579.7,39504.2,114783,180.248,5.56954,100.659,4250
72476.7,38450.5,134559,75072.1,46608.8,116531,171.641,-22.0272,100.662,4251
61672.5,30576.4,135820,92723.9,70176.1,114848,140.887,-19.2738,100.7,4252
52648.8,28140.3,125180,60671.2,44246,107526,154.443,-31.1875,100.729,4254
59461.7,30845.7,132181,77960.5,49926.3,117795,113.091,-7.57185,100.734,4255
65987.2,36363.4,130925,68204.7,46274.6,113898,129.67,-7.88955,100.74,4257
45999.1,25983.9,123444,56422.2,38046.5,111548,55.4783,29.2577,100.749,4259
64164.3,36491.8,127653,57488.7,42877.3,104329,145.332,24.4747,100.798,4260
70734.3,38892.2,127384,55413.7,38474.1,106264,98.1494,16.147,100.868,4261
63185.2,34837.6,124267,58953.9,43322.9,105088,127.296,10.8018,100.908,4262
23203.9,10718.8,149127,60136.9,39470.1,127101,86.3185,-25.8396,100.932,4263
68511.2,36362.2,128010,55904.7,38114.9,107125,251.656,-16.8381,100.956,4264
68947.4,35633,135774,73012.9,50731.7,111721,152.772,62.9691,100.957,4265
65765.9,35069,132063,72683.9,46160.4,114413,155.422,-11.2254,100.967,4267
60716.3,35224.5,122412,49089.5,35575.6,101367,98.7316,-27.9046,100.998,4268
60133.3,34920.3,126353,61498,45550.2,107360,132.563,0.506307,101.003,4269
61472.4,35778.9,122421,49405.7,37354.1,100067,64.1932,-19.8563,101.007,4270
43286.1,23915.3,131331,56208.5,36103.7,111078,125.733,-0.05295,101.019,4271
62299,34642.4,121748,47876.7,35129,103275,54.2333,-6.40695,101.021,4272
69012.3,39132,127227,68863,50967.9,108864,101.292,12.7148,101.025,4273
76706.4,40392.8,131400,58283.7,39793.6,110208,104.666,-1.11195,101.093,4277
85180.6,45232.6,131363,70739.3,50827.4,108368,129.728,-11.3842,101.097,4278
68118.6,36395.9,128443,64821.4,45538.4,108034,198.792,14.0089,101.12,4279
48875.9,24766.2,131305,66544.3,46309.9,111808,202.904,14.9091,101.128,4281
63081.2,37384.8,126909,60659.4,44750.5,106613,114.89,39.6686,101.129,4282
74057.1,40921,128382,57974.8,40389.2,108016,88.4768,-30.8699,101.155,4283
64525.1,37085.1,124784,40277.8,31178.4,100207,87.9519,-38.8124,101.168,4284
75528.9,39125.8,134487,63932.9,44899.7,111004,165.378,-6.0363,101.171,4285
62020.3,32684.7,127690,50924.6,34346.3,106544,80.8899,-8.84265,101.191,4286
24679.5,12818.2,138819,75229.4,41533.9,128323,195.706,12.4897,101.326,4287
69733.2,39788.1,127888,48173.6,34140.4,104346,156.171,17.7787,101.353,4288
70538.5,37471.3,129614,51738.7,35310,107121,155.134,-16.4675,101.371,4289
76224.5,41133.5,132043,61348.1,43416.9,107780,165.378,28.695,101.436,4290
39837.8,22636.6,122749,55695.3,40971.1,104044,180.134,-1.85325,101.447,4291
79573.9,42183.4,128665,69094.3,47928.7,110705,127.702,-7.99545,101.472,4293
74654.6,38760.5,131094,70077.4,47843.8,110487,79.5465,10.183,101.488,4294
61264.2,31040.6,132828,65990,43214.4,114382,120.981,5.45702,101.5,4295
60779.4,34810.5,124846,52662.1,40306.9,103910,122.72,0.843847,101.513,4296
63637.7,33316.1,127883,65511.8,45646.9,110983,106.817,-6.19515,101.533,4297
56515,31465.8,128559,61482.3,43927.9,110048,142.619,25.4313,101.574,4299
62425.5,34734.5,126645,56036.5,40331.6,106782,62.711,-4.81845,101.582,4300
73612.8,39318,130486,67003.4,44297.2,114665,101.06,48.8984,101.591,4301
73517.4,40294.3,127736,59346,42529.1,108494,139.269,-39.236,101.592,4302
64679.8,33950.5,131222,58703.6,39746,110413,169.803,26.6692,101.722,4305
40167.4,22729.5,120013,50367.9,35680.1,103504,20.0308,-14.2965,101.8,4306
76167.4,39845.8,133931,67179.5,48180.8,111068,182.484,-3.33585,101.935,4310
71497,36201.7,135754,70680.9,46422.7,119701,112.394,-4.50075,101.944,4311
70108.9,39078.9,129540,51870.3,34770.5,109846,80.2474,0.112512,101.989,4312
73554.3,39031.5,133220,74736.5,51751.5,114750,156.113,5.73832,102.041,4313
58493.8,29625.5,131022,62995.5,43245.4,114805,142.562,-1.64145,102.043,4314
73219,40446.6,127806,60931.3,43571.2,106986,104.608,-19.8563,102.044,4315
69229.1,39755.6,124880,53322.6,38138.6,104854,141.118,-19.2208,102.052,4317
61344.6,35633.6,122404,46896.6,33436.9,102826,74.6373,-3.3888,102.092,4321
34826.1,19528.3,120578,72326.4,54329.8,109608,106.643,-34.6293,102.106,4322
75374.9,38211.2,139934,85359.5,53185,121507,166.815,-6.5658,102.128,4323
61228.4,29818.9,135694,85069.7,56240.1,117870,137.478,1.57519,102.143,4324
45497.3,24080.4,130744,66125.2,40883.9,116385,262.559,77.1268,102.148,4325
62178.8,33601.6,125320,44609.6,30423.4,104459,47.5344,-30.711,102.167,4328
50474.1,25836.6,126624,57345.8,41973.4,107151,189.471,78.5127,102.178,4329
71994.7,36794.5,133915,58148.1,37995.7,115586,156.286,-3.44175,102.181,4330
71455.1,38373.2,129352,53963.6,36361.1,110367,123.067,-14.9848,102.192,4331
20189.2,10239.5,133526,37029,25766.5,111619,139.5,3.03789,102.221,4332
47062.9,25167,121961,51869,35349.2,105202,179.79,46.4783,102.224,4333
51969.6,28619.2,124092,55335.3,39573.2,104524,194.334,19.8043,102.224,4334
66184.6,36888.8,123553,46421.9,32686.4,110295,92.4994,-3.2829,102.304,4336
63995.5,34050.9,131194,50767.7,32853.2,110380,114.136,3.65673,102.32,4337
52090.7,29672.7,120058,41409.6,31908.2,97601.5,76.5664,1.96899,102.383,4339
73791.7,39911.4,126562,61650.5,42880,110853,162.215,-19.8563,102.394,4340
59096.6,32951.1,124224,39644.4,30116.6,100130,74.0526,-0.15885,102.416,4341
59593.8,30978.7,130906,63071.9,43588.9,111951,167.85,26.3316,102.422,4343
65086.4,39872.5,120263,44825.5,36594.9,96636.8,106.991,-28.1694,102.427,4344
63396.1,33991,130692,71759.6,46678.8,112565,196.335,8.21379,102.444,4345
55412.6,28806,130982,66758,46267.1,114452,198.678,-13.9788,102.449,4346
71794.6,37286.1,130847,67783.4,46520.8,109623,81.5906,-0.7413,102.451,4347
69140.9,38374,127274,52443.7,38173,104932,154.155,-18.4266,102.486,4348
62170.4,36510.1,121532,41889.3,32266.3,97815,64.0153,-20.0151,102.496,4349
66362,33178.4,134715,77633.3,52612.2,117044,142.215,3.76925,102.499,4350
59452.3,36692,118070,35929.6,27447.7,94080.6,68.7874,-16.5204,102.517,4351
35483.9,18455.4,132241,64624,34821.9,117789,104.898,33.6471,102.529,4352
78187.9,39174.2,135638,78823.2,49381.4,122463,263.293,18.1726,102.729,4358
64462.7,32801.1,136088,79399.1,57503.7,117041,135.281,-25.7866,102.736,4359
74444.7,36554.9,137371,78229.1,51930.4,114785,136.091,-12.761,102.77,4362
44482.5,24610.8,123844,60813.5,45362.4,107313,209.807,-29.2284,102.779,4363
22716.1,13380.8,128983,38273.6,26964.2,111084,215.391,23.5743,102.815,4364
68380.8,33580.3,137340,83069,50295,119951,154.212,-14.6672,102.824,4365
74465.9,37925.8,132225,65858.8,42232.6,116686,107.166,3.09415,102.829,4366
74343.1,36393.5,137957,81578.2,50549.4,120642,211.631,-1.3767,102.863,4367
34203,18312.8,126558,69357.9,48367.5,112213,92.616,5.3445,102.887,4368
65505.1,36071.8,127995,50513.9,36618.7,104804,114.252,-17.1558,102.89,4369
73061.6,38644.2,133388,68405.3,47797.5,112071,145.217,-5.66565,102.893,4370
59444.3,32182,130804,71590.5,46708.3,116600,131.174,-22.9274,102.901,4372
62334.4,34899.1,124147,49416.8,36000.7,103122,99.9539,0.393794,102.908,4373
57881.8,32381.6,121964,41223.8,29700.8,99685.8,118.719,-7.8366,102.916,4374
60704.3,35898.7,122536,42010.1,33763.2,98139,108.386,5.68206,103.002,4375
41681.8,21614.7,125231,64379.1,45055.5,110836,147.236,36.7422,103.023,4376
58931.9,35071.3,118275,39600.9,29570.3,99591.8,66.9727,-0.37065,103.042,4377
25768,10225.3,155229,71747.3,35630.5,137895,76.6833,30.7771,103.071,4378
22391.6,12949.7,117047,58091.9,42479.7,110228,200.62,-1.32375,103.073,4379
75511.6,42334.2,130379,86898.6,63606.7,114360,200.734,15.0217,103.153,4381
61768.6,37225.1,120926,38896.5,29006.9,97263.8,130.249,-1.8003,103.159,4382
67536.9,35347.8,128374,62860,45487.2,107556,122.372,-16.0968,103.162,4383
55091.6,29732.8,127754,57619.4,42936.1,106831,67.4411,0.506307,103.172,4384
37815.4,19831.2,122086,59692.1,41118.3,110998,181.567,1.6877,103.206,4386
63159.7,31839.5,132413,79927.6,56458.5,113984,125.443,-25.9455,103.251,4387
58935.9,32813,122053,38684.5,27310.9,100240,67.2654,26.9506,103.253,4388
32611.7,16590.2,128097,53752,33342,113775,252.391,-9.7428,103.296,4389
80252.5,42731.1,132441,70275.4,45388.4,130624,182.713,16.0344,103.319,4391
24922.9,13896.8,122878,44390.5,30383.9,107725,161.697,-24.6217,103.383,4393
56871.7,33096.4,121504,45973.5,35550.8,100097,77.034,-1.95915,103.392,4394
68314.7,38777.2,124949,62867.1,47758,105170,134.529,-2.48865,103.395,4395
61511.8,33804.4,124009,43839.3,30445.3,101182,90.8674,1.57519,103.439,4397
62027.1,35558.3,128247,52840.3,35474.4,111674,111.813,-36.3237,103.446,4398
20328.8,10378.7,128025,40519.4,26430.1,108595,133.662,1.23765,103.506,4401
42621,23299.2,123774,68086.3,48396.7,110006,162.905,-1.5885,103.552,4403
84832.6,45770.9,131026,70966.8,47684.1,110994,191.76,2.47531,103.561,4404
75691.8,39279.4,133650,74271.2,48135.8,116690,241.126,-0.2118,103.564,4405
70457.3,39263.7,124843,54625.9,41211.1,102585,98.1494,2.13776,103.581,4406
74792.5,39994.9,134662,86316.6,55086.8,117694,215.391,4.27558,103.596,4407
53677.9,31706.6,120578,45572.2,35025.2,100048,111,-1.2708,103.599,4408
62469.7,36177.9,122138,43319.2,31977.6,101257,110.942,3.99428,103.621,4412
68152.6,37063.5,127310,52844.5,38464.9,104508,103.794,-55.3857,103.651,4414
79650.4,44034.4,133739,74221.8,51532.6,115389,196.849,-4.9773,103.685,4415
50463.4,25531.9,130502,67655,43763.3,116920,201.534,-1.95915,103.689,4416
69381.7,38410.1,128080,58075.5,41056.8,106822,149.14,0,103.711,4417
40949.9,21438,123633,67102.4,51257.7,104525,163.193,46.3658,103.741,4418
72786.5,38666.6,131254,60480,41028.1,110479,197.706,-2.48865,103.799,4421
61773.4,31994.9,134189,79055.9,52347.4,117148,166.758,-2.17095,103.806,4423
50401.9,27790.1,130363,75436.8,52194.9,114825,172.388,-3.177,103.831,4424
81472.6,42507.3,135122,71090.1,47459.5,111858,241.183,-13.714,103.838,4425
58980.3,31217.8,130160,60523.9,42379.7,110585,118.197,25.6563,103.843,4426
56411.4,32582.3,119853,38152.6,29409.5,97720.3,79.0791,11.8146,103.869,4427
64274.5,38300.7,121944,46843.6,33564.4,100783,97.2179,47.7728,103.881,4428
68747.7,37578.6,135249,90539.5,68300.9,113603,210.662,-0.68835,103.899,4430
78152.8,44164.5,131227,66054.9,50174.2,108128,171.584,1.63145,103.914,4431
60850,35646.9,120820,41155.2,30571.9,101032,79.1375,-1.8003,103.919,4432
62483.1,34179.8,123600,66625.7,50623.5,103698,67.9679,14.0651,103.947,4433
76465.8,40452.6,134273,78683,50094.3,115131,137.247,-17.9501,103.953,4434
63308.4,35542.3,127709,55593.6,40249.8,107060,128.744,13.1649,104.032,4436
48491.4,23601.9,141861,90143.4,58387.3,123562,277.717,9.17024,104.178,4441
63898.6,33268.3,128544,65536,48644.5,108036,70.426,26.0502,104.197,4443
57305.8,27889.2,135819,100335,59575.5,135641,327.66,1.74396,104.203,4444
48493.3,26143.6,123917,65867.6,48891.1,106934,91.6252,0.506307,104.205,4445
83006.8,43598.1,134564,74206.4,51967.2,112389,189.242,-70.4235,104.228,4446
64172.2,34898.7,125302,59429.5,44537,103412,184.146,32.0714,104.238,4447
67424.8,37731.4,128298,73172.3,50549.3,111305,226.712,-0.7413,104.247,4448
66958.2,36542.7,127661,58082.8,43077.8,108294,125.153,16.4846,104.27,4449
48797.5,25934.1,128559,53714.9,35905.2,110091,122.836,10.8581,104.375,4450
71954.1,38132.1,129261,55810.2,37413.1,108438,88.1269,-9.68985,104.449,4454
52793.8,27543.7,131538,62999.8,41583.4,118353,128.049,-12.761,104.469,4456
69345.5,37812.3,127236,70095.4,52652.6,108116,149.428,43.1016,104.48,4457
64386.1,34564.4,128201,52269.5,37623.8,103898,113.265,6.69474,104.506,4458
59165.6,30501.5,131334,59259.7,42504.1,107424,124.342,-19.8563,104.533,4459
42682.3,22211.4,152249,88338.9,43825.1,134694,94.2475,-15.4084,104.54,4460
71541.3,38839.7,127904,54195.6,37532.3,107407,160.316,15.8656,104.566,4461
56110.8,31197.6,124695,60261.8,44287.5,105531,89.9346,59.4232,104.6,4463
57965.6,32801.8,122163,43875.6,31389.8,102432,151.216,-1.00605,104.609,4464
57847.1,30776.1,130531,69053.1,49045.5,112194,209.18,7.48239,104.611,4465
38592.3,22524.2,122755,54166.7,35764.2,111135,158.992,24.3059,104.614,4466
72855.7,37970.1,130344,60450.6,40068.2,109644,256.009,-24.1982,104.686,4467
49289,29834.7,128255,59117.6,40480.3,111639,150.236,6.58222,104.693,4468
56110.2,31990.1,121891,42988.7,30810.2,100990,107.224,-17.4735,104.711,4470
72070.8,39920,128845,57920.6,40429,107818,113.904,16.7659,104.725,4471
62499.3,32497.5,129405,65895.2,43425.9,111407,151.1,6.97605,104.729,4472
54854.5,31210.2,121798,48226.6,37406.1,101668,68.7874,-6.83055,104.732,4473
51466.1,29767.6,124693,42588.4,31088.1,101642,103.27,0.78759,104.77,4474
56343.6,31173.6,123361,40528.4,29019.2,100630,91.0423,-19.3268,104.775,4475
49149.1,28816.5,121625,49657.9,37263.7,104776,146.14,0,104.782,4476
68815.9,36220.2,134315,68868.8,44583.4,114491,96.9267,16.4283,104.795,4477
61131.4,32277.2,127002,75261.4,52441.8,112004,129.265,-8.63085,104.857,4479
66904.9,37713.8,125860,50633.2,37551.3,103343,134.703,-27.7987,104.859,4480
41231.6,21139,124012,68331.2,50031.4,111211,281.655,10.2955,104.92,4481
80624.6,42608.7,131813,68363.8,44938.3,113741,178.127,72.3567,104.955,4482
71384.5,34954.7,138140,91947,56784.5,124790,158.014,12.321,104.962,4483
79352.1,44097.1,128641,61961.3,43355.9,110603,144.582,62.7478,105.028,4484
68575,39850.2,123666,47108,35166.6,101163,98.2659,-19.8563,105.039,4485
61215.8,34139.6,144565,99680,55831.9,134985,189.013,-11.2254,105.044,4487
63331.9,37078.7,121229,49708.9,39088.5,100083,173.307,6.52596,105.11,4488
74224.9,40931.6,135339,81667.2,58249.3,113945,117.443,-10.643,105.127,4489
61291.3,32835.4,127148,53199,36791.6,106325,136.9,74.5204,105.177,4490
71116.8,36544.3,132681,67989.6,46501.7,111656,148.794,-0.90015,105.194,4492
64424.5,37367,120774,46693.8,34186.7,102902,64.0153,-73.5476,105.209,4494
55127.1,30856.8,126797,45353.6,31402.1,104764,129.265,-2.6475,105.223,4495
59128.9,34577.7,125215,42409.7,30825.1,100266,97.2179,3.1504,105.231,4496
68695.1,34184.3,136145,78702.9,50213.7,119654,167.39,-11.1195,105.287,4499
61564.9,31705.6,136284,85415.8,57752.1,118173,245.205,15.9219,105.29,4500
61053.1,34331.7,124129,38748.3,28408.8,101357,55.4783,-5.66565,105.295,4501
76831,42290.5,127317,59102.6,42732.2,105241,151.043,23.9682,105.302,4502
53120.1,29118,125146,57124.1,40206.7,110139,191.188,30.6646,105.308,4503
68489.9,38451.7,127648,62654.4,44896.6,112468,223.586,47.4914,105.404,4506
49938.1,26250.2,124488,50203.3,37990.5,104619,119.183,22.2239,105.407,4507
69280.1,35981.3,138130,89533.5,50854.9,126464,246.394,10.4643,105.439,4509
72824.1,39069.4,128421,66470,46083.1,107561,120.749,20.0294,105.44,4510
74286.3,37772.4,133711,77871.1,52190.1,114927,148.275,-24.357,105.451,4511
67883,35626.7,137458,86929.6,53739.2,125234,161.64,11.0832,105.499,4513
67281.8,35664.4,130697,68803.2,48673.4,109899,162.905,24.4747,105.502,4514
60510.1,35829.5,131310,59173.3,38705.9,113819,82.5248,5.79458,105.511,4516
63926.7,37262.6,126923,48625.7,36055.7,103888,137.593,-30.5521,105.546,4517
64881.1,36864.9,124989,59743.9,41930.4,108910,54.174,-16.0968,105.573,4518
73856.7,38871.7,132149,59173,40006.5,110263,211.061,24.3059,105.59,4519
28946.1,14945.6,121676,58774.3,42194.3,106975,186.895,34.9414,105.595,4520
65193,35585.4,128657,69146.7,51169.7,108240,128.107,6.41344,105.595,4521
59394.1,34485.3,121912,36060.8,27698.5,97538.8,93.8979,-28.2223,105.642,4522
67977.2,34840,131657,60582.3,39152.9,111994,110.884,-0.8472,105.645,4523
65599.1,33055.6,134257,72096.8,48192.4,113407,186.952,-9.7428,105.7,4524
76796.3,42421.6,128096,60758.4,42741.2,106523,196.906,21.211,105.715,4525
69860.3,39194.1,128269,51395,37915.9,104146,112.568,-45.3252,105.724,4527
38501.2,19551.2,126866,50486.4,32669,111080,50.6764,-46.543,105.724,4528
65463,36588.8,126459,52290.7,36645.2,107980,169.631,0.843847,105.773,4530
62536.2,31804.9,131911,55882,37297.3,111084,78.9038,28.9764,105.776,4531
62044,32532,137786,101202,64661.8,123347,329.275,-7.9425,105.799,4532
82251.6,45044.7,130786,70605.1,48841.1,110968,175.545,-29.3343,105.889,4533
35772.8,19582.5,128303,80594.8,50835.1,124421,274.059,-32.882,105.9,4534
73566.5,38876.1,134802,66469.7,46714.3,112517,139.269,-39.236,105.914,4535
69262.9,36737.1,131917,61792,39277.8,114262,201.648,-6.40695,105.951,4537
74249.9,39893.5,128485,77231.6,54153.8,110493,250.977,-30.2344,105.954,4538
48543.3,27006.8,124068,42631.1,29965.7,104885,62.9482,-22.1331,105.985,4540
74250.5,40435.7,127781,57275.3,39339.2,106383,140.367,23.1242,106.027,4541
53638.1,28930.6,127607,59570.2,40009.8,111655,186.322,14.4027,106.034,4542
68911.5,35764.3,131372,63220,45287.1,111077,150.351,-7.413,106.063,4543
46582.8,24707.5,123769,41688.7,30964.4,100080,82.9335,4.83817,106.064,4544
63128.4,34913.7,127337,57890.5,42094.6,108063,168.712,20.6483,106.068,4545
58713.1,32185.1,128584,54338.4,40053.6,108217,158.417,-2.7534,106.093,4546
68905.7,37282.6,128133,63497.6,43472.4,109801,74.9297,-10.8547,106.109,4547
73442.2,39686.9,127539,60733.5,43136.3,104555,118.951,21.2673,106.203,4549
56403.1,31234.4,127242,57379.6,40728.2,105554,46.9416,-19.3797,106.21,4550
45526,23524.3,138382,94034.5,52790.3,124674,222.448,-11.5431,106.224,4551
36384.7,20375.5,123899,52916.6,38289.5,104837,81.5322,14.9091,106.226,4552
38333.9,20176.8,122096,43671.6,31123.4,103058,89.818,5.51328,106.232,4553
84198.8,44478.6,132055,71178.1,47802.5,111790,249.224,5.0632,106.275,4555
61289.7,32613.5,128282,73176.7,52836.1,109650,182.541,4.27558,106.324,4557
31028.8,19453.4,107984,30761.1,25376.7,90138.7,31.648,25.7689,106.336,4558
82149.4,43601.6,131836,67456.3,46877.5,110516,164.573,-23.4039,106.338,4559
53580.7,30348.1,120253,52782.1,38118.4,104342,58.7982,-0.7413,106.431,4561
65944.4,35375.6,126304,50599.2,35421.7,108299,171.584,1.06887,106.437,4562
63806.6,33353.6,133933,64980.7,41025.4,114571,118.197,-62.5869,106.443,4564
49564.9,26613.4,125098,58512.9,43318.2,110740,145.101,24.756,106.443,4565
79510.6,41720.8,134426,76249.8,53517.5,131448,127.238,-8.472,106.452,4566
70804.3,38553.9,128692,51938.5,36669.5,106997,88.885,10.0704,106.477,4567
51980.6,28856.2,138083,105990,69004.4,124660,256.517,20.2545,106.545,4570
69289.6,41364.5,127669,57252,42521.2,105250,133.951,-2.91225,106.548,4571
37449,18673.6,125091,73376.8,48451.4,118817,199.877,-25.9985,106.551,4572
61536.8,30608.1,134042,69627.9,47947.9,115271,156.401,-37.5945,106.559,4573
64740.8,36982.5,123684,47707.2,34307,103385,117.443,-0.79425,106.66,4575
35329.1,17857.6,137695,49154,34203.4,120573,81.0651,11.5895,106.671,4576
63731.9,35472.7,126569,52848.5,38634.3,103993,97.1597,-24.0393,106.683,4577
61667.2,34220.3,131434,79953.9,56736.2,113836,216.473,-3.97125,106.689,4578
53574.3,28588,134907,63123.8,41668.9,124699,242.259,3.03789,106.714,4580
47934.4,24186.9,128078,70278.1,50588,114416,282.048,-11.0666,106.753,4581
42313.2,24536.3,127690,70630.1,50709.7,111640,160.949,-13.9788,106.765,4582
66075,37045.1,131871,80537.7,53334.1,113375,158.877,11.0832,106.779,4583
74906.7,41805.9,130331,65373.8,45454.8,111258,152.83,-10.2723,106.817,4584
63348.9,31760.5,131802,78594.1,54775.5,111553,202.162,66.8046,106.836,4585
53590.9,30045.1,121476,52318.6,37850.8,103834,80.481,-7.6248,106.863,4587
70388.7,38808.5,128504,48680.2,34136.4,104154,73.1754,11.8146,106.867,4589
54204.4,31389.6,121891,40836.1,28904.5,104568,129.207,-0.37065,106.878,4590
70909.7,39262.9,128820,60365.5,43118.3,107328,166.873,8.15753,106.889,4591
60091.8,33904.2,121892,43299.2,31232.4,101052,69.2557,25.7126,106.898,4592
60764.5,34952.2,120836,40747.2,27256.5,107930,110.536,20.367,106.905,4593
70041.4,38157.5,133995,62941.2,44541.9,110064,114.774,-19.3268,106.914,4594
20946.1,13439.8,128311,62698.3,39337.8,119853,172.675,1.80022,106.938,4595
66330.4,36085.3,130931,65821.1,44623.6,109129,223.188,-1.00605,106.978,4597
52268.7,27371.4,129465,69893.4,47070.6,114585,97.5672,4.72565,107.017,4598
71388,40505.8,124640,56755.1,36247.1,115435,217.042,-41.9893,107.027,4599
76427.7,42925,128498,61165.4,44710.7,107226,109.664,14.1214,107.036,4600
63738,34575.3,127091,53860.5,38979.2,104075,130.712,-11.8608,107.053,4601
62967.2,35706.8,124036,47612.6,35978.9,100610,128.628,16.9347,107.113,4603
38762.6,22541.3,120594,59464.5,42024,107402,178.987,-11.5431,107.231,4604
36584.8,20133.1,128796,75012.4,50918.5,112346,199.82,-51.0968,107.231,4605
65968.6,33748.9,132227,71935.4,48833.7,110545,146.833,-8.31315,107.316,4606
68404.5,37277.5,130780,79101.1,57708.4,111644,121.213,-20.4916,107.387,4609
73564.1,40369.4,126890,62466.3,44968.9,104940,112.859,17.4974,107.41,4610
67312.9,41106.1,120610,54285.4,42038.4,103394,96.6938,-22.292,107.418,4611
50942.1,27338.6,123676,51808.4,33980.9,107727,116.225,-0.05295,107.455,4612
50854.1,28411.6,121005,46367.9,35355.7,100421,47.5937,-50.7261,107.499,4614
67284.1,36917.7,128444,65940.4,49537.4,108282,137.825,-17.7383,107.561,4616
58441.8,32208.9,122618,45407.9,33790,102427,137.015,-12.3903,107.626,4617
24802.5,13002.3,124624,33639.9,19847.9,108065,174.053,11.5895,107.673,4620
63339,32940.6,130741,67040.3,44611.5,109505,108.27,-8.7897,107.689,4621
59499,33041.6,131745,79849.3,57774.4,120059,180.363,58.9729,107.707,4623
65044.1,34351.7,133650,67077.7,45762.5,111412,167.275,46.5909,107.717,4624
39078.3,22733.7,122267,48700.2,35262.8,103776,178.872,-9.2133,107.723,4625
52440.2,29476.4,127207,62415.4,46091.2,107129,147.236,31.6212,107.727,4626
42958.6,24609.1,121038,54335.2,38737.3,106717,151.504,-1.6944,107.728,4627
54420.3,27859.6,131736,62311.9,41170,114612,130.654,1.74396,107.729,4628
70755.1,36922.2,130580,68583.1,45690.3,114221,75.0466,1.51893,107.761,4629
44963.3,26247.1,117599,48135.5,34241.5,103977,79.8385,8.83266,107.778,4631
56474.8,32331.8,128390,62475.7,43288.3,111516,152.138,25.994,107.789,4632
65707.7,35017.6,128229,65034.9,49583.9,110050,131.869,0.562564,107.813,4633
69498.9,36658.6,134248,69577.8,42032,118201,239.312,-46.4901,107.871,4635
59432.4,30841.6,128058,60053.1,40555.3,110460,157.783,-37.5415,107.9,4636
59441.4,33111.4,123931,41207.9,29045.9,100294,68.4362,-0.5295,107.91,4637
81142.3,44823.6,131496,64456.1,45018.2,107762,166.988,19.8606,107.911,4638
74806.3,40351.5,132334,64023.2,45596.4,107344,78.9623,-4.92435,107.954,4639
38415.3,20669.7,127129,61429.8,40210.7,114381,180.994,-2.118,107.957,4640
67139.6,36528.9,131152,61270.8,41668.3,109792,141.811,-17.6324,107.957,4641
77306.9,41810.8,129627,59894.6,42065.4,107844,124.69,8.38257,107.965,4643
57369.3,32690.6,122208,55015.5,44876.3,103323,89.7014,-12.1785,108.016,4644
58008.5,35427.2,119985,35447.4,26958,93112.8,103.561,1.35016,108.099,4645
54080.8,28971.8,124902,50220.1,35450.5,104577,90.2844,26.7818,108.116,4646
49538.3,25021.8,133614,86986.3,55610.5,120961,288.678,35.3916,108.129,4647
54256.3,27082.7,144780,76394.9,53318.9,117100,141.522,6.69474,108.159,4648
61400.7,33409.8,124773,74177.7,52416.8,107585,155.998,23.2367,108.169,4649
57174.3,28056.8,137391,95747.5,61114.8,122519,236.194,-9.16035,108.181,4652
71534.1,40833.3,129496,68921.3,49775.8,110858,203.931,25.1499,108.279,4653
52477.8,27811.9,130507,74518.8,46707.2,117635,201.933,-20.8093,108.286,4654
57464.8,27808.2,136354,103425,73953.3,118864,154.673,56.1588,108.289,4655
57520.8,31084.9,124938,47030.3,32649.4,105066,85.9101,-4.5537,108.296,4656
60306.6,34448.3,122857,52061.9,39002.2,103096,106.817,17.9475,108.335,4657
54226.2,30295.7,122430,40583.6,29783.2,99972,160.431,32.0151,108.35,4658
56472.7,31105.1,123427,47619.3,33776.6,102983,75.3389,-12.2315,108.382,4659
83052,43501,134407,69217,46491.8,112195,133.488,-0.90015,108.386,4660
57567.6,31599.1,124134,47650.9,34206.3,105302,109.606,-8.63085,108.39,4661
54690.1,29677.3,124534,39254,27129.9,102976,61.3475,43.7769,108.405,4663
55628.6,31906.6,120693,49531.4,38002.2,103549,96.5773,-7.25415,108.492,4665
54199.3,27393,130620,70009.8,44518.1,113726,124.574,15.7531,108.495,4666
79053.4,40907.4,138049,78294.9,47141.9,123866,175.029,6.35718,108.508,4667
61023.4,33904.1,127210,71453.1,52885.7,110359,121.966,-26.7398,108.549,4668
66933.2,37986.5,127599,61166,43536.3,105442,159.223,4.44435,108.575,4670
66156,36976.8,134375,70579.1,53408.9,110605,211.631,-11.8078,108.582,4671
84438,44131.6,134459,69362.2,45475.3,113414,176.979,60.4926,108.589,4672
59598.9,35221.9,119069,40592.8,30774.4,98275.9,92.7325,-1.9062,108.596,4673
69278.5,38330,126483,54739.8,39793.1,104736,146.833,2.64408,108.597,4674
72330,36599.2,140710,88521.1,53653.8,126988,112.336,-17.4205,108.65,4675
58772.1,32305.7,130662,58724.5,40666.6,110265,114.542,-14.4553,108.654,4676
75435.6,41398.6,128998,59788.3,43815.7,105741,109.548,-24.357,108.677,4678
25554.3,13066.7,124234,77003.1,50483.4,114338,170.665,44.2834,108.68,4679
44639.5,22278.5,128135,57127.5,40530.4,110846,98.2077,53.9637,108.681,4680
33724.5,18840.2,117715,55186.9,39519.4,103892,133.199,33.3094,108.69,4681
38258.4,22057.3,118123,44872.8,34609.7,96730.7,62.1182,-12.8669,108.746,4682
50315.8,27707.4,128230,55403.3,38525.8,107754,71.8887,-4.0242,108.75,4683
72979.9,41579,126770,54419.1,41085.8,104788,151.504,35.8418,108.779,4687
45278,31929.3,113730,73383.4,55875.9,115109,143.081,14.2902,108.781,4688
48675,24352.7,131630,82406.2,60551.7,113712,90.1095,-137.193,108.792,4690
65999.4,38822.9,127093,57493.7,42338.3,104751,47.238,-29.5991,108.809,4691
76356.8,41589.8,130484,66929,48349.5,110234,169.631,-27.3222,108.815,4692
65897.2,36541.8,125461,49674.5,36117.6,104019,125.848,-23.8804,108.815,4693
62447.8,35041.4,127636,64224.2,46135.7,108016,137.536,38.8245,108.893,4695
51377,34239.3,116836,45401.2,34856.2,100811,95.7038,14.9654,108.903,4696
78058.6,38883.9,135126,73792.5,46153.5,116470,222.903,-17.3676,108.966,4697
58442.5,28076.7,139647,106187,55656.3,127081,184.375,-16.6263,109.048,4699
49454.5,28771.8,118231,42664.1,31277.1,100566,-0.111548,-0.15885,109.129,4701
50917.7,26130,128561,55820.9,38169.4,112682,52.8105,-1.059,109.142,4702
66927.2,36862.4,129184,58232.3,39061,110564,193.648,19.0166,109.162,4703
70915.4,38234.8,128822,61876,43876.9,108611,167.103,62.7478,109.165,4704
54951.2,29598.6,127262,52499.8,35540.8,109580,87.0769,15.7531,109.225,4706
69859.6,37541.3,127687,48135.1,32842.9,107041,134.529,-19.0091,109.237,4707
71381.9,37857.8,131975,71351,52248.4,110717,156.805,20.5921,109.319,4708
50856.2,27014.6,124827,51989.4,38434.8,104778,122.894,32.7467,109.327,4709
66601,35702.9,128264,61454.6,42430.9,108586,111.755,-7.36005,109.328,4710
69098.1,38169.3,130159,72161.4,54359.8,108012,99.8957,-0.5295,109.404,4713
58377.5,30978.2,126953,54565,38380.3,108331,132.679,-3.3888,109.416,4714
67425.6,37339.7,127253,45405,33497.5,102111,91.9749,-39.183,109.417,4715
60827.1,33268.7,127296,61917,43406.2,111435,165.033,-19.8563,109.421,4716
52790.2,28505.4,122110,39360.8,26681.7,104512,122.024,20.1419,109.422,4717
66562.7,35459.2,133673,79582.7,57168.7,113822,259.624,-29.2284,109.428,4718
69638.5,34545.6,135247,59561.6,39320.5,112810,127.991,12.7711,109.463,4719
62645.1,32692.5,129368,63534.2,42187.1,114125,98.3823,7.20109,109.466,4720
64722.3,40209.1,121652,50457.6,39719.9,101210,120.343,-0.9531,109.516,4723
57192.1,32125.2,126858,47733.5,36943.1,100384,123.357,-9.1074,109.627,4725
34208.2,18361.3,135495,70785.5,45944.7,121700,183.573,14.2339,109.634,4727
56416.6,31405.7,127909,51680.7,35819.6,105390,98.3241,-58.8274,109.639,4728
72460.9,42147.7,133962,67087.4,48624.4,110603,97.6837,18.904,109.651,4729
66754.1,35622.6,131529,74392,52532.8,111550,151.1,-0.5295,109.722,4732
78117.5,42119.9,134874,68920.1,48938.1,111919,128.512,-9.37215,109.754,4733
66273.8,34783.8,132010,67048.3,49647.9,109641,214.366,53.1195,109.779,4736
54064.2,29502.7,124809,48659.2,34538.9,104117,77.6184,-11.3842,109.823,4738
62701.3,34905.1,125625,53409,40065,105136,128.859,-1.74735,109.872,4740
51947.6,27973.1,125472,54784.1,39520.2,104054,110.303,-30.3933,109.896,4741
67763.6,39978.1,123335,53294.1,40203.6,103249,180.535,29.2577,109.946,4742
58357.4,33407.5,124723,55405.4,39707.5,107148,110.71,-23.4569,109.95,4743
58060.6,30509.7,127032,57926.7,40111.7,106712,99.8375,14.1214,109.984,4745
25754.5,11661.6,165163,68618.1,38564.6,151675,98.848,-55.1739,110.036,4747
77419.5,43694.6,124815,63236.6,49084.6,103286,339.79,9.2265,110.109,4748
81307.3,43253.7,128866,65791.5,46857.4,109900,106.294,-9.79575,110.119,4749
68338,39239.3,131878,68568.9,49985.2,111988,224.154,-13.2375,110.121,4750
52359.5,25570.3,133897,77519.6,46860.1,117334,233.3,-3.3888,110.179,4751
73795.3,39785.1,127924,61975.9,43319.9,109399,142.619,-14.6142,110.202,4752
79768.8,42878.2,131407,72308.8,49588.2,111797,180.076,-17.1028,110.213,4753
51748.5,27513.4,137364,103077,68126.4,119889,263.011,-13.6611,110.301,4755
68911.6,38240.7,124516,55549.3,41106.8,103593,168.195,4.72565,110.397,4757
59309.5,33959.2,123515,43160.6,31263.8,102996,161.927,2.25028,110.466,4758
61615.6,34392.7,125368,54703.2,41239.6,103597,138.46,-8.94855,110.469,4760
56414.8,31884.8,120640,41303.5,30395.3,98023.6,41.8436,-4.18305,110.487,4763
59382.2,33148,121559,47523.1,33424.1,102557,18.7862,1.51893,110.487,4764
57069.3,33070.9,121731,42013.6,30504.9,99784.4,100.71,-1.8003,110.53,4766
63396.9,32826.5,131794,79214.4,50021.3,115089,286.319,-37.9651,110.563,4767
74596.6,39764.4,129074,55556.3,37875.1,109938,176.061,-39.5007,110.568,4768
76673,42142.8,128753,66399.1,50819.8,105405,137.362,3.76925,110.59,4770
68483.2,35434.2,137919,70946.7,46508.6,114431,153.06,21.2673,110.612,4772
77729,39549.8,135265,64662.6,40568,114149,192.732,27.7947,110.636,4773
64267.2,35894.1,126663,53901.5,37237.5,106321,140.656,-10.1664,110.744,4775
42851.9,22298.5,128218,59053,37218.6,120265,143.889,15.5843,110.771,4776
41351.3,24402.4,122085,58804.6,43790.7,104859,135.686,-6.61875,110.812,4777
67930,37197.5,126601,49394.6,34488.8,107231,194.448,14.7966,110.813,4778
44590.9,23514.6,124693,46038.9,31986.2,104755,131.869,0.281281,110.825,4779
51646,26455.4,130905,78417.3,51915.3,115389,144.928,-9.3192,110.852,4780
65486,34813.1,136087,90327.3,53412.9,128164,221.368,-21.233,110.853,4781
81453.1,43031.2,131470,74505.1,50162.3,111611,144.582,34.1536,110.854,4782
78687.6,40307.9,138139,72731.3,49326.7,113870,129.207,-36.4826,110.874,4783
75251.4,38805.3,130192,61501.5,41504.6,111655,248.431,-2.70045,110.898,4784
54733.2,31872.7,120778,41539.6,29196.9,100321,120.111,2.36279,110.928,4786
54543.2,30533.2,124136,47446.7,32564.1,104084,95.7038,-9.7428,110.944,4787
20393.4,12412.7,118010,37774.5,27501,103801,182.713,-8.41905,111.042,4789
56788.3,32579.8,120981,38685.7,29791.2,96614,91.1006,-7.6248,111.058,4790
64560.2,36931,128344,57803.1,41878.1,107476,170.091,18.679,111.096,4791
62678.4,34882.9,124645,62057.3,47709.8,103864,134.761,-1.85325,111.154,4793
23766.8,17662.4,107274,43913.6,29990.8,104895,242.543,10.0704,111.16,4794
46794.1,26061,121261,51394.9,39828,100450,74.6373,-34.7352,111.192,4795
46738.6,24161.3,141452,95447.5,54165.9,124872,283.229,2.13776,111.234,4796
48219.1,25322.3,128034,69257.4,46946,115943,305.885,106.097,111.287,4797
50731.4,28730.1,121084,46384,31723.9,104134,66.2089,35.7293,111.299,4798
53511.5,32304.2,121042,39513.3,29466.3,97963.5,151.446,23.7994,111.299,4799
68133.4,33538.7,137685,89464.3,64817.3,117435,213.739,-7.413,111.456,4803
61436.2,33280.1,128979,58914.2,39960.1,110546,168.425,2.36279,111.479,4805
76829.2,40188.4,134100,74173.2,51560.3,114492,190.558,-21.18,111.549,4806
77823,40860.9,131291,71880.5,49535.1,114803,87.1352,-3.177,111.594,4807
64797.7,34361.8,129231,65426.6,47319.9,107420,97.6255,24.5309,111.604,4808
77135.3,42193.5,128873,60572.2,41672,107912,146.544,-8.472,111.61,4809
21739.6,19129.6,89936.4,29208.8,27773.2,80436.3,98.3823,1.51893,111.668,4810
66519.9,36980.7,127138,54291.9,39615.3,102758,76.5664,-6.7776,111.705,4811
75213.8,41316.9,130168,61390.7,43684.8,107718,62.3553,6.91979,111.742,4815
64706.8,36652.3,125351,55403.9,38085.4,107333,127.296,9.90164,111.747,4816
46327.8,25481.4,127055,54758.9,39471.5,107318,134.876,-5.45385,111.832,4819
47783.1,25463,125041,46259.7,31062.9,104391,50.6764,3.93802,111.872,4820
42529.8,23693.2,122325,46022.8,33578,107277,146.025,-8.41905,111.938,4822
51045.5,29409,120027,45807.7,32472.8,100892,136.033,7.25735,111.965,4823
46536.4,26217.4,121134,45968.7,32415,102601,156.747,-12.8669,111.967,4824
72358.5,42381.7,124470,52270.2,39959,103810,110.826,-8.52495,111.979,4825
55192.1,30876,121421,46722.8,33807.9,103822,51.2692,-39.8713,112.077,4827
72271.7,39303.4,127501,57214.2,43094.4,103403,90.4593,-21.9743,112.102,4828
45495.6,22909.7,135826,89428.9,57821.3,119292,219.433,-30.4992,112.123,4829
70945,36703.1,134425,57403.4,37331.9,109643,154.328,2.64408,112.145,4830
50425.3,28191.1,124565,41198.4,27515.4,103830,81.5322,-0.05295,112.151,4831
52450.4,28280.9,124760,43523.8,29884.5,105203,44.4519,8.15753,112.151,4832
62553.7,35924.9,124749,61878.5,44865.3,106901,114.832,4.50061,112.177,4834
67102,35219.1,130937,78922,56648.5,115160,123.995,-2.91225,112.232,4836
68712.9,40251.9,129377,62578.3,40346.6,110913,219.774,6.35718,112.238,4837
77687.2,40846.7,131502,66635.1,43766.5,112609,153.348,-25.469,112.349,4841
57862.8,28565,146269,86989,43515.5,132421,166.528,4.55687,112.381,4842
46517.3,28203.1,118234,39506.3,28042.3,97688.8,79.1375,-33.7291,112.399,4843
57927.6,31578.7,124086,47655,35355.9,102933,38.1091,23.4055,112.419,4844
72405.8,39114.7,126301,56789.5,40691.6,108267,239.993,101.85,112.421,4845
65988.8,37579.4,123607,50676.5,38892.2,102343,147.64,40.1188,112.425,4847
61740,33889.8,129687,61581.9,41572.4,111419,253.748,13.615,112.454,4848
58514.2,31047.1,126749,60043.3,39838,108440,63.7189,-18.6384,112.458,4849
47920.6,32671.7,114539,58873.6,50050.5,100247,98.9062,-1.1649,112.46,4850
53158.1,28576.9,127913,64129.5,45123,110944,94.9465,-13.9788,112.465,4851
41338.6,23007.8,121784,73754.3,52855.2,110463,136.322,7.98874,112.497,4852
35740.3,21073.5,118721,45285.7,30150.2,105409,141.811,-53.6913,112.547,4853
57064.1,29617.9,129518,65224.8,45412.4,111982,192.446,2.64408,112.64,4855
58836.9,31003.7,128430,55047.3,39889.9,105147,105.305,-28.5401,112.726,4857
69657.6,34763.4,134329,63143.6,42722.2,111607,157.899,-1.42965,112.728,4859
67989.8,37752.1,125562,53098.2,40671.6,103199,90.2844,1.51893,112.758,4860
61622.3,34728.2,123799,43719.5,31474.1,100406,114.948,-5.66565,112.819,4861
68471.1,36063,131929,75088.9,50745.9,113909,137.073,-25.416,112.827,4862
79418.5,41627.8,131977,71293,46503.7,111651,122.43,-1.059,112.848,4863
65303.8,37477.1,127291,75985.8,57175.4,110486,128.454,-19.7503,112.858,4864
40983.2,23009.9,144028,80596,54404.7,118182,117.965,26.8943,112.877,4866
59227.7,33214.3,123860,48144.7,34935.3,103963,74.9881,14.2339,112.882,4868
53940.9,31379.2,128390,64028.7,42674.7,111654,216.758,-15.4084,112.892,4870
58863.9,33588.4,121351,57115.9,41663.5,104521,100.012,-35.2118,112.917,4872
70435.7,39445,127644,55976,41453.5,104229,73.7018,-26.7398,112.985,4874
44493.1,24820.4,121776,59980.1,44334.3,107442,116.921,-0.8472,112.994,4875
62563.8,34922.8,124370,45999.2,31397.3,104294,171.354,10.6893,112.996,4876
54680.5,31725,123622,47666.6,37100.3,102531,93.6066,5.6258,113.049,4878
60835.3,34981.5,123817,42277.6,30888.3,100931,131.117,-9.2133,113.085,4879
68316.8,37078.9,127465,55446.1,39426.6,106397,81.649,-14.8789,113.127,4880
71805.8,38337.4,128664,55506.2,38714.6,108182,171.871,-2.27685,113.132,4881
61606.6,33781.8,128188,71107.8,52199.9,110070,142.157,-3.01815,113.135,4882
42319.9,25549,127111,80439.1,55184,113599,200.848,-23.9864,113.14,4883
31726.9,18592.8,116917,46629.8,33564.4,104130,148.044,-7.2012,113.14,4884
57021.1,33662,119897,41130.2,31835,97855.5,78.9038,-13.82,113.163,4885
59603.9,31047.2,127641,63410.8,47477.2,106482,75.3974,-15.0907,113.23,4887
41955.1,21227.2,128081,71477.6,47728.5,120006,161.755,-2.17095,113.261,4889
41982.8,21486.2,127009,58505.8,38242.2,114233,142.331,-38.071,113.266,4890
44585,23850.7,121588,47941,33386,107600,105.654,-12.4432,113.275,4891
54401.1,28993.5,127726,64373.2,44293.2,114196,81.2987,-4.39485,113.32,4892
53152.1,29962,124374,58063.5,41989.8,106186,153.002,18.2288,113.365,4895
62072.1,31243.2,131891,59289.8,37490.9,113107,121.734,-27.3752,113.393,4896
55089.5,30847.2,128200,45789.6,31400.4,110241,84.1594,16.7096,113.416,4897
65439.5,38450.9,124189,42385.5,32194.6,99327.6,56.0711,-3.4947,113.434,4898
67031.4,37770.9,128306,61208.1,45045.1,106282,115.064,-0.4236,113.44,4899
73185.9,38264.6,130530,52880.8,34787.9,108588,123.183,-22.5037,113.544,4901
63167.7,35885.2,124590,47557.1,33956.9,104047,104.317,0.281281,113.555,4902
67207.3,36829.5,127128,59283.5,44418,105373,154.27,9.2265,113.561,4903
58364.8,32152,124835,45558.9,32425.1,103991,135.108,-1.1649,113.568,4904
60545.2,30923.1,130707,73564.8,47348,111559,205.529,0.78759,113.586,4906
73517.1,41535.7,127499,64089.6,44684.3,111045,149.832,40.0063,113.591,4907
58725,31825.4,127319,58615,37970.7,107529,148.852,41.5821,113.618,4908
55612.3,31940.2,121497,41032,30689.2,99817,90.5176,6.41344,113.66,4909
76103.8,41613.8,131098,59226,42731.9,107380,141.118,-18.3207,113.667,4911
69477.6,39123.7,126904,48379.8,32408,104968,138.114,-6.30105,113.675,4912
22407.2,13284.4,106604,53707,41068.6,101279,423.384,-12.3903,113.689,4913
32223.7,18217.7,145782,67227.7,40377.6,136324,410.528,18.0038,113.719,4914
36484.2,19386.7,120678,44122,29721,120437,148.332,-10.9607,113.774,4915
38428.2,21256.9,121069,49052.6,34484.1,103846,145.448,37.924,113.811,4916
76934.8,43944.3,128084,59364.3,43417.6,107653,124.11,23.9682,113.838,4917
50553.6,27346.4,123528,48026.6,34057.3,104678,158.186,-23.3509,113.939,4918
45053,22963.1,127128,68347.7,47338.1,109558,121.676,-7.8366,113.957,4919
62916.1,33121.6,127738,57807.1,39607,106344,111.755,9.11397,113.999,4921
41901.8,24597.3,120205,36528.1,27322.6,98673,110.013,-26.1043,114.014,4924
57519.2,29340.7,130830,63630,44223.7,111606,99.0226,-14.9319,114.073,4925
72253.9,39407.1,128343,62348.4,43366.5,110191,149.082,101.298,114.146,4927
68206.5,38466.4,124067,61494.5,44481.6,106806,120.575,29.0327,114.165,4928
58158.7,32392.3,122527,49245.6,35731.3,102325,189.872,51.5999,114.176,4929
72265.9,38270.3,130819,64563.4,44301.7,109495,143.428,-39.8713,114.185,4930
61044.2,34040.6,127365,50256.2,37102.1,102964,102.107,1.96899,114.2,4931
55287.3,30715.3,121983,47825.3,35546.6,100858,94.83,-26.5809,114.203,4932
50124.8,27718.9,124963,46266.1,31775,104171,81.2402,-53.5325,114.232,4933
56952.5,32920.3,132749,79828.2,53729.2,115153,170.033,-37.4356,114.257,4934
50727,29836.7,123695,46208.8,34436.5,102864,153.463,-6.40695,114.285,4935
70935.3,38724.3,129064,54464.4,38635.2,106567,117.849,-13.2375,114.288,4936
72516,39050.5,128018,58883.7,41726.8,106498,140.251,-2.3298,114.322,4938
67998.4,34128.9,134074,72053.9,46573.1,116952,155.768,-7.57185,114.325,4939
42513.8,21856.6,132100,63017.4,40624.1,114871,167.85,-36.8003,114.329,4940
59256.8,33585.1,128275,54837.2,36543,110057,112.51,15.3592,114.336,4941
66215.9,35850,124554,58823.6,43446.2,103652,81.0651,27.1757,114.355,4943
66966.4,35582.4,128651,70431.9,53253.9,108208,119.879,-20.0151,114.396,4944
68548.1,37387.9,128111,54876.6,37008.3,110114,155.422,-1.5885,114.4,4945
25137.5,12933.9,121075,32384.7,21998.3,100361,176.75,-51.7851,114.452,4947
55461.2,30178.6,124273,51815.9,37605.9,103573,78.6702,0.78759,114.464,4949
71393.9,40152.4,127505,60593.6,41094.1,107358,171.469,-3.12405,114.475,4950
37181.9,19030,127519,70853,48570.2,110387,180.191,1.40642,114.524,4954
54605.9,30358.5,124442,53969.8,37500.4,107769,191.76,5.6258,114.526,4955
45671.8,26174.7,120302,49058.8,34722.6,104721,85.3266,17.1598,114.54,4957
63762.8,36804.6,121424,51254.4,36960.6,103656,207.925,-19.2208,114.6,4960
71089,38197.3,129215,55980.1,41263.5,107362,50.9728,-13.1316,114.609,4961
72204.6,38910.5,128103,52944.7,36727.1,107328,100.478,7.87622,114.646,4962
57848.7,29844.9,136366,67515.3,44150.8,114214,139.963,-15.4614,114.665,4965
73002,37388.2,131912,67589,47571.3,115323,198.106,-42.8366,114.725,4968
62054.4,31554.4,130714,62587.6,46575.6,109861,122.72,72.0238,114.785,4969
56083.2,29289.4,128434,68620.8,46609.9,114363,319.798,4.95069,114.824,4970
20225.9,10977.3,121286,49777.7,34101.8,110408,172.56,27.2319,114.831,4971
45360.6,25469.3,121153,56975.7,41359,108798,131.406,6.80726,114.845,4972
66570.3,33888,136588,78195.9,51971.2,116413,256.404,35.4479,114.857,4973
71879.8,38029,131092,67499.3,42154.4,113733,153.06,78.1247,114.907,4974
66132.9,34680.2,129256,53554.4,37959.9,108145,136.553,-15.4614,114.919,4976
78250.9,40270,137763,66559,40275.4,138787,234.492,-14.6142,114.92,4977
35392.7,20760.3,124194,82565.7,54296,120128,235.059,-24.5159,114.95,4978
71003.9,38795.1,130776,56910.6,39180.9,110871,92.616,-13.5552,114.967,4979
65374.8,38463.3,121674,49369.4,37897.5,100448,128.802,3.26292,115.006,4980
81052.8,42824.7,131682,73249.2,52494.5,112379,204.445,-10.1664,115.01,4981
53971.2,28728.2,127363,63397.4,44336.9,108486,82.9919,-14.8789,115.011,4982
72412.3,40861.3,128321,56699.9,42830.2,105005,130.654,39.8937,115.019,4984
70200.3,37697.6,128637,55182,38562.7,106281,92.208,-3.33585,115.026,4985
65883.1,38095.8,124942,44088.4,30714.4,103312,106.817,4.44435,115.051,4986
58781.3,35797.4,117945,35121.4,25678.2,100647,96.6356,16.2595,115.062,4987
64965.3,35016.2,127853,58335.6,41742.1,105881,101.932,-10.0605,115.071,4988
59945.1,32334.5,128957,54213.7,37622.6,107309,74.8712,1.12513,115.083,4989
56886.2,34156.6,118371,48613.4,37326.3,99787.7,110.594,33.3094,115.086,4990
53534.4,28833.4,126981,53596.3,35578.8,107376,100.943,23.1242,115.115,4993
73846.1,41559.4,127131,58011.2,42916.2,103641,133.893,-32.7231,115.145,4994
65385,31921.6,143871,95185.2,48907.4,124695,239.199,-2.59455,115.148,4995
49431.4,33503.9,146362,78379.4,41401.8,135358,199.763,-41.8305,115.17,4998
48332.5,23029.1,136722,101077,64551.3,127757,153.175,-63.6459,115.196,4999
73874.3,39823.4,127730,58679.2,41487.4,109173,202.904,-24.357,115.2,5000
65962.8,35701.1,126920,53453.3,39787.1,102634,92.3246,-35.6883,115.242,5001
34084.5,17854.6,121564,54895.2,38639.9,107831,70.8356,22.5615,115.251,5003
65787.8,37300.2,123399,45886.9,34894.5,101289,78.1443,-6.0363,115.256,5004
78860.9,42322.9,131657,70112.2,49794,110444,166.585,-3.3888,115.264,5005
56039,32392.3,122344,52284.6,37230.1,104747,172.101,62.1811,115.286,5007
58860.6,31096.8,132373,77238.3,53318.6,114785,234.094,-27.1104,115.298,5008
42588.2,22240.8,129468,53855.5,39694.4,107344,89.9929,9.2265,115.402,5009
66820.4,36625.9,127695,61362.6,42790.5,108811,126.138,-24.8865,115.404,5010
39250.6,23160.3,117294,41959.5,30842.4,101208,102.63,5.00695,115.404,5011
47255.2,26626,123731,54022.6,38544.8,106929,155.249,17.3286,115.428,5012
45273.3,23999.7,141445,93946.5,57014.7,123408,332.337,-6.9894,115.429,5013
71367.6,37402.7,135175,75019.4,47834,114960,73.7603,-14.2435,115.498,5014
57587,33616.4,121001,45061.9,35657.7,98592.4,107.631,-14.6672,115.511,5015
69310,39494.8,124626,51850.8,35970.2,106667,136.784,0.78759,115.516,5016
55720.8,30452.2,124482,46388.2,33086.6,103751,92.9074,29.933,115.571,5018
66852.4,38985.9,127251,49178.3,33456,105468,57.3754,20.3107,115.58,5019
75958.8,43806.4,128604,57937.6,39015.2,110463,152.887,-22.9803,115.622,5022
62963.3,35355.1,125408,49670.9,37381.1,102979,92.2663,0.562564,115.625,5023
65794.2,37273.3,124433,54289.5,39376.5,104129,143.081,3.26292,115.685,5024
22133.7,13282.9,120535,65317.2,45281.6,109914,99.9539,17.6099,115.719,5026
66057.4,35269.8,130431,62441.8,44321.8,109768,81.0651,-3.01815,115.726,5027
60319.8,33056.3,128779,58194.3,40106.1,115787,134.703,2.81286,115.742,5028
67992.2,35838.1,130916,56074.7,38622,111493,155.941,12.2647,115.79,5029
59573.8,33150.9,122231,45348.2,30835.3,104125,167.045,7.81996,115.794,5030
55389.4,29301.2,129011,58347,40540.9,109674,126.601,-8.7897,115.821,5031
68555.5,37428.6,127751,55360.7,38966.8,107674,83.9843,3.82551,115.823,5032
54981.9,27960.8,131729,73140.3,54061.5,114546,116.573,-7.9425,115.87,5033
83268.7,44554.6,131842,69362.2,50560.2,112186,192.218,4.50061,115.889,5035
71589.5,39406.3,128503,62419.6,44152.5,108392,159.626,-10.3253,115.898,5037
77111.8,40968,129618,65450.5,45678.3,112373,174.11,14.1777,115.921,5038
71692.6,39356.1,126622,53865.3,39161.7,104074,120.865,-4.71255,115.943,5039
78051.3,38133.5,139850,74862.3,43864.2,120781,157.15,13.5025,115.948,5040
40425.8,21870.7,132143,64040.1,41063,116843,203.475,-32.3524,116.039,5041
45906.7,24473.8,124787,58919.5,45178.3,104310,138.114,-2.2239,116.108,5042
36745,20307,123711,51691.5,33473.3,113249,94.2475,2.02525,116.129,5043
69739.5,39995.9,124081,50216.8,39477.4,98706.4,114.774,15.6968,116.19,5045
50513.9,28971.2,118448,45861.4,33153.1,103329,88.9433,1.6877,116.191,5046
49569.4,27608.8,124127,67252.8,49194,107443,153.348,-22.9274,116.228,5047
61507.1,33983.4,125150,49448.6,35010.6,104556,84.101,-29.4931,116.232,5048
53013,30507.8,122551,40765.9,29430.7,101304,97.3343,-18.1089,116.239,5049
73170.9,38727.2,132292,62511.1,40825,115966,203.189,9.56407,116.242,5050
70889.1,40439.4,124111,49581.5,37700.2,103670,132.332,-17.5794,116.337,5051
76922.6,39977.4,130634,69395.9,48095.4,112553,196.449,3.20666,116.34,5052
59223.6,35098.5,123339,43674.3,30144.9,102657,119.705,9.11397,116.398,5054
32531.9,19508.2,134145,50765.2,36248.6,111444,94.7718,-11.0666,116.406,5055
59015.6,33156.8,123399,53109.2,41523.4,101212,82.3497,-18.5854,116.457,5057
75959.8,41101.4,128505,58556.5,41760.2,106695,142.504,17.835,116.5,5058
68092.3,35415.7,138394,93342.8,60139.1,121196,226.03,-31.2934,116.511,5059
63821.3,32914.5,131573,57759.7,38847.4,109744,109.2,7.36987,116.525,5060
63714.5,35689.3,127009,46374.2,32241.7,105298,166.183,-5.77155,116.528,5061
68201.6,40906.9,124901,59873.9,46434.1,106814,92.5577,47.0411,116.531,5062
60021.7,31544.9,135817,84322.3,55927.6,117348,178.012,3.4317,116.546,5065
69828.5,36872.1,131644,63830.1,44390.1,109937,117.037,-1.3767,116.547,5066
79512.5,42559.3,132407,73166.4,49445,112067,140.598,-2.9652,116.609,5067
49585.9,29046.6,119882,47032.4,35019.8,100691,79.4296,8.4951,116.613,5068
43815.6,23631,121969,49122,34490.7,110239,66.5628,0.0562562,116.613,5069
70454.6,39092.1,130944,60849.1,45126,108915,113.962,-14.6142,116.643,5070
57122.1,30889.5,128311,65782.8,45277.1,109378,116.689,-22.239,116.657,5071
56014.3,32310.3,121182,49385.8,35981,105226,135.05,-34.8411,116.678,5072
74328.9,42655.5,127617,66848.7,50094,107779,273.777,5.40076,116.712,5074
72799.7,41753.7,124391,60905.1,44552.5,107003,82.4665,22.7303,116.712,5075
71976,40158.4,125656,63077.8,48953.3,105164,173.192,-21.3918,116.75,5076
58747.4,33767.8,121684,46407.8,32052.3,102494,114.31,3.60047,116.779,5077
47967.4,25490.8,123456,41424.8,30700.5,99627.7,97.8001,4.27558,116.798,5078
65357.5,32988.1,133638,70253.8,46856.5,111845,134.934,-22.5037,116.805,5080
50616.5,31416.3,114136,36535.1,27483.5,93475.1,74.2281,7.65118,116.857,5081
66780,33672.5,133425,69717.5,44341.6,114776,185.521,-10.2723,116.863,5082
72182.1,37567.5,132474,67348.3,44988.3,114381,177.496,26.6692,116.891,5084
47814.5,28116.8,127656,64691.7,41584.2,110787,170.263,5.11946,116.891,5085
54352.9,30078.8,125285,49260.7,33000.9,107879,158.244,-12.3373,116.895,5086
74685.1,39970.4,134420,67638.3,47818.1,111795,116.631,-16.4145,116.917,5087
51168.6,29096.3,124777,49230.2,35704.8,105792,165.608,15.0217,116.968,5088
68328.3,37314.5,127807,64891,47989.5,107665,134.356,-13.4493,116.979,5089
55378.4,27982.5,144391,99381.7,57714.1,127853,232.846,52.0501,117.021,5092
37781.2,19220.3,128633,64932.7,40536.8,121159,173.766,2.25028,117.045,5093
59879.1,33557.1,123054,49743,35962.9,103867,132.563,-13.6611,117.056,5094
48312.2,25684.6,127302,65690.5,46749.2,110942,162.963,-6.30105,117.068,5096
36171.3,19913.8,120048,44215.1,31935.5,101734,78.4364,-20.5976,117.149,5098
70170.5,38283.2,126525,59459.5,43251.8,104964,204.73,-5.295,117.158,5099
55447.2,33558.2,119457,40046.4,28889,100419,166.7,73.5219,117.185,5101
59889.9,31315,127949,49241,35418.5,104444,111.581,-34.1528,117.214,5103
71562.5,38025.8,130842,79238.8,56152.9,115360,189.128,-13.0786,117.217,5104
64208.3,36260.4,124994,76281.8,56355.1,110547,173.651,-2.27685,117.301,5105
67007.2,33559.6,133391,81980,56951.5,119530,256.461,-1.32375,117.317,5107
47039.7,25829.4,123616,55401.8,41511.6,104061,139.443,-31.77,117.331,5109
81119.9,42376.1,134467,69463.9,44077.8,113191,153.924,-25.5749,117.345,5110
60856.6,32162.3,133564,78175.8,48600.8,123666,191.989,10.9706,117.348,5111
62617.9,35597.1,122022,41599.2,32131,96840.1,38.7611,-8.6838,117.371,5112
36738.3,20445.8,123726,54434.5,36976.6,111058,94.364,-39.5536,117.428,5113
74446.5,42362.7,129667,61628.9,42711.1,109428,195.992,-33.3055,117.455,5114
33557.9,16924.9,124645,74862,50986.5,114318,148.679,7.20109,117.463,5115
71379,37163.7,130258,63827.2,42299.4,113843,137.073,7.48239,117.518,5117
63454.2,37039.1,124393,48927.4,35018.9,104140,110.768,1.23765,117.599,5118
61150,36195.6,123669,44583.9,33429.4,100363,99.6047,5.85084,117.617,5119
62769,38865.4,119832,44458.5,33991.1,97707.5,93.257,3.88176,117.652,5120
64733.5,37565.5,119590,58445,43969.5,104372,92.2663,-28.3812,117.655,5121
80530.9,43363.6,131135,73164.9,51384.6,110316,152.657,-29.4402,117.789,5122
57228.9,30112.3,135757,63592.5,37880.4,116517,66.7385,-14.0318,117.793,5123
58283.5,34023.6,121712,43304.2,32253.9,99272.6,141.58,15.4718,117.811,5124
28633.4,15459.2,192150,53843.4,33421.1,168695,217.156,-9.1074,117.833,5125
51699.5,27170.7,124642,50546.7,34191.9,108509,86.8436,15.2467,117.841,5127
66733.3,31655.4,141066,95586.8,56487.3,125031,147.756,31.7338,117.845,5128
71966.4,38627.8,127983,65675.9,44756.2,110914,205.13,-11.9667,117.854,5129
66631.7,34802.5,134203,61963.8,40440.9,111898,166.355,-4.92435,117.892,5130
74271,41710.5,128555,65550,46027.4,110909,177.438,-34.0998,117.911,5133
64362.4,33863.8,129077,64142.5,46668.4,106521,177.897,6.07588,117.914,5134
64017,36578.4,124247,44534.9,31987.5,102993,82.5248,1.40642,117.931,5136
77349.5,40678.8,131627,69624.2,48179.7,110348,109.664,-7.0953,117.931,5137
43018.5,23045.5,125136,59703.4,42276,110790,239.539,0.61882,117.932,5138
57124.2,32497.9,121660,56377,40701.8,105575,97.1014,5.6258,117.943,5139
57800.9,33683.3,125363,45821.5,35026.9,102654,50.8542,11.6458,118.023,5141
52929.4,29404.3,123563,57186.6,40290.7,105159,99.7793,17.4974,118.041,5142
59246.6,33601.1,127071,51071.2,35124.4,107031,40.8951,-39.6596,118.111,5145
32939.4,17593.6,120278,58163.3,40962.9,108207,135.223,17.835,118.186,5146
64235.6,34875.6,126778,54461,41425.3,102816,135.975,12.321,118.221,5147
64523.6,35582.6,124214,47882.6,35157.6,100707,61.6439,-15.9909,118.325,5149
64871.8,35598.7,130954,63538.5,43278.3,109611,206.841,-16.3086,118.352,5150
71034.8,40585.6,123217,54729.3,38444.6,105613,59.391,43.6644,118.359,5151
66815.7,37979.9,127844,61889.3,42893.2,108545,206.328,23.5181,118.384,5154
59905.2,35718.8,124421,52243.9,39574.3,103384,105.015,-7.14825,118.409,5156
46566.1,27840.2,120700,51860.1,37572.3,108413,109.316,-22.1331,118.412,5157
50709.7,29644,119958,42664.3,33484.3,98814.4,87.4853,-11.4372,118.412,5158
64717.7,34818.9,126807,62581.8,44890.5,104966,131.753,-4.18305,118.445,5159
64854.1,38668.9,121725,47932.5,34884.1,103772,161.755,6.86352,118.473,5160
26610,14603.4,167428,41604.6,32482.3,148447,160.028,-24.7277,118.567,5162
67895.3,38730.5,123565,45536.6,33437,99759.2,82.0578,19.523,118.585,5163
34654.7,20322.1,118235,51701.5,36241.4,104519,136.669,-17.1028,118.597,5165
66651.2,37510.7,125060,46348.1,35071.7,100368,126.022,-16.2556,118.614,5166
53076.4,31608.1,118403,31581.9,24388.9,93458.4,59.8653,0.675077,118.665,5170
42053.7,22618.4,128786,62200.6,40166.9,114954,218.409,-13.5552,118.667,5171
46959.7,23934.2,131361,65353,39239.2,116815,135.686,-32.4584,118.694,5172
64220.6,33204.7,128612,61733.6,41811.3,110790,132.968,22.6178,118.703,5173
64819.1,35311.3,126667,45788.4,32576.9,105538,97.3926,-13.0257,118.712,5174
79011,40875.3,132490,79920.8,59211.6,116913,159.05,13.1649,118.72,5175
60981.2,38750.9,117551,39652.4,31952.9,94052.6,77.2678,12.2084,118.798,5176
51552.6,31658.3,120650,40484.2,31659.1,96756.8,117.211,5.00695,118.808,5177
60250.9,33214.9,124433,44010.4,33697.6,99428.3,55.834,-21.4447,118.829,5179
68970.4,38088.5,128551,52903.4,36712.3,104390,133.662,3.1504,118.83,5180
62319.5,34229.4,127577,72750.6,50156.5,114834,109.083,0.168769,118.854,5181
33590.8,15653.3,152036,71887.3,40317.4,131023,147.756,5.9071,118.948,5184
74479.5,36558.6,137810,85948,60678,117739,140.136,-0.3177,118.951,5185
73493.6,41159.8,129734,67717.5,49596.6,107222,150.927,18.904,118.994,5187
71577.2,39412.2,128651,67126.1,47573.5,108448,118.081,12.0959,118.999,5188
68282.1,36912.6,131792,79753,56011.3,118471,168.195,-13.3434,119.004,5189
83578.3,45523.3,135655,74141.8,49452.4,114957,157.438,-3.0711,119.056,5190
35529.5,18778.1,123727,61565.2,43213.5,109269,219.319,-11.0666,119.075,5191
58593.2,31949.6,128227,62228.6,45572.1,108450,153.752,6.91979,119.137,5192
51078.5,29293.4,122072,43830.7,30069.1,103539,186.895,41.1318,119.144,5193
66135.1,34566,129949,53258.2,35778.4,110495,113.845,-6.4599,119.148,5194
72394.7,40760.4,134927,66402.7,42754.2,114968,135.802,-20.2269,119.213,5195
63388.5,32910.8,131329,73493.1,51144.2,109806,34.4932,-7.3071,119.241,5196
63850.9,35847.6,123697,50863.4,40526.7,99251.6,70.3675,-21.6566,119.242,5197
72531.5,39419.6,126775,57919.1,44370,102910,108.154,-51.2556,119.363,5199
34179.1,17176.7,136099,50827.1,36332.3,111039,134.24,28.1886,119.368,5200
52118.5,27307.2,126549,57617.3,39098,109239,196.277,2.0815,119.371,5201
63815.6,37352.5,121097,43119.6,31818,100180,109.664,1.51893,119.378,5202
83162.1,42256.3,135363,75853.7,53607.3,112253,184.088,-25.469,119.453,5206
34080.8,19390.3,121958,60419.6,40047.1,114140,176.979,-30.3933,119.459,5207
26725.2,15404.4,122523,55995.1,41748.1,105229,135.166,10.5768,119.463,5208
76839.3,39013.9,133758,83522.8,55390.7,115569,221.823,-15.9909,119.481,5209
58546.6,31385.5,138201,81605.9,50965.3,119879,252.278,-11.0136,119.487,5210
48913.7,23624,186897,52249.9,32706.9,164433,279.968,-4.6596,119.49,5211
57315.7,34855.7,117890,34405.6,26396.2,93720.3,103.852,-13.8729,119.502,5212
52045.7,31979.7,120489,45281.4,36451.7,97682.3,53.5219,-14.7731,119.508,5213
63153.9,34440.9,124483,46492.7,32589.9,102989,172.675,-10.4841,119.528,5214
34256.3,18196.3,122098,63019.1,40690.2,114498,195.134,-21.5506,119.552,5215
45356.6,23589.5,125308,44419.4,29711.1,105693,118.661,14.5153,119.568,5216
20893.2,11920.5,120194,34895.5,19602.8,106921,162.215,-4.4478,119.591,5217
43680.6,23607.6,124011,47303.3,31992.8,107047,82.7584,-19.9622,119.624,5218
70774.5,36062.2,134815,74454.1,46165.6,117749,166.585,-4.71255,119.672,5220
61611.1,32880.9,128421,59971.9,41349.8,110155,183.573,-9.4251,119.696,5221
35014.8,20081.3,117366,47319.8,33746.9,107345,95.6455,-49.3494,119.699,5222
70926,40310.7,128274,50812.8,35863.2,105085,178.586,-20.8093,119.79,5223
57305.5,30606.6,123569,55375.5,40053.5,104649,135.05,30.3269,119.807,5224
33832,17585.4,124370,49108.1,35201.3,109958,112.394,-16.8911,119.818,5226
67544.2,34180.7,135686,78142.6,52003,118825,195.077,-13.4493,119.832,5227
60204.1,35027.1,122414,41133.3,30419.7,100805,45.8746,4.05054,119.858,5228
58614.8,32628.9,124006,44616.3,32621.7,103739,146.198,-4.81845,119.86,5229
71742.7,39181.8,128926,53302.6,36362,104961,129.554,25.4313,119.863,5231
60610.6,33786.2,123700,42834.4,29458.5,105259,204.217,75.4079,119.864,5232
60374.9,32386.5,127623,50762.8,34423.6,107202,147.756,-6.72465,119.9,5234
72388.9,38797.6,134145,89438.7,59096.1,115059,167.333,5.56954,120.087,5238
60538.4,35228.6,120630,42559.2,31420.6,100178,144.409,11.1957,120.101,5240
46836.5,25283.9,131242,71732.7,48989.7,115359,253.974,15.0217,120.126,5241
71627.6,38201,127588,63402.2,47232.4,108280,203.532,42.7639,120.156,5243
54947.2,30011.2,124601,42619.3,30900.4,104797,95.762,-5.98335,120.161,5244
59892.1,36616.8,117594,40027.8,30275.7,96882.3,230.745,31.4524,120.188,5246
48279.3,26354.9,126934,59650.4,40469.1,110770,184.031,1.2939,120.207,5247
62472.8,38134.9,122274,52373.1,36291,103373,171.182,-34.3116,120.231,5248
52364,29646.5,119916,49969.5,38580.3,99381.4,91.6252,-13.767,120.25,5249
57995.8,32715.1,123294,51158.4,37316.8,104424,79.3712,-26.0514,120.259,5250
43108.2,25451.4,117542,34170.5,25644.3,97071.8,88.5934,-28.646,120.285,5251
38912.7,21954.7,121307,46846.5,32113.9,105318,132.505,-0.15885,120.291,5252
63642.6,36553.3,126646,60290.6,43010.5,107784,147.813,-30.2344,120.294,5253
59335,30099.7,132115,66731.4,46360.8,111586,116.341,-4.7655,120.308,5255
52529.5,29426.9,122291,47524.3,33190.4,104905,195.763,0.337538,120.351,5256
58159.9,31382.6,126691,48771.6,33366,104840,112.626,-12.2315,120.365,5257
37320.9,21912.5,126842,61258.4,45064.8,110867,99.4883,-33.3585,120.373,5258
70212,37686.9,127967,68105.4,52078.6,107527,100.419,8.55136,120.374,5259
55124.5,32762.7,122808,44556.6,31607.9,100248,47.0009,-3.177,120.398,5260
56150.4,29561.5,127699,62162.5,42412.6,109128,157.265,0.956361,120.409,5262
69916.5,40735.4,124610,48734.9,38154.8,100203,103.386,6.35718,120.444,5263
80662.8,44528.2,130673,66076,45979.7,109108,209.294,11.7583,120.485,5264
65911.7,36636.9,124394,49949.9,33815.5,107349,157.726,9.73286,120.519,5265
81049.1,44425.4,129211,72201.9,49724.4,110621,187.353,91.0239,120.539,5266
58955.2,34394.3,120154,42622.9,33011.9,96453.6,119.415,-5.4009,120.543,5267
77134.7,39707.4,134994,73164.8,47317,114417,146.025,12.8273,120.558,5268
59160.2,33018.2,126734,54228.8,36642.9,110119,145.563,1.40642,120.598,5269
64463.7,34204.5,129378,61864.1,43721,110248,68.7874,-32.6172,120.604,5270
65849.8,37488.9,123961,45499.5,35051.3,101888,94.7718,-17.7383,120.674,5271
44575.8,24854,121559,49165.8,35105.9,100999,13.5115,10.1267,120.676,5272
66579.6,36037.6,126564,54286.9,39914.4,103334,148.39,0.393794,120.688,5274
67627,39018.6,123959,46823.5,35831.9,101680,55.0633,-0.8472,120.697,5275
72339.3,39208.2,131489,61497.4,43811.4,109965,153.06,-22.292,120.712,5276
55794.5,29036.2,128208,56872,40704.2,107657,83.1087,-10.8018,120.75,5277
65452.3,34436.8,132332,63917.1,44178.6,110573,112.22,-50.7261,120.751,5278
60632.9,32369.9,126356,52022.5,35694.8,104928,82.2329,24.9811,120.802,5279
68761.2,38861.9,128456,75743.2,48281.8,116869,85.6767,-23.2451,120.824,5280
64158.6,38420.1,121274,45535.2,34124.7,101555,92.9074,-14.5612,120.846,5281
74388.2,41703.1,128831,59304.1,44225.3,105126,193.247,32.0714,120.941,5285
77490,39722.4,135950,81976.6,52859.6,117457,160.431,-8.1543,120.961,5286
61000,32793.8,134160,70450.4,51600.2,113221,186.895,-53.6384,120.97,5287
43667.1,22697.2,125311,54770.7,38507.2,108016,99.9539,8.15753,120.977,5288
59154.8,30061.1,132149,55023.1,37172,110423,128.57,18.3976,120.986,5289
59793.4,32381.6,126915,55050.9,36061.1,109990,148.275,-6.9894,121.038,5294
63203,36460.4,125209,57752.3,38697,107690,92.3829,5.00695,121.05,5295
64367.5,38098.3,121943,44204.1,35175.6,97271.1,80.7146,9.05771,121.095,5299
60236.3,32788.7,130861,63082.4,42837.2,110521,177.61,28.5262,121.122,5300
72042.7,37812.5,133714,57201,38240.8,107564,99.6047,-77.2541,121.179,5302
75979.5,41861.5,129482,58368.3,43731.6,102444,108.909,25.0374,121.187,5303
71084.3,40575.1,124960,53288.3,38824.5,120234,127.122,-30.6051,121.193,5304
77712.9,40487.4,132078,72014.6,50638.2,110972,253.07,-19.1679,121.242,5305
75888.3,39180.7,134018,64365.8,41613.9,112309,224.382,23.6869,121.266,5306
66888.4,39213.2,121014,48257.1,36648.8,101278,143.023,-9.0015,121.305,5307
82527.2,44923.6,135940,75835.4,50761,113470,153.982,-18.9032,121.348,5308
79341.2,43264.5,133688,66172.3,47029.8,111006,173.307,-12.9727,121.351,5309
55548.3,28959.1,132020,66382.9,42741,111325,158.359,42.2574,121.354,5310
43593.6,21938.5,128824,64543.4,42956.6,110285,154.27,-16.2556,121.359,5311
64125.1,36505,124221,46130.5,33821.5,102982,99.9539,9.45155,121.436,5313
33164.2,16637.6,130835,47396,34975.7,108201,136.264,-19.4856,121.449,5314
52894.9,27035,133870,83831.1,55588.6,116724,289.8,57.2281,121.47,5315
56617.3,32520.7,128944,73796,55373.9,111368,120.227,19.6918,121.535,5317
61509,36647.5,121462,43440.3,33001.6,97510.9,87.7186,-1.5885,121.557,5319
82180.8,44295.1,132268,69933.1,47860,112177,137.709,-20.174,121.573,5320
60029.3,32826.3,125524,46774.7,32841.7,103729,104.317,-36.006,121.583,5321
66719.6,35736.9,127450,55303.3,38656.6,108207,117.269,-3.65355,121.587,5322
60659.8,36154.9,121408,49890.3,37284.4,103131,135.628,-11.7549,121.598,5323
71328.2,39253.9,127125,51607.8,37838.1,104651,150.409,14.4027,121.628,5324
57610.3,33068,120712,42901,30873.3,100418,98.3241,-8.6838,121.759,5326
71491.3,39806.9,128246,52107.2,39382,103955,87.3103,6.1884,121.789,5327
60409.8,37177.3,120460,48293.9,34054,103003,121.039,32.7467,121.802,5328
78893,40656.1,139661,78723.5,50854.1,117061,127.586,-6.5658,121.813,5330
65140.3,37338.4,129480,52306.6,36609.2,104754,86.3185,21.6049,121.867,5331
60961.5,33455.8,138648,96695.9,59863.9,127674,260.527,-22.3979,121.886,5332
50745.3,26764.4,131423,49031.9,32478.3,107128,105.596,2.58782,121.888,5333
66446.1,34214.1,145204,87766.1,47794.9,127310,238.632,-4.1301,121.906,5334
65107.8,36235.5,126474,49309.8,34379.9,104964,80.5394,12.8836,121.93,5335
54883.4,33421.9,119397,38437.3,28881.4,97916.8,70.7771,-28.0106,121.971,5336
67205,33064,135808,66727.4,41292.6,112429,163.481,8.66388,122.038,5338
56478.8,31213.4,124681,42113,29068.7,102894,23.7648,-29.7579,122.046,5339
56074.4,32993.1,119588,47037.5,35040,100765,60.6953,21.8863,122.073,5340
58525.2,33470.8,135275,74794,49936,114147,125.617,20.6483,122.094,5341
61519.1,34345.9,124438,45356.5,33189.8,100928,102.514,-40.6656,122.095,5342
64341.6,36764.8,130722,68951.1,45853.2,115845,99.3719,7.59491,122.099,5343
25048.1,13997.5,123859,65406,43219.1,119808,127.644,-6.4599,122.144,5344
39125.1,23115.5,124021,47047.3,31545.7,110918,159.338,-7.14825,122.154,5345
78106.9,40027.7,138726,70189.4,47777.8,115117,110.884,54.7517,122.164,5346
77117,39099,135530,69700.5,46804.2,113735,181.51,-7.6248,122.18,5347
68385,38010,127579,49183.1,35303.7,105129,127.933,-1.32375,122.203,5348
70282.3,37920.5,127733,49990.8,34989.9,103743,132.447,-32.7761,122.244,5350
61505.1,32988.8,127350,58198.5,40641.7,108569,161.352,2.30654,122.323,5352
70704.4,40376.6,123834,52767.1,38150.7,103752,54.8854,6.63848,122.355,5354
55030.1,30209,128327,78183.3,52834.8,112482,78.1443,-43.2072,122.421,5355
33753.3,16196.2,175987,48893.7,31590.8,147760,167.103,4.55687,122.432,5356
43629.5,25893.2,114888,34542.5,25993.2,96211.6,36.2715,9.95791,122.435,5357
43809.9,23887.9,131353,55879.2,37513,114076,212.771,13.5588,122.463,5358
38969.8,20799.3,123542,46566.2,33135.8,103518,109.316,-3.54765,122.465,5359
56986.3,30132.2,127034,63910.8,44978.3,111263,164.516,-37.7533,122.467,5360
58958.1,32194.9,126574,64055.5,46315.8,106999,111.813,-25.2042,122.472,5361
84218.5,46801.5,128778,71085.6,51778.2,109772,107.514,8.60762,122.568,5362
61963.1,32933.5,126866,58463,42062.5,108606,252.278,30.552,122.619,5364
76270.7,40961.6,131862,67702.6,46841.4,110375,123.647,-70.9001,122.63,5365
75308.7,42378.9,128772,57062.9,40920.6,107722,76.2742,35.2228,122.643,5366
39192,17281.2,183540,76125.5,36140.6,148812,177.094,0.61882,122.668,5370
57850.5,29936.2,131592,55201.6,35998.9,109956,80.3058,18.7915,122.699,5372
56985.3,30394.7,129426,55731,36741.4,109670,184.146,-1.64145,122.702,5373
22886.8,10005.8,158781,71855.7,45726.8,143512,74.4619,-13.1316,122.714,5374
61452.4,33280.4,125632,52201.7,37361.9,107019,142.792,10.3517,122.716,5375
54965,30327.6,122187,47137.6,35226.2,103860,88.3601,-4.71255,122.739,5376
45658.3,24969.3,129598,62103.6,46728.3,106827,90.7508,13.7838,122.785,5377
55833.1,30962.3,121250,40334.7,28146.2,103915,83.2254,-1.53555,122.789,5378
57886.1,33319.8,124462,50423.5,34428.1,103788,57.9089,0.225025,122.796,5379
57170.1,34989.5,127526,65960.8,46734.9,110508,342.624,-5.55975,122.806,5380
48428.5,28975.4,121075,44023.8,34277.7,98149.4,49.7278,-1.5885,122.847,5381
75119.2,41590.3,129571,66444.9,46796.4,110739,138.46,22.0551,122.85,5382
51004.4,28859.5,120380,40255.9,29840.1,100163,144.467,-11.4372,122.871,5383
21314.7,11116,119568,34175.9,23843.3,100685,107.863,16.5408,122.906,5384
24633.8,12757.4,122151,52293.7,34645.2,110029,132.447,19.9731,122.933,5386
69686.7,33509.5,142353,90326.5,55724.8,124492,318.347,58.185,123.029,5389
77513.6,38513.6,137991,82753,52635.1,117370,144.178,-53.2147,123.067,5391
73216.8,39424.1,129315,68796.3,49999,107724,177.84,9.39528,123.07,5392
45791.5,24386.3,127172,64590.5,46144.1,107994,176.693,-27.2693,123.145,5396
59833.1,32495.2,135718,82120.8,53476.4,118638,215.163,-52.3146,123.191,5398
53441.2,31459,117870,41545.7,34005.4,96267.6,71.4792,5.28824,123.194,5399
69323.9,39396,125063,50927.8,39733.3,101691,158.244,20.0857,123.227,5400
76023.4,40705.5,127330,62451.7,41554.5,110373,186.208,22.1676,123.3,5404
67450.8,39239.6,127253,60522.9,45801.9,104579,167.563,32.5216,123.311,5405
75732.9,39780.9,131225,62501.2,45877.6,106454,58.5018,-14.6672,123.349,5407
58620,32708.3,125939,49143.4,34978.9,103918,97.7419,-74.5536,123.368,5408
60297.9,32355.5,126786,51921,35753.8,108220,168.022,-15.5143,123.489,5409
55866.3,31211.7,130945,57121.4,36973.2,110822,41.9621,7.65118,123.532,5410
66503.6,37070.2,124540,51673.9,37213.7,104468,74.2865,11.477,123.538,5411
70001.7,34817.7,138362,75003.9,43638.2,120613,131.753,19.8606,123.552,5412
62188.5,35807.6,122213,51724.5,39514.3,100923,190.787,-3.4947,123.618,5415
68504,36933.7,126107,51833.4,36158.1,107125,132.216,-16.7852,123.682,5417
74225.5,38905.9,130190,61767.5,41728.5,110672,184.776,-9.16035,123.688,5418
61675.2,35686.3,121542,51454.8,37915.8,102600,111.465,77.3486,123.696,5419
82492.8,45705.7,134826,68133,47027.5,111736,215.391,16.8784,123.802,5423
53845,29701.7,122214,56664.7,42128.6,102478,82.6416,29.9893,123.818,5424
39185.2,20303.2,132176,54366.8,35521.7,110372,243.789,-18.5325,123.827,5425
62910.8,35499.1,123550,52957.8,36219.2,104096,115.122,-0.68835,123.842,5426
71985.1,40094.4,127184,51632.8,36687.3,104995,76.3911,-0.68835,123.868,5427
39809.5,21835.6,124950,36373.5,26829.3,104139,82.5248,-4.3419,123.926,5431
72457,38732.7,128219,56689.2,39492.5,107695,118.603,0.225025,123.962,5433
52921.8,25920.6,138900,91952.5,58990.2,121861,241.069,3.09415,123.965,5434
57398.2,29677.1,130370,77348.8,48773,117706,109.722,-49.0847,123.969,5436
56862.5,32813.7,120569,48776,36190.2,102976,124.284,24.5872,123.978,5437
48809.5,26939.1,127411,62536.3,44941.7,110503,179.56,-12.6021,123.982,5438
69269.8,35068.3,133854,66412.9,47461,109525,183.974,59.3106,124.003,5439
72016.2,36617,134258,73504.7,49942,114335,104.84,-6.19515,124.033,5440
75311.4,38389.2,135821,74197,47959.6,116847,158.071,-5.13615,124.119,5442
60417.3,33436.2,126965,57097.4,38846.7,107699,139.096,9.67659,124.125,5443
69545.6,39011.8,125150,51579.1,38171.4,102323,246.96,37.9803,124.127,5444
69528.8,37542.6,129239,64671.5,47380.3,109842,155.192,34.6038,124.13,5445
55745.4,30321.7,126845,50960.8,36054.4,105012,187.983,-15.5143,124.132,5446
49005.8,23710.1,134987,90352.2,59717.5,123705,248.488,17.3848,124.135,5447
66622.6,36486.1,128545,55745.9,39081.8,107723,168.712,33.0281,124.162,5448
35317.9,19141,121078,45065.5,32234.1,104197,144.293,34.2098,124.166,5450
33644.9,20224.4,187302,38838.1,27821.1,161984,159.05,-27.6399,124.201,5452
69166.2,39626.4,124172,62934.5,46472.3,102542,227.11,-19.5385,124.265,5454
66327.2,35933.5,127740,56845.5,40572.6,111404,156.862,-0.6354,124.283,5455
69823.9,41355.7,122096,50210.2,38145.3,100251,133.026,55.1457,124.354,5457
79612.1,42777.9,128888,66231.7,45209,111216,108.212,-3.0711,124.362,5458
58565.9,31291.2,127345,53542.3,37337.3,107268,132.505,-21.6566,124.364,5459
77146.9,41461.8,135079,73197.9,46540.5,114135,227.508,3.4317,124.386,5461
68248.8,37419.4,127584,69145.9,49036.6,109409,134.934,-6.354,124.399,5462
78202.1,41877.6,131924,71063.4,48257.4,111610,149.717,-1.3767,124.399,5463
68374.6,36598.9,129271,55637.7,38742.2,107064,158.705,2.41905,124.458,5466
52847.9,27751.7,125018,44239.2,31731.6,104262,63.8967,-3.12405,124.502,5467
69231.8,36459.9,143585,72623.5,44961.3,120602,130.364,-10.7488,124.535,5468
48027.2,28359.6,119414,43411.4,32252.7,99738.5,81.7658,-25.2042,124.568,5470
58756.7,32995.2,124653,49824.2,37976.7,102110,89.818,-2.0121,124.576,5472
57548.6,33456.6,120946,47764.5,35696.4,100887,123.183,-12.9198,124.632,5473
66041.6,36809.9,124744,54637.3,38799.5,104833,120.749,-24.1982,124.648,5474
59401.1,33752.2,127283,53001.5,37610.7,107074,204.673,-15.885,124.653,5475
62007.1,30396.9,135413,71073.6,49114.7,113790,199.42,21.0422,124.672,5477
54181.7,33480.4,116877,46690.9,38180.1,96982.9,89.4681,-5.98335,124.707,5479
30596.1,19701.2,120837,58335.3,41501.6,108355,107.921,52.1627,124.71,5480
54308,31518.5,120413,51907.1,39012.3,101000,69.3727,2.81286,124.73,5481
72757.6,41780.7,127193,55689.7,40272,103919,68.5533,9.17024,124.769,5482
27709.7,14155.8,124669,54865.8,40347.2,106848,149.89,-5.295,124.844,5484
62531.7,34904.3,127325,49030.9,35477.2,103908,87.4269,-12.2844,124.846,5485
79451.3,40084.1,135166,70635.5,44500.1,117003,128.802,57.7347,124.849,5486
79182.5,41548.9,131080,61042.3,40495,110407,176.119,-35.5824,124.875,5488
74463.1,40486.8,134170,65840.5,48253.7,109649,153.982,22.0551,124.927,5489
67499.1,36190.1,131239,74627.7,50371.3,114840,176.865,0,124.929,5490
66195.6,36195.4,127561,50143.2,36575.5,103640,88.5934,-54.1679,124.931,5491
31434.5,21058,139062,73538,45834.8,122312,215.334,-9.47805,124.934,5492
61012.6,33121.4,129126,62997.4,40518.6,112483,103.503,-8.84265,124.959,5493
64108.3,35231,124292,45797.7,32508.2,104336,166.988,4.33183,125,5494
62205.9,34064.8,127472,56634.4,39326.1,107702,91.9749,-8.20725,125.04,5495
68639.4,36162.4,132261,54506.8,35834.6,110922,107.108,-0.37065,125.145,5498
64993.8,36144.1,123393,45093.8,33172.9,103053,47.1787,-1.2708,125.17,5499
62942.7,34134.7,127049,65117.7,46354.4,107842,55.1226,-21.7095,125.204,5500
33598.3,17784.6,117584,50571.4,36711.8,100468,119.473,18.6227,125.225,5501
81118.5,41911.6,131810,74719.5,53231.6,110954,203.874,20.2545,125.227,5502
70117.1,35266.3,133712,73350,50440.1,111834,68.1436,-22.4508,125.28,5503
41314.8,22256.8,124764,50731.1,36174.6,107554,80.0722,-2.48865,125.326,5504
68097.4,35069.8,134570,68065.8,47663.7,112034,178.127,-57.1331,125.334,5505
49483.3,26280.9,124131,48121.7,32857,104653,107.514,-26.0514,125.341,5506
75992.3,37624.4,138517,77873.2,45054.1,120979,209.294,2.30654,125.349,5507
68918.5,38445.6,128071,57772.1,40258.3,108742,104.957,15.4718,125.356,5508
64948.8,35107,132015,65122,41757.5,111239,213.34,-14.4024,125.381,5510
52917.9,28815.7,128950,64438.1,47096,111184,121.966,23.6869,125.39,5512
79771.6,42251.4,131751,73749.5,53088.8,110351,88.7101,-19.1679,125.399,5513
78977.4,42650,138175,72489.3,48297.4,114406,103.27,8.38257,125.406,5514
82208.3,46341.8,134710,75149.9,52118.6,118258,133.662,35.2791,125.457,5515
59236.2,31928,129207,61499.1,43041.7,110436,85.0348,16.147,125.462,5516
59489.9,34906.9,119211,35797.6,27673.5,94309.8,133.893,-1.1649,125.47,5517
69460.9,37435.1,128453,60419.3,43074.2,107952,90.3427,9.00145,125.513,5518
61744.1,33696.5,126621,62297.6,46203.1,106498,131.059,2.13776,125.522,5519
74136.3,40657.1,127480,58834.9,45079.4,102936,122.488,4.44435,125.556,5523
63263.3,34442.7,129027,61623.5,42731.5,111041,167.045,40.7379,125.562,5524
44688.6,23434.7,127340,69573.1,50318.6,109464,85.8517,-14.4024,125.606,5525
74320.1,40120.8,134643,59591.8,40618.4,110090,105.131,12.6585,125.651,5527
59543.1,32058.4,126566,57675.6,39691.9,108504,155.825,6.63848,125.662,5528
72291.2,38746.4,131621,58479.8,39072.1,110542,209.408,-32.0347,125.666,5529
61761,34620.6,124286,42262.8,31887.5,100220,123.647,1.85647,125.675,5530
63768.7,33880.3,129336,68294.5,48707.7,109454,110.594,-4.39485,125.711,5531
65792.6,37978,123528,48578.8,38309.7,99599.9,132.621,-2.7534,125.712,5532
52046.8,27939.1,134845,86513.4,58756.5,120660,233.3,53.0632,125.746,5533
60302.5,33807.1,127479,53241,35776.2,117264,117.385,2.36279,125.772,5534
65665.2,35722.7,126929,65236.3,45849,107820,162.56,-9.47805,125.805,5535
75518.4,41065,127516,62905.7,45089.6,106221,133.373,-1.32375,125.815,5537
63376.1,34565.9,126813,51472.7,35377.3,104569,128.686,50.6994,125.819,5538
68110,36203,129598,63338.6,42655.3,109511,171.641,-10.1135,125.851,5539
64333.5,36599.2,124517,42125.4,30267.7,102994,89.6431,25.6563,125.862,5540
27976.6,13277.3,132174,69306,46023.3,135107,261.713,-6.30105,125.922,5541
54354.5,27182.7,131700,90023.9,62365.3,114776,214.878,0,125.926,5542
67982.5,36631.2,130726,65639,47121.5,111125,169.803,-12.1785,125.927,5543
68538.8,35970.2,133921,72132.5,43740.9,117416,170.378,5.68206,125.936,5544
60000.6,35141.3,122590,38304,26723.8,104240,122.546,-3.65355,125.969,5545
60026.3,33507.6,124079,47000.2,32289.4,105552,80.6562,-2.17095,126.028,5546
62590.1,37794.6,121174,56724.1,45015.7,100712,137.882,-2.9652,126.07,5548
67034.1,37097.6,128190,63195.1,43622.8,108781,111.116,22.5052,126.094,5550
55465.7,29281.2,126991,58728.7,40459.2,110733,79.2544,11.477,126.11,5552
71166,36240.9,133230,68297.1,42890.6,111984,184.489,-26.7927,126.13,5553
73439.3,39188.1,128781,57262.1,40725.2,107985,132.852,-38.5476,126.182,5554
75190,40508.6,132599,55367.1,39643.5,107962,173.307,-1.53555,126.206,5555
61217.9,33062.9,127902,65110.1,44557.6,111598,208.495,7.70744,126.253,5558
48973.3,26797.5,134871,84678.8,52117.7,120572,233.243,-3.86535,126.282,5559
57492.5,32621.6,125366,51046.8,36311.2,105443,110.768,-0.47655,126.33,5560
42276.8,22888.9,124278,51120.7,37242.1,108905,152.023,-6.9894,126.431,5561
41286.9,23462.8,124963,57753.5,37274.1,111672,149.082,-8.7897,126.434,5562
57041.8,28924.3,131678,57790.9,41353.5,110335,118.197,55.7085,126.475,5563
60008.5,36113.9,121307,43834.3,32801.6,100297,95.063,-14.2965,126.475,5564
72781.6,41428,127581,54126.3,40321,104482,201.819,7.70744,126.498,5565
55191.4,31210.7,121854,61841.4,45337.4,105182,87.4269,-7.0953,126.516,5567
33253.7,16769.3,150637,54415.5,33041.8,126817,36.6864,1.63145,126.543,5568
36807.6,19550.4,120052,67232.4,47790,109973,165.838,12.1522,126.549,5569
20685.3,10252.3,141613,36590.4,23917.6,117578,110.129,-5.6127,126.554,5570
82007,43012.8,131279,75122.5,51758.2,111553,176.635,-0.68835,126.621,5571
60627.4,35564.7,121370,48157.1,37027.9,101386,150.409,-18.056,126.656,5572
42689.7,27823.7,113332,46894.9,36737.6,98433,18.1342,-13.1846,126.688,5573
55111.8,31272.4,121948,37080.9,26842.6,98099.8,45.6967,16.0344,126.688,5574
64300.6,31296.6,140524,99058.3,64604.3,122022,265.888,-28.4341,126.693,5575
79066.2,44474.7,133907,66495.4,44622.9,114076,132.852,15.3592,126.737,5576
60437.3,35823.1,127562,60787.6,46375.3,103974,108.386,4.21932,126.765,5577
68366,40544.1,121694,49670.7,39100.9,99465.4,85.9101,-12.708,126.766,5578
67506.9,36562,128465,64267,48800.7,104559,117.559,-14.826,126.816,5579
65193.3,33859.4,131812,56352.3,39087.5,109981,165.091,-0.7413,126.852,5581
37122.2,20583.2,137411,79891.2,42858.9,128562,233.47,14.5153,126.863,5582
65794.5,34219.3,132424,69242.6,47253,111228,128.396,-8.41905,126.934,5584
61939.7,35061.4,124221,54397,39512.8,105159,178.815,5.79458,126.953,5585
67247.7,36247.3,126754,59179.1,43372.4,107888,166.298,45.0151,126.962,5586
62274.6,34788.7,125391,56346.9,39639.4,107713,128.281,-3.54765,126.975,5588
71213.3,37891.4,129058,58209.6,41838.9,104963,107.514,18.8478,127.02,5589
68327.6,37638,126109,53598.9,38469.1,104408,95.9367,-19.1679,127.093,5591
69831,38550.4,131838,72992.2,51291.2,110808,109.316,-9.531,127.127,5593
63798.2,32290.4,132302,67086.5,43848.9,112811,214.765,-6.40695,127.152,5594
44685,25647.7,131143,69880.8,41402.1,121457,148.967,6.1884,127.172,5595
60691.4,36579.3,127705,62062.2,44894.5,109738,57.6125,6.86352,127.18,5596
58187.9,32483.4,121865,44958.6,33238.3,102231,143.601,13.3337,127.181,5597
52822.3,29580.3,125226,58454.5,44068.7,106780,186.551,-20.2799,127.192,5598
62035.1,36055.4,125134,51702.8,36407.6,107867,118.603,-13.0257,127.3,5599
73112.1,40266.8,127824,54108.9,37984.3,104697,95.5873,42.0886,127.331,5600
53266.2,29501,122062,44011.8,31930.7,103255,97.509,0.506307,127.392,5601
46692.1,25936.2,121936,44897.3,32551.6,103398,94.0144,-5.295,127.415,5604
44856.4,24008.5,126409,57613.8,41279.5,111202,175.315,6.07588,127.54,5607
61377.4,32233.8,128132,65872.2,42506.4,111895,119.183,6.24466,127.553,5608
74377.9,39051.3,131405,63172.4,41616.2,109557,179.56,0.112512,127.597,5609
71896.5,38063.7,129216,61962.8,43228.3,109951,101.525,13.615,127.615,5610
66951.9,39255.7,123631,45219.1,31495.1,104783,104.375,-18.6913,127.619,5611
51068.1,28252.4,130448,67799.8,47814.5,114367,217.156,37.5864,127.641,5612
73444.6,37544.6,133810,66678.6,42821.1,115312,152.023,1.06887,127.647,5613
61992.1,35427.4,122029,43400.7,31912.9,100470,132.737,-12.6551,127.677,5614
82090.4,44358.1,134571,75576,49768,115264,114.6,-15.7791,127.688,5616
54465.2,27564.7,134364,56338.8,36814.6,110883,179.847,15.4718,127.702,5619
59127.5,33045.5,121042,56116.1,37258.7,109579,169.631,-16.7322,127.734,5620
64765.6,36547.8,127057,58574.2,38886.2,110925,168.195,-8.94855,127.734,5621
79751.4,43794.8,131082,65254.5,45834,111524,141.002,-24.8335,127.835,5622
72567.1,39448.4,129067,67905.5,46588.3,111091,129.438,-44.1073,127.896,5623
67365.2,35609.4,129175,62129,43236.7,111403,181.567,-3.54765,127.928,5625
46130.2,26320,120729,43007.8,30744.2,103178,83.8092,8.43883,127.933,5626
71998.5,36775.1,134341,72947.2,48797.8,114905,138.229,18.2288,127.952,5627
36885.4,19061,125310,70730,48421.7,115235,236.25,3.82551,127.959,5628
65215.4,37446.3,124375,48296.2,36896.9,103453,91.2755,-15.885,127.992,5629
68461.1,38212,127556,57395.4,44433.2,102478,83.8092,-2.06505,128.007,5630
59895.7,32910.1,128170,52359.1,38764.9,105262,133.026,16.0344,128.017,5631
49971.5,26781.8,123923,51301.3,36669.2,105401,95.1795,-1.8003,128.036,5632
69123.3,37336.2,128305,61309,44728,109583,144.871,19.8043,128.153,5638
77228.6,38518.6,133720,75743.7,51079.6,114186,153.463,6.30092,128.169,5640
53975.7,29709.3,121610,43401.9,33005.8,98593.8,46.7045,-2.8593,128.226,5641
65741.8,35157,128283,64656.4,45531,110521,75.6897,-31.1346,128.232,5642
70510.5,37943.1,128288,51811.2,34010.1,109989,110.536,9.28276,128.253,5643
50699.7,27884.7,124774,58968.5,42298.4,106231,161.64,-9.58395,128.29,5644
57758.3,32407.7,123192,50546.3,36364,103138,93.7231,7.03231,128.293,5645
39010.5,20285.4,126943,65995,43440.2,113973,109.897,-59.1452,128.301,5646
65247.2,33751.4,132161,66578.3,46238.9,112292,141.349,-2.70045,128.387,5650
70276.8,37867.5,127145,58385.6,39818.7,107690,188.956,-8.8956,128.424,5652
73213.2,38742.7,128600,65781.5,50734.1,104835,101.932,-3.33585,128.426,5653
68219.3,38600.6,123550,54215.9,39516.2,104651,199.135,1.46267,128.432,5654
72917.5,38897.7,131185,79670.1,56457.7,112402,154.27,-34.6823,128.432,5655
65069.5,35755,125227,50070.8,35858.5,103162,90.3427,16.3158,128.442,5656
80830.6,41098.7,139153,78205.2,50796.6,117566,162.675,-23.6687,128.461,5657
74673.8,39457.7,136059,78683.9,54605.6,115762,214.366,12.2647,128.468,5658
70682.9,40831.6,127140,63662.9,44396.6,108309,248.601,-4.81845,128.469,5659
60991.3,35440.9,121828,53339.1,37746.8,104176,163.653,6.80726,128.493,5661
21734.2,13729.7,121265,27442.1,19780.9,138493,160.834,0.0562562,128.498,5662
38396.2,18455.8,148672,81883.1,51329.8,128819,187.353,-11.0666,128.504,5663
26241.7,15917,120375,61457.2,40436.1,114655,157.841,17.6662,128.511,5664
75454.6,40858.4,130831,61625.2,41856.8,109841,94.1892,15.6968,128.515,5665
63903.7,34695,126384,51566.9,36385.8,103505,112.22,-25.2042,128.563,5667
45638.6,24670.3,127995,66715.7,42546.6,114050,148.506,2.98163,128.605,5668
63204.6,32656.7,134499,74294.7,43148.2,116819,111.871,-42.1482,128.733,5673
62763.8,34253,128936,68801.8,48491.6,107799,173.594,-4.9773,128.751,5674
76704.7,42086.6,130501,60455.2,41268,110738,205.529,-39.0241,128.752,5675
55972,30502.6,128432,46943.3,35051,104320,118.313,22.7303,128.756,5676
70629.1,40318,125013,49759.7,36038.1,103866,191.76,15.2467,128.803,5677
73462.8,42052.3,127216,55956.8,41259.6,103789,148.852,5.79458,128.84,5678
71187,38475.8,129284,66445.5,48973.8,107770,94.3057,-0.37065,128.84,5679
58425.4,31148.5,126691,64717.8,45603.4,110314,126.37,-13.5552,128.843,5680
61980,33131.3,129597,62213.4,44315.1,107769,85.0931,-15.1437,128.854,5681
68767.4,36718.1,131638,64925,43998.3,110853,238.462,-33.2526,128.968,5682
61531,33774.9,124378,50367.7,36835.8,102322,109.141,17.4974,128.984,5684
60653.6,33551.4,128476,56046,39770.4,110457,83.634,0.112512,129.001,5685
68085.8,38578.5,127658,48195.8,33380.7,104021,67.2654,-17.7383,129.055,5687
66301.7,34921.7,127530,55491.4,38804.3,108539,48.3644,-28.593,129.063,5688
38951.1,23160.6,113468,42070.1,31392.2,96660,30.1069,-27.6399,129.077,5689
56310.9,30952,123877,47510.6,34291.5,103245,113.729,-13.82,129.088,5690
59351.4,33577.8,127104,47532.1,35437,103056,90.8091,-7.0953,129.099,5691
67465.8,37062.8,131835,68998.2,45725.6,114874,98.848,-45.1134,129.102,5692
69907.3,35103.7,135566,83014.2,50429.8,122002,182.484,-0.58245,129.142,5693
66567.1,36018,127577,58432,43605.5,104558,91.7418,-26.9515,129.147,5694
61563,32753.2,131765,66325.4,44643.6,111584,134.819,20.367,129.166,5695
55554,28956.2,126914,54555.9,37725.8,106422,197.021,3.82551,129.167,5696
68102.4,34301.1,135492,59150.5,38187.1,111759,68.4362,-4.28895,129.285,5700
63150.1,36141.5,125386,48123.1,36081.9,100979,80.7146,-15.3026,129.287,5701
62815.5,34230.1,128259,59869.8,42696,110198,116.747,-36.3237,129.291,5702
56383.5,33961.6,118116,37261.8,29009.1,95319.1,62.8889,0.956361,129.342,5703
64468.5,36759.4,126633,62107.3,44766.5,105118,268.087,35.054,129.41,5706
32572.8,23841.6,102815,60743.7,53302.6,93695,456.269,-21.3918,129.41,5707
74649.2,41742.9,131356,62118.2,45277.5,108366,143.832,38.8245,129.432,5708
74007.5,38341.8,138881,70667.9,46137,116497,129.091,10.8581,129.438,5710
72281.1,35694.6,138685,80176.3,55804.2,117027,140.771,13.3337,129.445,5711
46184.7,23015.9,130558,80210.3,54089.8,114924,292.887,-18.7443,129.448,5712
65330.9,36036.1,128339,58011.1,41215.9,107800,145.448,-40.5067,129.455,5713
61861.6,39433.8,127267,82231.9,60238.2,110219,263.857,-1.53555,129.535,5714
59591.3,32355,127100,56523.3,37895,108056,113.497,-22.0801,129.569,5717
30986.6,16995.1,133925,52352.7,36993.2,114978,107.514,-1.4826,129.573,5718
61135,33799,123370,54426.9,40263.9,104199,95.995,-7.2012,129.576,5719
59932.8,30577.2,131689,59201.7,42663.9,109756,193.933,-21.6036,129.613,5721
59485.9,33519.9,126889,50274.1,35754.5,107822,52.3363,-8.2602,129.628,5723
54058.6,30470.3,125183,41918.7,28929.6,103840,87.9519,9.17024,129.659,5724
82584.8,41942.5,133449,71550.2,49498.6,109696,92.6743,-8.0484,129.715,5726
53822.5,28490.5,127126,56429.7,39956.6,107355,125.269,-3.22995,129.838,5731
68207,37643.4,127403,47341.9,36203.1,100592,179.732,36.5171,129.841,5732
55040.2,30664.7,124091,43066.7,32130.1,100650,78.0859,-1.64145,129.864,5733
71549.7,39137.2,127240,59011.4,41161.5,107041,165.378,-19.062,129.899,5735
74275.6,42309.2,130751,62034.4,44297.9,106527,155.653,-2.3298,129.934,5737
66597.6,35413.9,134320,70278.6,46810.9,114058,120.053,-19.8563,129.952,5738
35246,20742.8,118235,48988.6,34904.3,101756,180.879,3.20666,129.953,5739
67481.3,37670.7,125608,46808.9,33857.4,103202,72.1226,18.1726,129.993,5740
33922.6,17488.7,147205,86001.1,48917.6,129239,121.676,-15.0378,130.013,5741
66430.8,36965.2,128197,59578.7,39729.9,109652,105.364,-1.8003,130.016,5742
22862.4,12766.4,156706,45841,32791.7,139693,195.763,3.09415,130.049,5743
63666,35591.5,127275,50625.5,37469.2,104921,148.102,-14.7201,130.125,5745
29015.5,18679.6,136391,68498.4,39061,123573,226.03,2.98163,130.195,5747
81943,45427.6,132145,70639.4,48762.7,109698,164.746,-15.6202,130.207,5748
62027.7,33587.9,128628,64756.4,44383.6,109655,240.786,-7.25415,130.22,5749
47571.4,28399.6,127608,48277.2,31720.8,110170,111.639,-10.643,130.246,5752
55603.9,30598.3,129026,58580.8,42272.3,107812,147.525,-0.6354,130.325,5756
49861.2,25966.9,127094,55250.3,38926.3,109479,142.85,29.933,130.35,5757
60684.9,34639.5,127773,56576.4,40819.5,106869,122.952,11.0832,130.368,5758
68438.7,40402,124695,49694.4,37074.6,103981,159.395,-9.47805,130.388,5759
31866.3,16431.5,128182,63759.9,41605,114770,263.462,7.31361,130.478,5762
60898.5,35936.5,121006,58230.2,43979.1,102959,138.287,-18.2148,130.511,5763
40419.9,23193.5,120387,45155.8,31793,104687,51.862,-2.38275,130.558,5764
51663.2,25684,131906,76240.6,49824.2,119784,200.963,-1.5885,130.658,5766
81242.8,43837.5,128959,74508.5,53127.5,111904,162.618,-0.58245,130.661,5767
68085.8,36956.2,127916,61055.1,42513.3,109588,133.604,23.9682,130.673,5768
67923,34659.3,134753,69852,48433.9,112468,208.609,64.6933,130.685,5769
75580.7,41671.5,131422,63497.3,42393.9,113433,147.698,38.5431,130.753,5770
58588.8,32751.3,124164,44309.2,31501.8,103335,84.5096,9.56407,130.774,5772
50793.5,27652.9,127314,62832.3,45932.4,108413,133.373,-1.6944,130.785,5773
66810.2,36966.4,125423,43150,32639.8,99821.1,80.5394,-1.2708,130.789,5774
61183.7,35287.4,121962,45266.5,34975.8,97633.5,79.9554,-28.3283,130.826,5775
63018.5,35191.4,125816,63237.3,46541.1,105036,141.753,41.0756,130.857,5776
68696.1,38454.4,125330,54545.5,38378,105066,122.546,-20.121,130.933,5779
38970.4,20555.8,147348,39528.3,27177.3,106896,157.323,25.6001,130.963,5780
62854.4,36154.6,124845,46801.1,34096.5,102881,115.355,28.076,130.986,5781
47603,24586.4,127506,60012.9,39928.9,106649,164.228,1.63145,131.001,5782
62401.7,35575.8,124504,53781.5,40948.8,102812,64.2525,-17.3676,131.01,5784
50369.2,29026.9,122255,49772.3,34145.2,104838,84.9764,2.58782,131.08,5786
58615.5,30273.8,131640,80319.6,63205,114080,198.163,-5.34795,131.118,5787
76198.3,42745,127304,63981.9,50406.3,103648,104.375,-45.8547,131.129,5788
37902.6,21264.1,145285,71493.7,48159.6,120417,122.43,46.4221,131.138,5789
63125.9,34674.1,138231,89686.4,58921.3,126259,274.059,-32.9349,131.142,5790
64342.2,33360.2,132349,65490.8,41948.7,116902,179.331,0.956361,131.148,5791
45094,27338.4,119985,41929.1,31976.7,98245.2,64.4303,25.1499,131.15,5792
67536.4,36410.9,127032,50045.1,33818.6,106497,147.986,-17.5794,131.208,5793
62783.1,35044.3,127927,73724.5,53133.4,110691,192.504,1.96899,131.282,5796
73718.1,38825.5,136175,78229.3,48326,129082,309.8,-2.38275,131.307,5798
67729.3,36673.2,129699,71898.5,49809.5,111721,78.0859,-29.4931,131.355,5800
61872.3,38197.4,121569,39293.3,29737.9,98017.4,123.125,47.4351,131.377,5801
76518.8,42565.8,131553,69877,48008.6,111983,170.033,-15.938,131.384,5802
73651.9,38550,130840,60893.2,42370.5,110333,147.986,-4.8714,131.401,5803
46178.2,28225,124660,64693.6,46885.7,110979,215.904,17.835,131.421,5804
48548.1,28426,124132,45693.5,32774.6,103275,92.4994,40.8505,131.461,5805
41060.4,24960.7,123244,42070.5,31090.2,102831,41.9621,-5.7186,131.47,5806
61411.1,32618.4,127342,55353.6,37687.1,106960,103.794,-12.761,131.509,5807
73712.4,40549.6,127898,57973.1,39932.9,108356,178.184,18.5102,131.603,5809
42228.5,25024.7,120678,44082.2,30978,108241,205.244,0.0562562,131.69,5810
29947,15286.1,124336,59506.7,41123,107286,133.951,-1.00605,131.693,5811
71338,39183.5,127598,51411.7,35630.5,104847,135.166,8.94519,131.694,5812
69530.1,39160.7,124479,48054,35451.6,100600,81.0651,38.4305,131.752,5814
24274.6,14874.3,144241,67055.3,40638.3,134306,189.013,25.3187,131.784,5816
58409,34258.3,117422,46234.8,36262.2,96589.3,65.8532,-8.0484,131.811,5817
49831.2,24845.8,132404,65612.6,48918,110333,186.551,0,131.831,5819
56373.1,32297.5,122303,43497.6,30527.6,102909,107.108,20.0857,131.965,5821
59578.5,31247,129637,66686,46770.4,110603,100.652,-0.5295,131.976,5822
56205.3,32979.9,120098,50546.8,38624,100449,70.0749,14.0089,131.986,5824
72651.5,39490.1,134588,73191.7,47224.2,116621,197.935,-2.3298,132.013,5825
78476,39585.5,137868,67579,44908.5,114927,106.584,-4.71255,132.035,5826
51379.6,31082.5,117145,44510.4,33609.6,98274.6,85.7934,15.7531,132.04,5827
77966.8,41517,131441,67587.2,47309.5,109734,127.817,-21.3918,132.061,5828
55405.1,27646.3,134152,68771.6,42896.4,117127,79.1375,-0.4236,132.103,5830
69390.1,38543.5,126594,51246.8,38584.4,100532,164.516,3.1504,132.105,5831
65222.5,35641,126673,45931.1,33553.5,103212,90.4593,-2.3298,132.133,5832
51940.2,30173.7,122018,46111.7,31637.8,104850,67.9094,6.86352,132.153,5833
59332.3,34894.9,121037,38998.5,29050,97534.6,79.2544,3.37544,132.222,5835
66870.2,36720.5,128440,57225.8,40246.4,107221,120.923,-5.9304,132.227,5836
38995.3,21567.5,119876,35252,24095.9,103285,128.686,-13.3963,132.265,5838
72647,40456.7,126797,56022.9,40747.6,104437,98.4987,60.38,132.305,5840
62142.5,31748.6,142207,58564.3,37020.6,114701,46.8231,-22.5567,132.313,5841
60079.1,36654.7,119064,44890.5,35304.2,98499.5,123.589,-23.2451,132.357,5842
66929.6,36967.6,129302,63376.5,45551.4,107950,130.827,-31.9289,132.377,5844
72817.2,39772.2,128546,58414.8,41589.8,107277,103.91,-7.3071,132.381,5845
32746.3,20009.1,122378,59010.3,40065.4,115017,39.176,2.92537,132.397,5847
76402.5,40924.9,127428,58158.5,39061.3,107990,130.769,-19.5385,132.431,5848
71077.4,36347.8,131551,66584.9,41936.7,111907,225.234,9.11397,132.459,5850
48353.1,32027,128449,66502,45067.5,117578,136.495,-0.15885,132.563,5851
62519.2,34608.1,125284,46891.2,35886.7,102965,162.042,-22.6626,132.566,5852
83390.4,43651.3,131804,72241,48706.4,110286,140.945,-26.475,132.573,5854
79287,40184.6,138198,71331.4,46876.3,115358,83.2838,1.6877,132.578,5855
62844,38332.7,121758,45020.1,35351,98260.9,127.991,13.2774,132.588,5856
43034.8,23482.4,125039,68348.9,47387.2,112307,188.956,5.0632,132.606,5857
35511.2,17977.4,133592,60156.8,34032.1,132434,237.725,-31.8229,132.624,5858
59195,32789.5,124541,52863.9,35087.3,107813,110.478,52.5567,132.662,5860
79156.2,39826.1,138001,70428.5,44900.6,117095,155.768,-15.7261,132.674,5861
49652.6,27243.7,130684,74721.8,50344.9,122034,167.333,0.0562562,132.687,5863
69691.8,36410.5,128463,54392.6,38094.3,108104,141.002,-15.6732,132.741,5866
70584,37271.8,128769,60286.6,41000.6,108144,178.987,-39.3948,132.743,5867
50793,30509.1,122022,50889.6,38092.5,104461,94.3057,11.5895,132.786,5869
20342,10285.9,117434,60548.3,41878.2,110640,190.215,11.9834,132.857,5870
79141.1,43775,128969,66642,48324.9,107221,114.02,-15.6732,132.907,5872
70568,38426.1,128751,58949.7,42584.4,107504,153.463,-23.2451,132.933,5873
67806.7,36701.2,126299,51342.7,35969.1,105375,114.948,-0.79425,132.945,5874
60847.6,35472,123506,43677.3,31591.3,102377,85.4433,-11.4902,132.953,5875
68575.3,37076.7,126476,55779.8,39229,107817,119.821,1.74396,132.973,5876
69044.2,38428.7,127727,57958.5,41087,107940,56.3082,1.80022,133.004,5878
46801.3,25936.9,126773,64018.5,42068.1,113967,172.158,-21.9743,133.074,5881
75643,42108.7,127569,62549.8,44740.1,108140,138.807,-9.90165,133.105,5882
69611.6,34615,143861,93644,52717.7,125236,232.051,-6.83055,133.169,5883
51787.9,27452.1,128852,69381,49485.5,110836,98.4987,-8.73675,133.173,5884
60195.2,34513,123938,45808.4,35225,100580,65.2603,-3.97125,133.195,5886
50888.3,28832.2,124504,55686.3,42357,103999,91.0423,-20.4387,133.241,5887
64405.5,34709.9,126820,49457.7,35548.2,103259,88.885,-29.5461,133.246,5888
72338.7,38955.5,128416,61195.2,39647,110665,194.219,-10.2723,133.263,5889
49365.2,26794.6,123568,38678,28757.9,101060,104.375,-13.1316,133.28,5890
83087.4,43552.6,134321,72312.6,46425.3,114766,139.674,-12.3373,133.287,5891
68190.6,36765.2,132349,64070.2,46483.4,108415,171.929,-1.74735,133.38,5892
81868.7,43601,133168,69472.7,47839.2,111739,143.081,-11.702,133.398,5893
79842.1,38822.6,142482,80442,47208,121090,257.421,39.2184,133.405,5894
65302.2,34861.5,135544,72546.5,49054.9,117322,161.87,-60.5748,133.465,5896
60910,30751.1,131180,65819.1,44939.3,112613,112.859,-8.7897,133.568,5901
68495,39029.4,128387,52157.2,37900.6,104647,164.113,0.900104,133.571,5902
62831.7,31395.3,142791,105239,55173.7,132025,213.34,34.9414,133.575,5903
47308.3,26667.7,120888,45504.2,32987.7,102296,101.99,-15.3555,133.584,5904
58965.2,32638.5,129334,67923.6,48753.3,110407,125.385,-8.73675,133.588,5905
55891.3,30194.1,125117,46727.8,35622.9,99196.2,95.0048,-36.6414,133.655,5907
38117.6,20081.1,128228,66274.6,45465.8,110963,126.717,14.1214,133.656,5908
59360.8,32195.2,130594,82703.1,55445,113070,123.647,0.900104,133.657,5909
54459.5,29924.4,124279,53779.2,37900.1,105276,81.4738,59.7046,133.66,5910
49899.7,27735.6,123856,52135.3,36687.5,107406,78.4949,-0.47655,133.664,5911
64200.1,35594.4,125648,40307.6,30171,99608.5,96.8685,57.791,133.712,5912
66449.8,36382.9,127458,47814.1,34516.1,103510,74.6373,3.99428,133.8,5916
52819.3,26038.6,136298,59335.9,38419.3,113855,171.871,10.7456,133.868,5918
64146.9,32316.5,132610,71672.1,47318.5,113899,145.044,-19.0091,133.87,5919
77112.2,38324,138963,82963.4,49102.8,121239,179.79,-1.11195,133.873,5920
64801.5,35812.7,126693,57168.2,42008.1,104430,55.9525,1.2939,133.921,5922
58677.6,34531.8,121765,42813,33005.4,97666.8,74.5204,-12.4432,133.937,5923
65469.9,35981.4,125329,60514.8,43443.7,105276,93.4901,1.51893,134.028,5924
74382.7,40435.6,127756,58918.5,42799.1,120621,175.66,-41.6716,134.033,5925
66868.3,36493,135618,87961.8,54315.5,122209,192.79,53.0069,134.037,5926
42754.4,23306.2,121737,61361.9,47589.4,104485,119.589,-16.3086,134.088,5927
73979.8,42473.4,127615,60908.7,43424.3,107606,112.626,21.5486,134.097,5928
82381.9,45654.4,128071,76514.9,56667.5,110057,190.272,-18.8502,134.099,5929
31912.4,15896,143884,61517.9,36339.4,127523,114.658,29.0889,134.132,5931
69689.1,37624.6,128172,60751,43605.9,107048,70.7186,-1.9062,134.143,5932
67792.2,36364.9,129300,54394.7,36267.8,107581,111.639,16.7659,134.183,5935
75444.1,39030.4,132162,65615.4,43606.5,111054,176.004,1.01262,134.187,5936
79272.3,41890.5,135321,77002.5,52246,114695,193.419,8.66388,134.237,5939
67679.7,37064.5,128044,53240.7,39113.3,107421,38.2869,-3.33585,134.268,5940
70138.3,39042.8,123412,59550.7,45926.1,102875,118.777,-1.1649,134.281,5941
65677.7,36895,129265,54880,39628.9,107811,83.1087,7.65118,134.297,5943
60548,34512.7,123206,45257.8,31842.2,104659,126.891,4.33183,134.384,5944
54880,31847.3,120975,47447.2,35148.1,101519,100.71,21.2673,134.407,5945
56457.8,30853.5,123980,42280.2,29969.6,101054,93.0822,17.3848,134.424,5946
56677,32202.5,121487,52011.9,38932.1,102793,92.208,-6.5658,134.444,5947
59191.2,34673.4,119491,40390.2,30073.8,97680.9,49.6093,12.2084,134.481,5948
71983.9,36254.1,133619,76748.7,51454.4,114459,137.998,3.20666,134.513,5949
68209.3,34057.8,138383,90346,60234.3,121111,309.8,14.7966,134.537,5950
45179.5,24465.5,124388,49898.1,37625.7,107333,135.223,-37.1709,134.674,5953
78581.2,44453.8,126978,62834.9,49104.9,102669,64.3117,2.30654,134.689,5954
60206.8,36539.9,120135,39965.5,30782.3,96995.4,67.4411,-0.2118,134.733,5955
70290.4,35544,179232,75830.8,50896.2,149511,509.679,-7.46595,134.737,5957
59640.9,31794.2,127884,63864.7,44975.6,108263,180.822,-0.7413,134.741,5958
60059.8,30038.8,133875,85640.9,57929.7,121827,226.939,32.9155,134.825,5961
58775.6,32646,121809,39867.1,28943.9,100318,69.8409,-5.24205,134.855,5962
73296.3,38246.6,134958,82407.1,60047.3,114569,169.401,14.5153,134.946,5963
38188.3,20525.2,121990,55386,41197.4,103930,132.505,72.2457,134.951,5964
71058,38588.2,129062,64152.3,43397.2,111768,175.143,-1.95915,134.96,5966
67951.4,35094.4,136438,70746,46839,117935,135.628,13.6713,134.973,5967
44979.2,23982.1,124828,58392.5,40000.4,109968,140.713,-12.3903,135.022,5968
70552.9,37066.5,131255,67435.1,44857.6,110923,221.652,10.6893,135.16,5973
74066.3,37967.4,136340,90441.2,58718.6,119923,172.618,-18.1618,135.173,5974
69797.9,36952.7,130381,67260.6,44537.4,112288,142.85,-2.2239,135.204,5975
69815.9,37619.9,134052,89596.7,58869.7,117591,126.022,16.8784,135.266,5977
47622.6,26101.6,125344,44859.4,31930.1,103594,60.9325,5.0632,135.266,5978
55509.4,29024,134565,77054.3,52280.9,120712,312.315,10.6331,135.268,5979
60565.2,36316.2,121292,37396.5,28020.1,96388.3,98.6734,-27.1633,135.27,5980
60426.1,33409.6,132003,72353.8,46545.8,186472,224.325,1.80022,135.327,5982
69351.2,38113.9,127973,50146.1,36479.6,103412,72.7076,17.1035,135.442,5985
83708.9,44125,134250,70711.1,50698.6,114850,99.7793,-15.9909,135.488,5986
73702.5,38801.4,130976,71793.4,47536.2,114334,183.63,-25.3101,135.652,5990
52787.1,31581.9,120952,52281.1,37271.9,104155,130.654,-10.0605,135.659,5991
66180.5,32641,136430,77277.6,52724.8,115035,163.365,15.4718,135.66,5992
45500.9,24760.9,122476,43547.9,31321.5,103720,58.8575,12.9961,135.663,5993
54116.1,27587.1,128453,65586.4,45560.9,110540,206.556,-8.1543,135.666,5994
50274.1,27169.6,127131,80218.7,58767.6,110712,145.967,-19.1679,135.676,5995
41859.3,22274.1,131224,63259.4,39833.4,117324,219.945,34.8289,135.696,5997
47539,23466.3,164747,68937.9,40747.4,138823,206.328,31.79,135.752,5998
70191.9,37953,127584,55342.5,38677,106667,113.091,9.11397,135.859,5999
55808.1,27501.4,138997,93211,61594.9,121418,145.332,-26.528,135.862,6000
57253.2,33217.3,127149,59088,43569.2,110198,136.9,-1.42965,135.865,6001
42851.4,23712.5,120707,48423.9,33898.7,103539,78.787,0.281281,135.966,6002
66148.2,34615.3,129033,58407.7,39622.6,111710,240.503,116.891,136.073,6005
71930.8,39096.1,129304,54528,36650.8,108480,71.6547,-53.3206,136.075,6006
67512.5,40744.3,126511,63117.9,46779,106903,144.351,63.9708,136.077,6007
57121.4,32718.6,123849,50424.8,36253,102981,131.927,-2.06505,136.144,6008
54475.9,27418.3,129391,66683.5,44628.4,110393,189.586,20.7046,136.242,6011
81265.4,43165.4,145127,71947.7,45192.3,118188,140.887,-45.6958,136.271,6012
52254,29662.8,121362,50687.8,37973.3,106941,93.3735,19.6355,136.274,6013
82656.9,42722.9,132567,69004.7,49291.8,110452,89.5265,8.38257,136.315,6015
34994.2,19045.9,119779,49007.8,36325.5,102414,98.557,1.96899,136.322,6016
77644.6,41226,129612,81120.6,59062.1,109403,169.918,15.4155,136.325,6017
76588.6,39136.8,134154,60074.9,40729.1,110972,124.053,9.78912,136.337,6018
58589.7,31743.8,128081,74253,51963.9,114343,162.848,5.00695,136.351,6020
80194.7,42085.3,131706,69320.5,47194.5,111685,150.236,12.321,136.466,6022
64418.5,34457.3,131123,60681.8,41203.8,111689,181.624,-34.4175,136.467,6023
65460.1,36734.2,123569,47705.2,35743.4,100139,101.06,-0.90015,136.471,6024
69324.4,36079.4,130949,58822.4,43491,109817,148.967,-21.9743,136.531,6026
53006.5,28938.1,122049,47077.5,35551.3,101187,145.852,7.65118,136.533,6027
51690.9,27269.1,125450,52617,38820.5,104573,105.364,-38.7594,136.535,6028
74818.3,40543.4,127815,60525.1,47014,104501,112.162,-15.7791,136.64,6029
68725.8,39772,129322,54371,41131.8,104372,82.4665,2.7566,136.713,6031
34046.2,17623.6,127053,60863.3,41951,114977,210.947,10.1267,136.73,6033
56348.5,30791.6,128467,58005.1,38684,110006,92.9074,-8.5779,136.762,6034
58388.4,31923.4,124724,44127.8,30592.1,103042,153.406,17.0472,136.774,6036
41636.1,23252.1,121903,53722.2,37968.5,107061,56.4861,4.21932,136.782,6037
55741.4,32662.7,119728,48563.6,37646.1,97721.4,62.1182,51.9939,136.798,6038
67562.5,35398.2,134339,70244.1,46741.9,116940,196.277,-20.4387,136.878,6039
55260.5,30288,128604,51541.5,34643.3,107632,181.28,8.60762,136.894,6040
65491.9,35739.2,126796,53773.3,37819.5,104659,146.14,-14.0318,136.906,6041
73099.5,38941.3,128403,61205.2,42086.5,109779,141.06,-0.8472,136.947,6042
65279,35141.9,126859,54157.6,39588.2,103518,60.9325,-15.5143,136.957,6043
51153.2,29444.1,119646,34577.3,25505.1,98122.1,79.3128,-21.8684,137.042,6044
65928.4,37494.4,125103,47699.9,35171.7,103800,155.192,-15.0378,137.046,6045
58023.9,33137,131038,67579.4,46571.8,113880,145.967,0.562564,137.067,6046
43325.7,21844.6,135615,53942.4,36488.4,111304,80.2474,7.20109,137.078,6047
66624.4,37558.9,127832,71325.1,50392.3,109876,169.286,-13.714,137.082,6048
61309.6,31638.1,132546,72453.6,50305.9,111891,163.711,11.4207,137.096,6049
46661.2,25423.3,127200,62624.6,44136.1,110184,102.398,-26.2102,137.103,6050
63392.3,34986.4,125096,54005.7,38219.5,107641,164.631,-24.2511,137.105,6051
37675.1,24481.2,113946,46285.1,35013,100196,158.417,-27.587,137.135,6053
70920.3,37502.2,133611,75294.2,54659.4,114362,206.67,-3.22995,137.157,6054
52130.9,26685.3,140896,67406,43181.5,120444,200.106,21.211,137.21,6055
71698.4,37007.6,132603,58175.4,38695.3,110356,80.5394,-33.4644,137.213,6056
51051.9,27802.5,130855,70186.4,46628.1,117098,138.576,-5.0832,137.228,6057
54659,30549.6,121918,49038.5,36580,102114,68.7289,0.168769,137.233,6058
48800.1,24884.5,139985,78451.3,40905.5,125755,169.746,-0.5295,137.248,6059
53529.7,29441.1,124519,47237.8,35582.9,103612,123.01,-7.7307,137.251,6060
52366.3,27675.6,132134,80619.6,54701.5,119449,237.214,-23.2451,137.251,6061
68498.5,36666.8,126478,53605.4,38899.2,102507,90.9257,-29.5461,137.287,6063
70323.9,36410.7,135734,74844.3,48780.2,115230,146.14,22.3364,137.314,6064
57079.7,36305.7,117111,37912.2,30004.1,92645,115.645,41.4132,137.317,6065
52312.5,30095.5,122610,46313.7,34338.2,101042,127.238,-2.38275,137.321,6066
60269.4,31808.4,131759,62896.9,41084.5,114925,170.78,1.57519,137.421,6070
42531.9,22375.9,124105,59728.5,41689.7,108319,135.223,-16.8381,137.478,6071
76055.9,40774.1,128877,63540.8,44313,110436,195.191,1.35016,137.482,6073
72521.1,40067,131833,57300.3,38172.7,111082,103.328,-5.5068,137.486,6074
66104.5,36898.8,127275,62520.7,46283.2,108381,119.937,-6.8835,137.491,6075
66273.5,36158.8,126378,53245.8,41226.3,103092,115.993,-3.177,137.539,6076
58426.5,33031.6,124826,61459.5,44316.2,106787,74.4035,10.9144,137.554,6077
56110.2,29385.3,127145,67727.9,45847.9,110449,186.723,-8.31315,137.581,6079
64751.2,37635.8,121691,47109.3,35041.1,97848.6,114.368,-38.3358,137.587,6080
76855.8,43843.6,127952,60447.8,45532.6,104056,130.075,10.1267,137.627,6081
65391.1,36435.3,127762,47690.5,34366.1,104132,165.033,29.314,137.682,6082
56636.4,31573,127062,44506.5,31085.9,104153,96.4609,-4.50075,137.79,6083
73057.8,35798.5,141392,91276.1,53013.4,125081,154.731,2.70034,137.799,6084
69029.7,37237.7,129058,64718.3,44311.1,110803,120.981,-13.1846,137.82,6085
60156.5,34978.3,120580,39113.8,28144.4,98171.1,81.7074,29.2015,137.855,6086
75585.6,38528.2,135767,85696.6,56081.9,120166,261.318,-2.38275,137.858,6087
59802.3,31802,126497,50217.9,33963.9,107026,43.8591,-1.42965,137.867,6088
68894.8,37011.7,128219,64049.2,44360.6,111098,111.639,-46.7019,137.889,6090
69825.5,38158.6,126497,50834.4,37208.1,104488,162.1,-25.9455,137.947,6092
66472,37763.6,121671,49666.7,38453.5,99116.6,68.3777,70.0811,137.953,6093
56953.2,33187.3,120907,45735,33234.8,103141,124.922,-20.2799,137.996,6095
52947.8,28663.3,129155,81149.2,50126.9,117853,237.782,-14.2965,138.002,6096
39248.5,20491.2,127453,63305.8,41173.7,111749,151.1,-36.1119,138.059,6098
77334.2,41903.9,129865,61151.8,42598.7,109602,121.329,-21.3918,138.071,6099
77458.7,39589.1,134382,75551.7,49295.6,115194,203.189,11.3082,138.08,6101
71424.4,41015.3,128320,58198.8,42468.5,106982,115.006,-0.58245,138.085,6102
63704.4,35140.2,127310,55126.9,36895.9,108632,114.774,0.506307,138.085,6103
65566.8,32577,142290,84991.6,51328.1,124918,214.024,36.9111,138.103,6104
60593.2,36258.9,119572,37336.8,27447.1,98006.1,119.763,-3.7065,138.121,6105
78305,42222.5,132046,68993.1,48177.8,109357,166.355,-5.66565,138.138,6106
71011.9,35283.4,136050,76435.9,50041.9,115444,169.171,-6.19515,138.197,6108
48241.1,27205.3,120220,45658.8,34453.1,99730,70.1335,-12.1785,138.22,6109
53043.6,28550.4,128807,56330.9,41824.2,104768,96.985,7.08857,138.245,6110
56328.8,31989.3,123932,41209.8,29993,102483,108.212,34.5475,138.352,6113
45348,27394.7,115425,32105.6,23640.3,95889.6,4.14805,-4.60665,138.355,6114
62455.8,34824.2,126350,44094.2,29031.1,108280,129.843,1.57519,138.425,6116
72676.4,38964,129232,55505.6,37978.1,110110,138.171,34.2661,138.453,6117
47632,26489.8,120722,47893,34511.1,103156,97.7419,1.23765,138.459,6118
74383.1,39286.5,138278,83244,53058.3,117682,212.714,-23.3509,138.461,6119
75494.9,39950.7,131236,64313.6,43709.3,109621,94.4805,11.8146,138.484,6120
70840.1,36330.2,135016,70878.8,44867.9,115148,161.985,19.4104,138.527,6121
78221.1,41745.5,132199,78680.2,55632.1,112591,176.061,-17.4735,138.576,6123
55570.6,31153.7,123836,49594.4,37161.1,101118,121.271,-5.0832,138.65,6124
70552.4,34330.5,138881,71651.7,41719.2,117107,205.13,-25.416,138.653,6125
55191.9,31065.7,128000,47448.1,34394.5,108549,146.14,14.7403,138.686,6127
72315.3,40330.3,127189,57501.5,42028.4,104405,87.1936,-8.472,138.78,6128
68401.6,36873.1,126274,61555.4,44012.4,107645,181.682,-5.13615,138.782,6129
77501.4,42830.5,128590,69824,54486.6,104960,-8.08723,-135.234,138.792,6130
68434.9,34197,137684,94401.7,63694.6,119906,250.751,6.07588,138.827,6133
25653,15850.5,141908,55926.3,36848.2,128488,120.749,-21.3388,138.897,6135
84406.9,42573.9,138446,73986.6,49048.1,114389,104.491,-5.77155,138.953,6137
48528.7,28638.7,116684,39634.3,30335.3,95824.7,132.332,-16.1497,138.961,6138
72991.3,36392.3,134900,76525,49658.6,117479,167.85,-6.4599,139.019,6139
30627.4,15913.7,131617,58099,37233.6,116624,80.3058,-36.0589,139.022,6140
44559.4,24579.1,123352,50501.3,35346.2,105093,60.2803,-2.0121,139.028,6141
73754.4,39845.5,128595,65836.9,48729,107857,186.952,17.835,139.032,6142
35116.8,18168.7,119997,48961.2,34842.8,106601,38.9982,-2.3298,139.04,6143
68031.3,36088.1,128803,52323.5,36202.4,106196,137.189,54.2451,139.105,6146
44907.2,24176.3,123707,54231,38508.6,108024,99.8375,19.4104,139.112,6147
68299.7,38048.4,125178,54153.6,39625.5,103993,148.563,3.93802,139.121,6149
65427.2,34949.8,128195,54630.2,37365.9,108880,127.586,18.2288,139.233,6151
66579.8,39324.9,123780,44304.5,32524.3,101119,101.292,0.506307,139.235,6152
73580.2,40726.7,128399,65618.5,44247.4,110162,138.287,-1.1649,139.237,6153
81505.4,43410.7,136385,73165.8,50343.2,113905,119.125,3.31918,139.253,6154
60623.9,36605.9,124034,53045.2,39336.1,103417,81.1235,-3.01815,139.341,6155
49987.1,26459.1,124577,59612.9,42250.5,107459,123.879,-26.6868,139.37,6156
49589.3,27365.9,127763,56528.9,39756.5,107528,59.6282,18.7915,139.374,6157
79663.7,40102.6,137302,75650.3,46726,116740,230.745,8.27005,139.391,6158
59580.8,31899.1,127565,50803.8,36420.9,105093,93.9562,-15.938,139.415,6160
60423.1,36098.1,123613,43827.1,32942.3,103366,78.4949,-54.3267,139.424,6162
59116.4,34547.4,128827,65780.5,49313.2,106331,225.575,53.2321,139.436,6164
65410.5,37017.7,147629,80919.8,56617.9,124343,313.824,65.5268,139.443,6165
57981.6,31684.8,124408,55118.5,42666.6,103230,96.3444,-16.6792,139.499,6168
53911.5,28365.8,125160,67305,47455.5,114571,99.3137,-0.2118,139.527,6169
61317.3,33741.3,126721,51539.8,35404.1,105040,124.806,-11.4372,139.607,6171
64053.4,34929.7,133314,62718.9,42090.9,111137,126.659,-1.42965,139.621,6172
78297.2,37624,140230,76536.8,46782.8,117874,145.044,-25.0454,139.63,6173
58415.8,32040.6,124562,61399.6,45381.5,106243,149.313,30.8897,139.678,6174
59212.4,35835.6,119875,42042.7,33449.2,96085.9,119.009,-24.7806,139.755,6178
80086.2,44317.6,128497,77872.9,58276.5,110711,158.474,19.2416,139.793,6180
58161.8,29638.2,140758,79986,48824.6,121621,145.39,26.1065,139.799,6181
59020.7,32239.7,123886,55060.1,40721.1,107583,128.917,26.6692,139.817,6182
77992.3,40856.2,130920,66737.5,47154.8,107616,86.3768,15.9219,139.834,6183
76275.2,39028.5,136214,83718,51733.3,118389,209.522,-28.4871,139.849,6186
75003.4,39668.1,130864,75735.3,52060.7,111436,213.283,-4.71255,139.878,6187
51744.7,27317.3,124810,61284.6,45069.1,107087,87.1936,14.1214,139.899,6188
62681.6,36951.4,121731,46878.8,36478.2,99888.2,55.004,32.9155,139.937,6189
55945.4,34251.9,117572,44584.4,34318,98164.3,60.9325,-2.48865,139.972,6190
64434.6,35009.6,124585,52847.6,37742.9,104374,123.647,-0.6354,139.992,6191
57240.6,29239.8,141762,83539.2,54952.4,120490,236.023,-3.65355,139.997,6192
48114.6,26033.2,124395,61368.1,42344.4,108103,110.361,19.9731,140.021,6195
59249.7,31260.5,127133,52202.8,37027.4,106962,109.955,1.35016,140.141,6198
35679.4,20882.3,116713,47556.4,35922,100475,83.9843,-0.3177,140.18,6200
50963.7,28542.9,124808,41662.9,30546.4,100478,96.8685,-1.64145,140.198,6201
67590.5,37299.3,128814,58704.7,41882.4,104430,107.049,27.7384,140.233,6202
67924,38090.4,128723,53191,37481.2,109438,124.11,-28.3283,140.251,6204
76953.6,41599.1,130846,60900.3,41706,106090,110.942,16.4846,140.306,6205
77700,39065.1,135778,78736.1,54907.6,111697,126.196,-3.4947,140.323,6206
79911.9,43143.2,131541,64577.4,45172.7,111088,138.345,-1.4826,140.358,6208
62572.8,36714.9,135201,74368.6,45210.9,118052,273.834,-16.3615,140.409,6210
37887.7,22250.9,130999,78028.6,49943.4,115397,178.184,23.6869,140.491,6211
51413.6,26252.7,149650,88408.4,52247,126342,133.431,62.5751,140.556,6212
40512,21236.1,127046,77272.3,52370.2,131970,225.405,-0.4236,140.574,6215
57634.1,33498.1,122634,43971.3,34239.3,97935.1,78.378,26.3879,140.577,6216
60069.8,35037.9,120625,49137.5,36661.7,102508,72.0641,-6.6717,140.582,6217
51932.5,28277.1,124437,57758.1,40709.9,107255,99.4883,-4.236,140.582,6218
54538,28633,129487,75991.3,49459.7,114172,215.676,27.1194,140.602,6220
68663.5,36110.9,130819,55677.5,39341.7,107287,212.771,4.21932,140.682,6222
56736.5,33656.5,121490,37165.9,27011.2,97451,90.401,46.2532,140.703,6223
38123.1,18972.8,141316,82154.7,49605.9,124789,138.171,-5.0832,140.725,6224
38624.7,21796.6,116357,42843.3,31154.6,99766.9,51.032,-21.2859,140.736,6225
46840.1,29050,116858,45008.5,34121.8,101231,54.4112,12.2647,140.738,6226
41466.1,22466.8,124674,62431.5,46351.3,110558,115.645,-9.4251,140.746,6227
69625.8,38341.5,126891,50642.1,36511.6,103008,161.122,7.48239,140.785,6228
82739.5,41635,136376,71393.4,44269.4,115240,125.559,-13.0257,140.786,6229
66929.1,37901.6,124631,47058.1,33394,104048,150.87,-10.537,140.837,6233
56514.8,32132.6,124831,45764.4,33915,100372,43.2663,-5.45385,140.916,6234
73319.4,38206.9,134669,80134.4,55309.1,114666,187.926,1.51893,140.95,6235
55820.7,32207.3,120660,40851.1,29690.1,101383,68.6118,-1.21785,140.957,6236
50059.9,26464.2,126669,60795.4,40330.2,112232,59.1539,1.6877,140.957,6237
50003.8,27940.6,120151,42262.9,32496.9,98018.7,126.196,-2.06505,140.971,6238
79189.6,40081.1,135802,75838.5,50739.4,112037,148.102,51.6562,140.985,6239
64751.8,38375.8,131281,70555.9,47953.9,114226,204.844,13.7838,140.99,6242
64713.3,36590.8,128319,59340.5,40169,110509,172.158,2.41905,141.02,6243
47072.5,25052.8,132566,83316.8,48695.5,121016,231.313,49.4049,141.023,6244
62339.1,36406.7,122539,44272.1,33847.7,100602,95.0048,-2.9652,141.077,6246
46953.2,26008.3,129415,63228.8,46109.6,109040,101.99,-0.4236,141.113,6247
57834.9,33951.7,120995,44656.5,34111.6,99327.3,92.7325,7.42613,141.141,6249
45407.8,25222.5,125445,57234.1,41759,106544,132.679,-19.115,141.157,6251
50898,27161.1,130626,65010.5,46077.3,112245,226.542,-19.9092,141.16,6252
56063.2,28720.8,131930,64647.1,43825.7,111686,208.781,7.93248,141.188,6254
75646.2,41011,130720,67751.1,46597.4,112373,232.051,-24.4099,141.251,6256
68245.3,37011.4,126352,54977.3,39535.2,104992,136.958,27.4008,141.275,6257
69784.2,39170.9,128266,52630.3,38598.1,104721,122.14,-6.19515,141.371,6260
50174.8,25359.1,141032,87689.9,49266.9,125418,200.506,-46.1724,141.394,6261
70092.6,40014.2,124937,53904.4,39030,105306,110.419,-4.1301,141.412,6262
67163.1,38207.9,123830,58890.1,44623.1,103750,119.763,7.81996,141.418,6263
60493.8,33218.2,126458,54085.1,39263.6,128266,65.9773,26.613,141.432,6264
57567.9,33327.5,120824,37278.5,27690.2,97408.7,72.1226,47.2663,141.441,6265
41083.2,21351.1,124475,53680.8,37089.9,111776,129.438,-1.21785,141.55,6266
47368.7,24001,133277,72772.3,54012.1,112007,84.9181,-25.416,141.561,6267
77667.7,40797.5,135438,68432,42842.9,119615,151.273,32.2402,141.561,6268
69690.8,33612.1,137256,83368.6,50282.4,121431,186.265,-44.2132,141.563,6269
77179.2,41367.5,131137,59026.3,41274.9,108177,60.8139,51.3748,141.594,6270
72972.8,37835.8,139040,89583.4,55285,121953,126.659,-2.27685,141.653,6273
73084.7,40452.9,129213,52435,36607.3,106769,88.3018,-15.5673,141.681,6275
39995.1,21268.1,121231,52168.3,36834.6,107143,82.1745,25.5438,141.733,6279
59421.2,35243.2,120822,41001.8,31225.7,98156.9,93.3153,16.3158,141.736,6280
71754.4,37693.2,131489,76009,56929.9,107377,195.42,-35.4765,141.746,6281
70994.6,37823.6,130839,64743.6,43962.1,111663,137.651,-39.9243,141.77,6282
60326.3,35252.6,121816,44265.3,33817.5,99885.9,115.238,-42.1482,141.81,6284
63606.6,34997,128373,55044.6,38814.3,109787,87.1352,-20.6505,141.845,6285
68147.1,38040.6,125317,49692.4,36596.1,103647,109.2,-52.897,141.861,6286
59984.7,30003.6,135347,80555.7,51270.3,119829,239.142,31.5649,141.864,6287
72927.9,36792,133902,77793.8,47093.8,115030,173.307,-42.0423,141.872,6288
64063.1,33160.8,129096,63780,43199.9,112827,179.56,2.0815,141.906,6289
69776.7,38446.4,130921,79568.1,57782.5,110952,132.91,30.1581,141.93,6291
62853.2,32748.5,140851,101525,56620.3,130546,402.139,-43.8955,141.976,6293
69288.8,38169.4,125065,67278.4,49095.8,106715,124.226,-3.86535,141.999,6294
63164.8,36360.2,125530,58489.5,43018.3,104274,77.2093,-25.3631,142.054,6296
65899.2,36938.1,124591,51174.5,38416,102749,112.046,-16.3086,142.091,6298
77139.9,41525.4,127236,61423.6,45764.5,105249,145.909,-10.59,142.093,6299
70179.8,40859.4,124540,57264.3,41495.8,105633,244.582,-32.5643,142.102,6300
56888.3,31191.4,123975,42787.8,30088.1,104559,134.529,-4.4478,142.108,6301
46437.1,25280.1,127613,55298.6,36767.4,110412,171.814,-6.5658,142.214,6305
69270.7,38841.3,129082,73811.8,51804.6,110716,218.864,-16.2556,142.252,6306
56003,32357.9,123864,44545,35170.8,100065,177.324,-19.2208,142.264,6307
71744.6,41195.4,127183,51450.6,37145.3,102796,125.733,-13.2905,142.27,6308
63903,35755.7,124877,53648.4,39285.5,103198,117.385,11.9271,142.282,6309
56786.7,29768.3,126630,57172,42319.9,104602,87.9519,-32.2466,142.287,6310
77100.5,40941.5,132351,77437.5,52046.9,114993,228.985,12.321,142.357,6312
40619.7,21676.8,123567,58193.2,39807.9,110707,148.736,-2.0121,142.378,6314
49980.1,25361.5,131849,74007.1,47767.1,116834,131.001,34.9977,142.437,6315
49045.7,25743.3,127471,50079.8,33535.7,107191,3.91101,-18.4266,142.451,6316
59582.2,36132.7,121038,44816,33775.8,99051.9,115.993,26.7818,142.544,6319
46341.3,22623.1,130405,70574.5,45213.5,127446,185.921,-37.4356,142.624,6322
68470.8,35288.6,133810,82900.3,53600.6,119287,349.285,-47.3373,142.675,6323
64883.4,38521,121910,49335.2,35084.8,103630,107.224,-11.0136,142.689,6324
57002.5,32824.5,121866,45326.5,34278.8,99508.6,82.5832,43.9458,142.713,6325
41149.3,21049.1,127426,55280,36258.9,112629,124.226,-6.51285,142.74,6326
41450.6,22799.3,127373,83487,53994.4,122383,260.188,6.751,142.841,6330
62361.1,36705.3,121917,42888.5,32606.7,99465.3,93.9562,27.2319,142.874,6331
26001.1,12659.5,139323,34729.2,20604.5,114920,104.375,-11.9137,142.889,6333
79955.6,45341.1,135801,80805.1,55049.5,114212,173.192,14.0651,142.893,6334
27470.4,12546.1,161230,68805.2,42462.9,135298,314.159,27.0631,142.928,6335
59861.4,35236.6,122268,47315.1,36250,101131,140.945,-7.25415,142.992,6336
63452.2,36868,121959,42874.4,33100.8,100195,27.7952,-10.1135,143.001,6338
62944.7,36871.3,124174,52088,37807.6,104702,96.752,-6.5658,143.001,6339
39005.7,20078,124103,50034.9,34297.7,107990,233.527,-2.3298,143.059,6343
53101.9,29714,121443,50700,37944.8,102937,55.3004,-11.702,143.126,6345
58517.5,32008,127793,64761.2,48515.1,107486,151.792,29.7079,143.187,6347
64554.5,36125.9,124075,58509.5,42942.8,104505,166.011,0.78759,143.303,6349
51967.7,28506.4,124496,56608.3,43021.2,103912,152.887,-2.06505,143.306,6350
54286.8,32381.8,119172,42481.5,33367.9,95970.9,66.1496,-0.90015,143.335,6351
59363.9,36775.7,118023,40495,31271.9,97383.3,79.8969,16.6534,143.356,6352
62818.1,34192.6,127821,51882.9,34367.6,106868,103.096,1.18139,143.359,6353
65398.6,36087.9,124125,43622.2,31989.1,102794,169.286,-33.6762,143.386,6355
60679,35547.8,120283,42132.1,32099.7,97578.1,97.509,-1.5885,143.389,6356
70432.7,40299.3,129272,63171.7,45932.9,104975,125.327,-9.47805,143.431,6358
58489.5,31514.6,125280,58561,43077.2,107539,218.921,-4.18305,143.52,6360
60657.4,34580.8,121607,59984,43017.1,104912,118.487,1.51893,143.53,6361
70884.7,39995.8,124553,51474.1,36163.4,107304,124.922,-34.947,143.537,6362
74956.6,37179.2,135350,68221.7,43228.3,117203,153.521,-8.41905,143.539,6363
63926.2,35453.5,134864,74072.8,50447.3,111776,221.652,-16.3086,143.587,6365
67281.3,37910,125696,53621.5,39149,103497,106.41,-0.2118,143.676,6367
60424.9,33482,131444,71565.3,53075,109437,95.063,14.7403,143.684,6369
65155.4,35700.5,127877,53584.2,37388.5,110676,114.426,29.9893,143.685,6370
69457.2,36658.8,130839,74291.7,54623.7,110860,173.708,-5.77155,143.685,6371
74370.3,40385.7,128661,58054.2,41863.1,115761,163.941,-4.3419,143.701,6372
30840.4,14474.7,138728,75285.6,43320,123960,125.211,-2.3298,143.765,6375
59748.4,31605.1,135056,60928.8,38682.8,115131,185.692,-13.1846,143.924,6378
73721.4,40983,128406,64807.3,46758.1,109257,158.359,-4.92435,143.926,6379
62999.8,32612,134841,81991.9,57711.8,116591,222.164,23.1242,143.943,6380
33719,17841.5,117555,52371.8,40545.7,103368,47.653,-2.8593,143.95,6381
71356.4,40321.5,131496,71306.2,48671.4,111827,141.349,0.168769,143.986,6382
39694.1,21261.3,126877,64228,44070.4,110728,197.306,5.9071,144.191,6387
35901.4,19328.6,124143,47867.9,33569.4,107635,130.827,1.40642,144.192,6388
39464.7,21764,163572,68310.1,46429.1,137541,471.653,18.5664,144.212,6389
74675.6,39130,131154,66099,49516,109885,132.505,-3.4947,144.252,6391
62493.9,34568.5,126617,56015.1,40591.1,107829,139.211,58.9167,144.29,6392
52001.8,28854.2,127491,53134.3,37844.5,106506,160.431,99.5872,144.312,6393
58682.6,33635.8,124469,38549.7,28033.7,100407,140.367,-4.18305,144.404,6394
55901.4,30826.3,124500,69421.6,47990.3,108063,110.826,17.7787,144.406,6395
66457.1,34017.4,134454,68618,44836.1,115342,44.4519,-46.0135,144.429,6396
68298.4,39227.8,121701,50145.9,38550.9,98093.1,80.189,-6.354,144.437,6397
42664.5,22195.8,124251,58778.5,41783.8,113807,172.675,10.5768,144.442,6398
72050.1,39485.4,128399,62484.6,43860,108383,147.525,14.6841,144.471,6399
50527.8,27938.4,127454,54866.1,37751.9,109549,191.531,-0.4236,144.501,6400
62609.9,30486.1,138795,91516.1,58062.5,121691,204.559,1.74396,144.51,6401
51059.2,28782.2,120430,40945,29477.9,100609,66.5043,42.1448,144.513,6402
61185.4,33178.3,128233,74712.6,48909.4,115574,84.5679,-3.33585,144.528,6403
74925.6,40930.8,132370,73900.9,52256.1,113713,138.691,-34.8411,144.543,6404
51343.4,26771.6,135798,75185.7,43537.1,120017,207.241,-9.37215,144.571,6405
57086.1,34933.6,118190,53600.8,39813.2,99453.5,122.72,2.98163,144.613,6406
48316.5,25479.3,125048,56245.7,39621.7,106915,75.2804,-0.9531,144.654,6408
56772.8,32779.4,119704,40978.8,30393.9,97571.4,70.7771,36.4609,144.676,6410
80641.1,44117.3,134387,67179.6,46147.5,111625,162.503,-69.4174,144.692,6411
51007.3,24400.7,136060,87790.1,56349.7,123828,232.221,2.64408,144.696,6412
63582.5,36613.7,122144,45884.6,34190.7,100906,100.245,-13.767,144.712,6413
72685.5,36593.7,136670,80740.7,53968.4,116924,220.969,-42.9954,144.713,6414
46530.9,26788.1,121196,48429.8,36338.5,102156,63.3632,-24.7277,144.81,6415
43191.5,23954.1,127686,63408.1,41028.8,115088,95.063,-49.8259,144.813,6416
50838.5,28936.4,121676,55492.9,37643.8,110537,87.0186,-13.5023,144.817,6417
68665.3,38467.2,127909,61227.2,44184.6,107318,147.063,-16.8911,144.888,6418
74730.7,41387.8,127281,66170.8,48320.8,107171,135.05,-1.4826,144.975,6420
79836.3,44041.2,131728,63941.1,45133.8,109759,147.756,-25.2042,144.993,6421
64201.8,38139.4,120437,42311.6,33970.3,96583.8,213.625,-11.9667,145.05,6422
41768.5,21964.9,123811,66533.5,47271,110795,183.057,-10.59,145.062,6424
64998.2,36697.7,128160,67493.5,45233.1,113868,175.373,-2.5416,145.095,6425
63246.3,38233.8,122128,77344.5,63751.8,104008,117.733,-36.2178,145.137,6427
65777.2,36262.4,125301,51518.6,39022.1,103833,76.0404,-8.20725,145.179,6428
70599.6,38871.2,127256,65175.1,47206.4,107426,114.658,14.7403,145.189,6429
77928.9,39723,134275,70727.7,46693,113327,138.865,47.21,145.198,6430
61339.4,35013.4,125171,48518.3,34599.7,105047,99.9539,11.8146,145.202,6432
62728.2,34909.8,127514,55313.3,36911.9,108400,51.9213,5.9071,145.202,6433
66742.9,39148.3,122184,46191.1,35092,101638,83.5757,15.8094,145.232,6435
65225.6,34213.9,136063,84438,51743.7,116784,121.792,-32.1407,145.276,6437
40926.8,23523.4,119316,45228.7,34427,99257.1,109.49,-1.9062,145.363,6439
72266.3,38013.4,132220,69407.4,43434.6,114861,162.733,-3.7065,145.376,6441
69067.8,37071,131983,62293.2,39079.3,113550,88.4768,3.54421,145.38,6442
61115.6,33422.4,126166,56629.7,41919,103652,94.2475,29.6517,145.382,6443
41932.6,23701.3,117659,40066.4,29862.4,100091,88.7684,22.7866,145.396,6444
63391.6,34327.8,127103,56703.2,38215.1,108059,104.898,44.1709,145.403,6445
55125.8,29516.8,123986,51155.3,35456.6,104747,99.3719,71.7463,145.403,6446
71147.9,36191.2,135309,60265,40710.1,111398,80.1306,-13.8729,145.455,6448
51867.2,25020.3,139586,71501.9,40794.5,121934,221.709,-16.4145,145.456,6451
35404.6,18221.1,124901,53026.7,33206.8,110946,204.331,51.8813,145.53,6453
78648.5,43220.4,128911,67237.8,50527,104189,121.387,-16.0968,145.554,6454
72911.3,39187,132698,68566.1,49672,110498,176.348,2.19402,145.627,6455
50620.1,29381.8,120586,46153.7,35458.8,100535,67.1483,-14.1906,145.638,6456
44061,22965.6,147828,91125.4,51041.2,129613,343.401,0.506307,145.656,6459
53465.6,28320.9,127605,68113.6,46994,109604,89.4098,-6.61875,145.695,6461
80104,43129.6,134156,70114.6,47629.7,113524,145.909,32.8592,145.703,6462
56016.2,32272,138771,71341.4,48837.7,116860,91.3921,6.41344,145.724,6463
75794.5,39075.8,134918,71289,42991.1,116770,161.64,-0.47655,145.739,6464
73843.6,38060.7,131191,62701.7,42127,110931,130.249,-10.7488,145.769,6466
51491,27548.1,123643,51167.8,38311.9,103639,77.6768,-18.1618,145.771,6467
65293,35205.3,128124,55524.6,42003.5,107177,55.8933,11.5333,145.805,6468
52694.6,30337.6,120618,41386.8,29087.5,101245,88.4185,-12.6551,145.81,6469
24449.1,12875.5,121573,43238.2,26970.7,110628,193.762,-4.81845,145.834,6470
66091,34638,128791,60903.5,41922.4,110702,145.217,-1.32375,145.838,6471
56641,31456.9,123883,45310.6,33012.3,102781,81.5906,4.05054,145.839,6472
49913.4,25858.6,139464,70046.5,46907.3,117225,154.616,-18.056,145.848,6473
63503,34370.3,128629,64529.1,46833.5,107674,148.794,-11.8078,145.9,6474
76612.9,40787.6,130701,66117.7,45312.6,110731,97.8001,8.15753,145.91,6475
64995.8,36711,124568,50869.4,36595.7,102605,183.172,2.30654,145.921,6478
58453.4,33095.6,124977,64161.5,45599.7,108067,123.705,-51.4674,145.934,6479
64575.1,33984.5,131625,69643.4,49753.5,110898,237.895,-7.36005,145.999,6481
58899,32862.5,128885,71704.7,51475.7,108430,257.93,9.84538,146.075,6483
57145.2,30160,129165,52839.6,36725.7,107440,126.485,58.7478,146.089,6484
75729.1,38156.4,138790,73636.7,47250.5,117709,217.612,-45.537,146.106,6486
31342.3,17163.6,122025,48840.1,34919.6,103627,107.863,-4.1301,146.112,6487
79773.2,40070.9,134899,69447.5,44708.6,114504,163.135,3.37544,146.141,6489
64598.9,34267.1,128515,52269.4,35843.8,106410,106.875,-40.1361,146.145,6490
31233.3,14233.7,148286,47752.5,27083.9,128753,117.501,2.19402,146.168,6491
62403.6,33830.8,126495,50159.8,35699.6,103956,101.641,0.900104,146.213,6493
54090.4,29063.4,126441,52837.3,35472.1,110964,172.675,9.73286,146.224,6495
20793.2,10708,113830,56947.9,38038.5,112317,201.705,84.772,146.252,6496
53993.3,27724.6,129953,66605.5,49017.9,110534,182.427,-3.177,146.283,6497
78620.6,39865.2,134783,64949.4,44209.2,112588,157.15,-14.7201,146.318,6499
59266.7,34379.8,125816,51098.4,37281.6,104212,117.675,-5.6127,146.318,6500
77139.9,41249.3,131834,59905.1,44206.6,107605,178.528,4.72565,146.371,6502
61879.4,35902.1,124329,47597.4,34828.3,103341,106.236,-18.9561,146.387,6503
53736.4,30320.3,126579,74508.3,51284.1,111889,302.47,156.131,146.441,6504
40883.3,21456.7,122366,41795.6,28055.3,104466,111.755,26.2191,146.451,6506
45276.8,26411.1,121492,50075.4,35612.6,100755,130.249,-6.4599,146.451,6507
69236.7,36517.9,131945,57903.9,41526.5,107618,163.941,-4.7655,146.557,6508
62340.8,35009.4,128136,57624.7,40190.9,106699,96.0532,15.8656,146.642,6509
58107.4,34522.6,120864,58936.5,48644.4,100245,97.9166,-23.9334,146.645,6510
63432.4,36398.2,124873,52484.8,41830.9,100352,115.471,-1.64145,146.653,6511
62589,33991,134664,96053.6,66085.1,118052,325.932,1.57519,146.682,6513
47110.5,25117.9,127572,71633.2,52028,110654,152.83,27.3445,146.726,6515
69234.5,36535.5,129775,71663.9,50098.3,110545,173.019,0.112512,146.805,6518
78938.8,40850.2,131139,69005.6,44565.6,114807,167.103,-9.9546,146.818,6520
77822.2,40033.7,134070,76117.6,49650.9,113832,125.211,-6.19515,146.833,6521
69061.9,37179.9,133945,71371.9,47380.7,114465,173.364,-0.9531,146.902,6523
47780.2,25831.8,125707,64300.4,47663,110040,179.503,-2.9652,146.949,6525
60730.2,35218.5,122482,34767.5,25848.2,96068.5,69.4312,-4.07715,146.967,6527
68399.8,37873.8,126315,52645.3,37696.8,105423,63.6596,-7.3071,146.967,6528
62735.9,34025.2,126266,54877.5,40472.4,105059,102.223,-5.03025,146.993,6530
67142.3,35964.1,133510,67660.7,42651.4,111057,160.662,-7.9425,147.037,6531
67994.7,36335.9,128761,56162.1,38052.9,104397,140.713,-34.0468,147.04,6532
75482.8,39427.9,130834,58907.2,42331,107951,201.419,-1.1649,147.047,6533
55690.2,29901.2,127022,61180.4,42451,109965,165.378,56.4402,147.051,6534
69650.8,33433.1,144909,92760.5,48686.3,128011,201.476,15.8094,147.082,6536
38091.7,22048.6,119804,52181.8,35412.1,110754,126.428,44.9025,147.104,6537
58474.4,28242.6,136905,92199.4,53480.8,125281,281.486,23.6869,147.151,6538
64284.3,35498,129280,56037,37475.2,111568,194.677,42.4262,147.199,6540
21950.1,10714,134959,34321,19318,112095,123.821,30.552,147.216,6541
57695.3,32065.1,127600,52789.3,36285.8,107485,115.471,38.937,147.229,6542
46249.5,24970.1,120158,47653.5,32914.9,104644,67.7338,-9.47805,147.245,6544
72470.6,37678.8,135871,78672.1,50253.6,121031,143.543,-13.5023,147.27,6545
66883.8,36990.6,124211,48696,34917.1,102191,110.245,0.393794,147.301,6546
72223.4,38811.4,127838,55677.9,39084.6,105046,118.255,-37.2768,147.354,6548
60245.8,35038.5,122200,48827.2,34771.6,111246,133.893,-0.15885,147.383,6550
56805.8,30794.9,123332,48364.9,36779.4,102992,111.929,-16.997,147.413,6552
79385.6,41709,131335,71593.8,49091.1,110978,150.87,-12.761,147.417,6553
72621.4,42724.3,128336,63233,46293,108095,129.265,-47.3373,147.428,6554
68637.4,36394.9,131961,64216.4,45157.4,108120,157.265,-30.4462,147.474,6556
74981.3,42904.8,127103,65658.8,46675.6,110033,98.2659,67.9155,147.48,6557
27030.2,12965.8,146063,50892.6,31337.8,125066,134.876,-37.118,147.585,6559
81107.1,44629.1,128825,69633.7,49527.3,107597,166.068,58.6915,147.6,6560
72786.4,38427.2,129081,60154.8,40994.8,109705,102.572,-1.1649,147.602,6561
52085.5,27487.6,124744,45449.8,32029.5,104403,136.264,-24.8865,147.622,6562
59779.4,32632.6,124545,49133.6,36152,101552,153.291,8.66388,147.629,6563
57059.6,33068.3,127283,53523.4,38196.8,106204,91.8001,-1.5885,147.636,6564
50231.4,27497.5,124571,48445.4,32452.5,107688,156.805,-4.50075,147.637,6565
54766.8,31677.1,121891,41598.9,30717.9,100155,87.3686,30.9459,147.703,6568
33075,22211.7,107145,49756.4,40066.8,97388.1,47.7123,-8.31315,147.712,6569
71041.3,38964.6,128661,71279.2,55812.4,107119,156.344,-24.3041,147.724,6570
44703,24058.3,122111,41950,29578.8,100712,79.6633,-0.6354,147.74,6571
50535.7,30976.8,121343,51673.6,38727.8,100779,134.587,21.0422,147.741,6572
43921.4,24735.9,120153,45760.7,35145.3,100647,150.063,-50.9909,147.741,6573
75649.1,38737.8,131750,64343.5,43632.8,109247,80.189,0.337538,147.762,6574
47975.3,26014.4,122247,58246.2,41478.3,106917,163.481,-39.13,147.779,6575
55354.1,30400.1,123791,48462.5,34708.9,105109,122.662,14.2339,147.799,6576
20265,15564,95933.3,26904.4,24036.2,85825.9,83.2838,40.6816,147.826,6577
80559.7,41922.9,136288,74896,42511.8,117801,130.712,6.80726,147.834,6578
60845.1,32287,127616,50296.2,34845.9,106791,169.401,-14.826,147.841,6579
71643.3,41494.1,127430,55530.1,40498.2,105874,117.095,-5.55975,147.874,6580
71490.5,37555,132037,59879.2,38995.6,111251,241.013,39.331,147.88,6581
63896.7,33445,128934,51412.1,34300.4,104708,97.3926,3.65673,147.886,6582
47378.9,25631.3,128719,63470.2,40247,115318,178.299,-0.90015,147.887,6583
64691.6,34534.9,129698,92671.9,67805.3,112446,147.64,69.97,147.913,6584
72698.2,36068.5,135924,58011.7,36782.4,111226,172.56,7.36987,147.948,6585
59687.2,35332.1,121217,46704.1,33641.7,101611,156.056,-17.3676,147.983,6586
55700.9,31726.8,126541,47877.7,34789.9,103793,137.073,6.86352,148.001,6587
20726.2,11289.3,113972,33596.8,24892,101553,108.909,-11.5961,148.054,6588
31949,17632.6,125187,57846,36957.2,122796,223.642,-7.36005,148.06,6589
21091,10793,114302,45208.1,30771,105302,125.443,-27.481,148.07,6590
64705.6,35261.4,132250,64368.6,43268.9,115185,168.769,-3.8124,148.151,6593
54745.6,29672.2,123198,56240.1,41423.3,107222,142.677,1.80022,148.219,6595
55889.4,31751.6,122760,43556.6,32162.9,101179,85.6183,-6.7776,148.221,6596
43653.6,24139.7,121480,49237.3,36398.2,102903,132.447,-2.80635,148.23,6598
66950.4,35901.9,130991,66555.3,48022.1,110437,155.48,-19.9622,148.241,6599
43246.4,20379.8,142412,93586.5,47898.3,131011,223.529,-5.8245,148.243,6600
59106.1,32682.4,138581,88539.2,56667.6,120130,316.17,60.4363,148.276,6601
34858.2,17932.9,120991,45976.4,33632.4,105545,191.588,-9.3192,148.338,6602
45504.9,27580.5,122524,42728.2,33594.6,98358.4,89.5848,-30.0226,148.384,6603
60777.6,34406.6,125512,47798.7,36291,100002,79.3712,-6.72465,148.435,6605
68678,36754.8,134670,83921.1,58015.3,117602,201.305,77.9029,148.475,6606
53578.7,31954.1,120338,42264.2,30259.5,102699,112.278,12.0396,148.518,6607
60469.7,32783.1,124906,47054,33001.8,105808,139.905,13.2212,148.556,6609
71637.9,40078.7,130972,66226.9,46837,108086,105.596,63.3037,148.576,6610
57722.2,31818.9,124120,61438.6,43272.3,106780,113.265,24.9248,148.577,6611
46588,25624,120982,43908.2,32116,102783,32.2407,-0.3177,148.584,6612
52572.4,36624.2,118689,47156.3,37252.1,96640.9,184.604,2.19402,148.612,6614
57990,31289.4,124051,58252.9,44133.9,104577,110.187,75.6297,148.652,6616
70038.6,36410.8,135733,84642.1,50218.4,120855,197.249,44.6774,148.67,6617
55622.1,30557.6,123993,50347.1,32702.6,106861,120.807,0.0562562,148.845,6620
69025.6,37685.9,132435,56904.7,38696.1,109804,141.811,-9.26625,148.868,6622
70147,35622.2,131265,63875.3,40964.6,111623,205.472,64.86,148.872,6623
38813,25411.3,110585,29379,23077.6,93211.6,84.6263,-0.58245,148.935,6625
78954.4,41344.8,136068,66564.3,45839.9,112182,72.4736,-2.8593,148.941,6626
63183.5,35546.4,124396,45404.7,32892.8,100820,107.108,-12.1256,148.952,6627
36004.4,17058,148028,69255.3,39953.9,127869,123.241,19.4104,148.996,6629
68396.5,39412.3,124902,47702.6,35945.3,101025,74.4035,-18.1618,149.001,6630
44520.8,24545.3,120255,44079.4,34139.1,98483.3,88.5934,-45.4311,149.01,6631
53593.7,27723.5,131848,73101.1,52275.9,114533,195.592,-6.40695,149.014,6632
52640,30869.5,120640,36509.3,27075.3,96943,25.3651,25.7689,149.153,6635
76268.4,39050.3,133907,59677.9,37161.9,113737,184.146,-15.3026,149.189,6636
50340.9,28058.2,123613,49755.7,35285,104398,94.597,-17.6853,149.215,6637
47592.1,26158.8,121278,52309.3,42018.1,99681.9,104.433,-21.6566,149.249,6638
56830.9,29066.3,129071,60092.3,42814.8,108560,151.734,-5.7186,149.284,6639
77832.1,42203.2,132922,73039.4,52779.6,109353,135.05,-6.1422,149.315,6640
61847.8,35192.2,121839,45292.6,34561,100758,53.3441,-1.8003,149.335,6641
67614.2,37062.3,129048,56112.3,39482.4,106552,79.2544,-6.93645,149.335,6642
53405.7,31951,117389,34614.8,26049.6,97333.6,69.9579,7.31361,149.378,6643
79988,39625.9,144052,78305.7,50139.2,117488,86.7269,4.78191,149.45,6646
77313.1,41030.2,133504,61116.4,40283.1,109978,100.187,-4.3419,149.494,6649
36585.9,22772.1,111754,36442.5,29140.3,93241.4,78.4364,-18.9032,149.528,6650
56292.1,29975.2,129024,54858.7,37162.3,109439,158.589,-0.26475,149.532,6651
63261.2,36744.5,121095,38557.5,29714.4,95474.5,80.2474,0.61882,149.545,6654
72802.4,41089.1,126911,63947.4,45294.8,110936,178.987,-6.6717,149.574,6656
49595,26637.8,132648,71549.5,50510.8,111968,199.02,73.7993,149.581,6657
55835.4,30071.4,131444,68423.3,42726.9,114545,162.042,1.57519,149.611,6658
47110.5,24886,123784,49316.1,34282.9,104623,73.9942,3.48795,149.624,6659
76766.2,41260,131655,70308.6,49424.9,109752,99.9539,-8.94855,149.679,6660
29462.7,13165.6,141793,67407.4,45495.2,123970,183.917,26.4441,149.738,6662
30928.5,22419,105254,65497.2,50780.8,104623,215.22,22.3927,149.818,6664
80183.4,41876.2,135411,66902.2,46544.7,111304,176.291,-12.8669,149.842,6665
49596.6,28640.7,119799,42334.4,31996.2,100324,80.6562,-3.22995,149.847,6666
46754.4,26353.9,120833,40594.7,27883,104013,35.6787,0.337538,149.854,6667
55131.1,31538.5,124794,51208.7,35118.2,106914,36.6864,26.5004,149.86,6669
62260.4,33282.5,126080,58712.8,41409.7,110033,125.501,-3.0711,149.937,6671
54955,32846.1,120246,42291.1,33104.1,96519.4,74.6958,-11.3313,149.965,6673
71011,38629.7,132388,70515.7,47883.4,111629,133.72,0.956361,149.989,6674
82442.4,42234.3,137407,68955.6,47138.4,112402,136.726,8.21379,149.995,6676
47701.5,28101,125200,50234.3,35695.6,105251,163.538,2.30654,150.065,6678
68519.1,35786.6,128738,72097.5,53452,107615,117.037,-12.708,150.109,6679
35770.7,17105.7,154940,75112.2,39778.4,133654,138.807,5.0632,150.166,6680
24143.4,11939.3,129391,41558.7,27357.6,111231,207.811,0.0562562,150.167,6681
61662.9,34965.7,122016,45981.5,33836.6,102999,62.9482,11.0269,150.251,6682
50863.1,27215.4,125502,45046.8,34219.8,100065,10.726,-4.4478,150.271,6683
62113.4,33625.9,125857,54483.8,37671.5,107110,149.428,67.249,150.284,6684
39261,21071.8,127782,68000.2,46604,127180,202.105,1.35016,150.292,6685
77462.5,40558.9,133881,66118.8,44058.2,115263,161.812,-25.2042,150.292,6686
58266.1,32558.8,122716,48242.7,34806.3,102609,85.56,15.2467,150.297,6687
61459.9,32233.5,134729,87071.9,53895.2,123842,195.077,-0.3177,150.299,6688
33040.6,16377.1,138435,49001,37503.9,110898,94.2475,8.66388,150.33,6689
59092.3,32024.6,124604,56224.3,40292.9,102344,62.5332,-21.8154,150.46,6691
43443.7,23961.9,124790,54876.1,35941.1,110216,162.618,-11.7549,150.469,6692
62815.1,34679.8,123353,47786.3,34149.5,102555,102.281,-31.0287,150.47,6693
47135.4,24744.6,127828,47862,31442.1,108853,70.7771,-39.13,150.484,6694
48655.2,27745.9,121696,60740.3,43999.9,108199,62.5332,-4.5537,150.525,6695
64901.9,34256.1,131724,58228,39773.3,108545,74.6958,-7.14825,150.541,6696
63274.6,37974.9,121114,48110,36147.1,103611,113.265,-14.1906,150.59,6697
76243.7,39167.7,133340,65847.5,43660.9,115482,119.531,-14.4024,150.605,6698
70139,35327.2,141280,76464,48366.3,118556,226.883,-31.9289,150.648,6700
78782.5,43296.2,128018,64566.8,47430.7,106866,186.093,77.0714,150.66,6701
66921.1,40505.4,122930,52046.5,39462.3,101389,148.506,-14.4553,150.663,6702
61040.5,34775.3,125040,60610.9,43873.8,106790,173.192,-17.1558,150.746,6705
83255.9,43664.5,131544,73116.8,53591.5,112324,167.16,7.14483,150.746,6706
68511.1,38928.5,125097,49882.9,38159.8,103721,113.091,-0.5295,150.761,6707
73204.5,37370.2,137595,79836.8,53759.6,117945,201.534,-1.9062,150.782,6710
31349,18470,125193,62125,42082.6,110679,132.1,45.1839,150.798,6711
52410.6,30194.5,119593,43973.5,33891.3,97565.1,110.942,-15.3026,150.844,6712
73987.3,40438.8,131067,64739.6,44768.8,108102,193.476,2.64408,150.931,6715
56934.8,32618.2,124697,44088.2,31761.2,102789,120.981,8.66388,150.938,6716
44293.1,24615,121987,53843.9,37226.2,108404,146.833,9.17024,150.942,6717
71560.7,39125.7,128609,65617.8,46335.6,111356,73.8772,-73.6005,150.943,6718
37853.6,28327.4,112777,63386.2,53150.4,109569,134.24,-13.714,150.967,6720
70055.6,35724.2,136544,69210.9,42632.3,115155,265.944,55.7085,150.976,6721
72949.9,38472.7,129918,67763,44758,110896,159.108,-18.056,150.994,6722
72113.4,38828,128273,58620.1,42294.9,107404,110.071,17.1035,151.013,6723
74527.9,38292.4,134108,86810.8,56871.2,115055,205.929,2.36279,151.116,6724
58145.8,30733.9,128197,61425.7,40650.6,110676,88.7101,-2.5416,151.119,6725
54623.5,33618.1,120807,44998.4,35151.3,98607.7,93.0239,-36.3237,151.14,6726
63172.7,34373.4,125240,51957.5,37800.3,104134,113.787,-2.118,151.171,6729
62017.1,35667.1,122027,53074.3,39758.3,103289,101.467,-0.6354,151.212,6731
67320.4,38762.7,123739,55466.3,42340.9,103230,192.103,17.9475,151.264,6732
69605,35411.8,134803,72244.2,45346.2,116742,192.103,27.5133,151.268,6733
54403.3,29800.7,133938,68631.9,42728,118762,147.467,-2.118,151.312,6734
66217.3,38281.7,121581,49320.4,38399,99849.1,150.985,-39.0771,151.331,6735
60447.8,31544.8,128510,48802.9,32616.5,106964,90.5176,-2.59455,151.345,6736
44695.5,24950.2,124080,42791.4,30607.3,102908,135.05,5.96336,151.353,6737
68936.9,38231,125427,54299.2,39966.7,103490,125.964,-30.711,151.443,6741
71980.4,39171.5,127364,58417.8,41410.9,106370,110.245,18.0038,151.449,6742
49478.1,29128.4,118104,42556.7,30568.2,99945.8,130.943,6.63848,151.487,6743
72948.4,39597.8,131106,62004.9,42657.4,107364,143.197,-1.32375,151.498,6744
66973.2,35188.5,134322,89560.9,57231.8,115291,99.139,-38.9712,151.516,6746
70190.5,37863.2,130489,68068.5,48167.1,108253,142.735,27.1194,151.525,6747
62009.1,33836.1,125101,60099,42569.1,106445,69.7824,2.81286,151.53,6748
39945.1,22534.9,120538,42696.1,29573.8,109893,94.83,11.5333,151.609,6749
62435.4,33855.5,127187,49770.5,34171.6,104847,125.269,-69.5234,151.609,6750
67413,35121.6,130482,60017.8,44196.2,107904,109.432,28.5262,151.612,6751
27608.1,16274.5,114703,48200.7,35690.4,104774,122.14,19.1854,151.628,6752
72333.8,40208.2,131540,60287,41487.7,109847,137.882,-8.10135,151.698,6753
54381.5,33018.3,120842,47180.3,35589.7,99780.4,94.9465,-3.3888,151.729,6754
75777.4,38844.1,139718,73183.9,47620.6,116896,202.162,5.23198,151.733,6755
66793.4,33026.7,143558,84954.4,51025.2,127348,200.62,12.6585,151.76,6756
63356.8,34862.5,129276,70896.4,49207.9,110999,176.004,2.58782,151.833,6757
56918.8,32391.7,124504,52842.1,38124,103754,99.5465,-28.646,151.867,6758
69135.8,39786.3,125639,49259.3,38236.7,101574,92.5577,18.7915,151.889,6759
77855.5,41061.8,131434,70544.2,48593.6,111329,140.829,-40.6656,151.952,6761
40292.1,27451,110143,62634,50463.4,109575,115.297,12.7148,151.973,6763
70697.9,38433.6,132163,52445.7,39465.3,104583,153.463,32.6342,152.041,6765
23728.2,12463.7,130643,71109.4,41898.6,121653,232.959,-27.0045,152.063,6766
74490.3,36938.4,135575,66546.4,41713,115387,199.42,87.5393,152.083,6768
68354,36831.4,127577,51300.6,34199.2,111285,155.825,-17.8442,152.086,6769
56424.9,30911.9,126394,44973,33040.5,104669,122.14,-1.8003,152.145,6771
69469.7,37699.9,131866,69994.9,50476.1,110358,177.897,-20.7564,152.163,6772
62849.4,33298.9,131264,78622.5,49448.8,113696,191.531,9.05771,152.169,6773
40028.5,21438.7,124277,48133.8,33614.5,107190,147.986,5.28824,152.198,6774
75714.5,40692.2,134492,65379.4,43491.1,111161,224.325,11.8708,152.22,6776
65052.8,38177.9,127296,53854.9,40932.2,103683,159.798,-21.2859,152.225,6777
52584.4,30016.1,121337,44853.9,33407.5,100090,100.303,-22.1861,152.236,6778
54025.6,30366.5,121995,44882.8,32332.7,100968,51.447,-24.9395,152.239,6779
66045.1,38373.7,122226,47199.2,36790,97890.3,111.581,-0.5295,152.241,6780
53611.9,30676.6,122589,48907.8,35543.8,104965,123.357,-20.2269,152.36,6784
64336.3,34731.3,127269,49010.9,35307.2,108007,144.063,-3.54765,152.374,6785
53014.1,29010.6,121856,51604.2,36505.2,104555,151.216,-30.3404,152.406,6787
48693.3,24872.9,127032,51417,36503.9,107442,-3.73686,-9.3192,152.486,6789
73684.5,39130.3,129266,57326.9,43611.7,104861,132.563,-7.14825,152.524,6791
68319.3,37251.7,128967,58652.1,42953.5,104740,160.201,-15.1967,152.592,6792
74191.6,39117.5,132474,71646.8,45453.3,116843,134.645,16.8222,152.603,6793
48391.8,27264.4,121843,50881,34878.4,107867,162.273,-1.32375,152.607,6794
65446.6,35362.8,129486,73260.2,52300.2,110781,131.984,14.1214,152.629,6795
41103.6,21830.7,130867,88868,57816.8,117015,144.928,9.11397,152.634,6796
65973.5,34859.7,128714,61858.7,43068,110850,106.236,36.0669,152.691,6798
55300.8,27304.4,137490,88568.1,57476.9,120834,384.933,52.6692,152.797,6799
58586.9,34424.1,119321,37477.1,28475.3,96182.8,103.037,-17.4735,152.802,6801
51972.4,28855.1,127717,61499.7,40890.4,110863,129.38,-1.53555,152.824,6802
67488.2,39190.1,123450,47487.2,35676.9,101485,131.29,22.8991,152.97,6806
61134.8,34319.6,126769,65188.1,44284.6,110397,116.109,-0.26475,152.985,6807
66619,38379.2,125894,45484.1,32147.4,103316,162.33,53.6823,152.989,6808
64649.9,37187,124628,49364.1,37852.7,101379,47.7716,-8.472,153.018,6809
72865.8,39284.5,128548,52476.5,36581,107547,175.086,40.6253,153.019,6810
64485.4,34106.8,128697,60370.3,42599.3,109499,88.0685,-7.67775,153.031,6813
62503.5,36247,119475,46073.8,35011.5,100087,123.821,8.27005,153.049,6814
70774.9,36742,135304,84211.6,54332.4,117550,156.689,43.4393,153.071,6815
51724.7,30540.7,124575,59212.5,42645.4,107413,120.111,2.47531,153.074,6816
70458,40518.2,125034,68457.1,48552.8,107932,144.236,-13.0257,153.138,6818
66679.4,36102.6,127961,70289.7,53393.3,112804,175.029,0.562564,153.216,6819
51347,28777,119883,45773,33948.2,100157,79.196,39.0496,153.223,6820
61125.2,34938.5,122717,46855,35714.4,100303,87.6602,6.80726,153.359,6826
63209.2,35107,127119,63845.2,46689.1,107523,186.208,1.51893,153.436,6828
61380.6,31763.2,131065,69456.2,46502.7,111242,123.937,19.1854,153.499,6830
60606.7,33777,127393,54376.5,39118.9,104327,140.309,-0.58245,153.592,6834
70927.4,41032.3,128083,62824.3,45729.4,108396,171.354,-0.5295,153.603,6835
64940.6,33398.4,134170,59188.6,40401.5,112118,135.975,-23.7745,153.62,6837
56764.6,31299.7,128792,59353.2,40328.2,111597,69.1386,7.08857,153.646,6838
62960.9,33723.4,127143,58294.5,39808.2,109977,98.4405,25.0374,153.707,6840
45863.9,25178,127688,47219.7,31479.9,119729,134.183,-29.8109,153.908,6846
62780.1,34488.3,130337,77517.8,51128,120120,276.93,-0.05295,153.914,6847
63715.3,38033.2,125389,47187.5,33987.5,104556,76.0404,-3.75945,153.952,6848
51226.7,30503.3,123332,49213,36701.1,103082,128.223,-25.0983,153.971,6850
63993.4,34802.3,125649,51625.8,35581,104419,122.488,-14.2965,154.062,6852
78030.1,39778.7,135479,64180.3,41200.3,114147,140.02,-15.8321,154.076,6853
74003.5,39957.4,131543,55725.9,38403.9,107649,152.599,-37.4356,154.153,6855
49885.5,26548.4,124816,49119.3,36287.1,103663,83.2254,-6.08925,154.157,6856
59572.1,35796.6,121010,43786.7,34129.3,97770.7,110.536,-18.8502,154.257,6859
54205.9,30044.4,121462,49712.2,36019.9,101161,141.811,66.7491,154.288,6860
63216.3,34116.6,128372,67113.5,49417.7,106805,49.965,-11.5961,154.359,6864
68113.9,37207.1,126761,59495.4,44503.5,105261,162.042,0.393794,154.383,6866
49673.3,28978.2,122221,49455.8,35271.5,104760,40.4802,9.90164,154.493,6868
72975.7,39008.2,132573,77343.7,50549,111808,124.806,8.60762,154.545,6870
43663.5,24060.9,122771,57456.7,41556.3,107241,158.992,0.675077,154.552,6871
75765.5,39984.5,131722,61535,42043.2,111319,153.118,0.168769,154.681,6874
76539.4,42503.5,130762,71253,54124,109899,186.151,-0.8472,154.685,6875
83908,43315.6,134525,71071.6,46353.2,114322,168.884,19.0166,154.718,6877
71266.1,36563.3,138410,74868.2,44747.4,118097,168.597,-6.9894,154.739,6878
71739.5,37602.7,131595,77756,53632.8,113324,147.756,-20.8623,154.771,6879
56812.3,31479.7,123384,42009.2,30749.3,100615,100.012,20.0857,154.785,6880
59001.9,32231.2,127002,57118,38226.4,108720,121.445,-15.5143,154.799,6881
49202.6,27618.1,124816,42851.5,29732.2,103803,84.2761,-16.1497,154.801,6882
56370,30375.4,152788,101008,48719.3,141561,257.534,20.367,154.805,6883
70859.9,40209.6,128360,70366.4,49057.8,109368,118.197,39.2184,154.847,6884
54777.4,27367.4,146088,74093.6,43295,135983,326.267,-1.74735,154.883,6885
51411.2,26095.2,132820,66057.8,41785.8,113679,212.714,-21.8154,154.888,6886
55785.5,29889,127419,53575.1,38278.6,104795,126.543,-4.07715,154.904,6887
68226.8,39372.8,124328,57890.9,46795.7,99973.9,119.357,20.4233,154.912,6888
82548.4,45576.4,129496,67345,49174.6,108054,145.159,-32.0877,154.912,6889
69929.7,34680.7,138733,91793.2,56459,126889,218.466,-12.6551,154.914,6890
64275.8,36140.9,127559,57495.9,42144.8,107650,105.538,29.4266,154.959,6891
64811.9,34639,128732,60272.2,41120.6,109804,171.929,-2.9652,154.963,6892
67983.7,38245,127868,61593.1,46531.6,104942,146.256,86.4879,154.982,6894
47928.3,26225.1,128148,71783.4,49555.3,110658,142.504,0.731334,155.04,6896
58161.7,32700.4,123757,44171.2,30978,102954,61.5253,-3.44175,155.057,6897
63745,34032.3,127294,67381.2,48509.1,110047,181.51,10.5768,155.142,6899
43123,23311.7,131679,79883.3,47259.8,147845,210.719,-14.6672,155.184,6900
50674.7,27031.3,126639,57247.2,39560,107914,163.25,-15.4084,155.185,6901
47798.3,25816.8,121593,65266.5,43878.5,115487,224.609,-4.71255,155.265,6903
50248.1,26689.7,130858,69354.8,44470.9,114194,155.941,-2.70045,155.382,6905
75341.1,40106.4,129182,68079.5,51804.9,106556,125.153,14.9091,155.457,6906
74961.6,39932.7,129455,56500,38940.2,107931,134.529,-3.0711,155.508,6908
64861.3,37199.7,128508,54066.1,39025.3,106601,70.3675,17.4974,155.514,6909
72516.4,38398.8,130702,66838.5,49112.6,106826,108.212,-9.05445,155.515,6910
50484.1,25929.8,128460,68425.2,47652.6,110929,274.228,-0.58245,155.524,6912
69102.4,37052.8,130904,65999.8,48216.7,109738,163.538,-22.9274,155.575,6915
37075.4,20273.1,121514,51137.3,35416.4,103437,222.619,-3.9183,155.679,6917
59516.1,30430.8,131966,79041,53731.4,114354,83.8092,-1.00605,155.728,6920
62387.2,35339.2,124400,51951.2,35259.6,105527,100.012,-16.8911,155.893,6922
68448.1,38456.9,126168,51696.9,37148.2,102663,111.581,-2.0121,155.984,6925
44135.1,23850.6,121720,44017.1,31556.4,103340,150.927,29.3703,156.054,6927
64207.3,35910.4,124182,51532.8,40266.4,100410,120.401,1.35016,156.066,6928
60181.9,32220.1,124793,52455.8,36135.4,106522,89.5848,-8.84265,156.066,6929
68959.9,33760.7,137891,68863.1,44886.2,115058,251.203,44.2834,156.259,6933
72769.4,39565.8,130530,73348,52776.5,111920,186.952,-4.1301,156.282,6934
60576,32312.5,126703,57291.6,39972.8,104936,131.29,-14.7201,156.29,6935
60221,33523.7,123953,49909.2,35011.5,105074,88.8267,10.5768,156.299,6936
69998,36441.2,138418,89151.5,54991.1,121939,366.727,-1.4826,156.316,6937
43541.5,22432.9,158645,90531.3,54754.9,137717,290.979,-18.3736,156.353,6938
50728.1,26615.8,129547,82157.5,58494.9,114306,208.381,10.2392,156.394,6940
79689.9,44269.9,133768,72284.8,53363.9,111036,87.7186,15.7531,156.418,6942
68377.4,39172.9,125234,50631,37778.4,100356,51.2692,30.552,156.423,6943
76924.2,41255.9,129317,73704.6,55794.5,109933,217.612,0.225025,156.425,6944
72873.1,38507.7,131025,60252.9,41799.3,109305,101.467,-1.64145,156.426,6945
67160,37056,128306,63176.8,46321.8,106629,121.792,25.0936,156.491,6946
61725,31469.1,133733,68625,46985,115127,126.254,-28.5401,156.509,6948
59031,33414.4,124434,50932.5,36682.4,104775,83.8675,-6.51285,156.588,6949
71126.7,38257.6,128157,52307,38314.8,106672,87.0769,-24.0393,156.596,6950
45401.9,29985.1,112783,39164.3,31796.2,95578,82.3497,1.23765,156.604,6951
73648,40066,129458,64444.1,45332,109835,102.223,2.81286,156.614,6952
57818.3,32887.6,132162,65258.2,44243.6,111589,220.116,1.85647,156.666,6954
67226.8,37830.7,130616,64936.5,45423.7,109992,102.514,3.60047,156.669,6955
38625.8,20831.2,124422,58648.5,41257.7,108339,122.72,26.613,156.67,6956
85521.7,45223.5,133925,71673.4,48110.4,111848,211.802,24.0808,156.744,6958
46206.9,23387.2,128633,66869.5,45565.5,114246,166.126,1.74396,156.839,6962
65233,38435.9,124356,45581.6,33780.3,103230,107.572,59.1418,156.888,6964
33637.2,17411.9,127017,68736.4,44344.5,115683,228.473,-27.6929,156.994,6966
56174.5,33298.4,129131,68269.2,50677.8,108645,90.3427,-3.12405,157.035,6968
66104.2,37583.3,127537,45537,33539.3,102856,35.9158,0.281281,157.054,6969
65234.6,39012.2,121256,41909.8,33103.4,97420.3,107.572,8.27005,157.057,6970
53758.1,28309,133339,67569.7,43034.4,118583,197.535,-3.12405,157.058,6971
74660.9,37296.6,134957,71070,49669,112352,143.601,-6.61875,157.075,6972
75026.3,39887.9,129101,54943,39462.2,104984,83.5757,-8.73675,157.092,6973
51726.6,26692.8,128157,75286.2,54201.6,122138,214.822,-10.9607,157.144,6975
44289.9,25152.6,121567,54960.8,41875.2,102201,115.471,-27.1633,157.167,6976
48768.4,29324.1,117440,46347,35642.4,103275,113.497,-8.7897,157.168,6977
31391.1,16549.4,120158,47194.8,34680,103904,221.993,15.1905,157.239,6978
57931.1,30153,131715,72581.5,46998.3,114193,114.252,31.5649,157.244,6979
62827.8,32519.1,134300,77229.7,51218.8,115680,158.417,1.51893,157.246,6980
42673.5,22287.3,127010,73177.8,51472.9,111519,162.158,4.33183,157.252,6981
69443.9,38266.8,127331,61151.3,45647,104250,77.3262,29.2015,157.269,6982
47736.5,26511.8,125292,56324.4,41309.7,103776,141.233,16.991,157.353,6983
72404.8,35774,141172,61049.8,36127.2,120964,208.153,0.506307,157.364,6984
52471.8,27402.4,137935,99896.8,64684.3,123689,246.79,27.4008,157.398,6986
81101.6,43958,131427,64033.4,47544.9,108400,179.79,-29.3873,157.441,6988
31236.3,15646.8,124665,76998.2,43825,121873,231.256,-23.3509,157.449,6989
62953.3,38214.5,120512,42321.6,32016.4,100482,137.478,23.0679,157.521,6991
50704.4,26841.9,123237,53941.7,38621.5,107296,86.0268,78.0692,157.532,6992
30816.6,16810.2,126685,59924.2,36874.2,113462,73.7018,-1.64145,157.544,6993
63903.4,33327.3,130814,79935.3,54459,114269,153.521,-39.8184,157.587,6994
36375.2,20172.2,121034,53221.6,38654.9,103510,142.331,78.6789,157.597,6995
56575.8,32919.8,121592,43919.3,32746.5,100897,99.7211,18.6227,157.608,6996
63356.2,34600.5,128829,58727.3,41792.3,109254,107.456,-3.2829,157.621,6997
60584.3,31553.5,131894,55448.5,41130.8,107781,125.501,18.904,157.671,6998
56844.3,32939.5,123998,48593.6,35698.5,103091,95.995,-16.7852,157.713,6999
56727.9,31310.9,128990,76136.6,53300.6,112012,154.673,10.9144,157.746,7001
51445.7,27511.6,124118,50172.1,34534.3,104315,47.8901,-2.48865,157.76,7002
52465.9,27794.6,127872,53107,35130.9,107612,96.1697,-7.3071,157.76,7003
66043.2,38001,122280,48244.8,35962.3,99721.3,84.8597,-4.81845,157.808,7005
48604.9,27620,117714,38094.9,29107.4,97580.8,63.4817,-8.73675,157.811,7006
59796.2,35236.3,121766,47975.6,38955.9,99945.5,61.7624,-11.702,157.831,7007
40487.6,21682.9,121058,58334.9,41397.1,157867,223.472,33.7034,157.836,7008
43376.4,24265.8,122417,46648.6,33811.1,102851,132.563,-41.2481,157.905,7009
40013.4,20776.3,125161,61585.8,41199.1,110687,104.957,-26.475,157.909,7010
58780.5,31695.6,126990,53192,39369.4,104497,86.6686,4.38809,157.913,7011
76071.1,40897.4,130809,60467.7,41509.2,110286,111.871,-14.4024,157.923,7012
46932.7,27120,124195,46564.8,30725.8,105263,14.2226,-35.9531,157.969,7013
54391,31907.7,119510,51860.7,38018.6,101620,184.26,0.225025,157.983,7014
22916,11019.1,147516,61690.1,37215.1,123750,168.08,-9.531,157.99,7015
74573.6,36628.9,141497,84896.8,50840.3,121968,234.605,2.41905,158.127,7017
43620.2,22516.3,128639,50473.5,34454.3,109691,131.927,-14.8789,158.13,7018
57137.6,30280.4,126956,44032.2,31183.5,104352,59.7467,2.47531,158.171,7019
74069.9,41235.3,128408,56758.6,41050.2,103854,158.82,-37.6474,158.198,7020
63049.7,32590.2,129645,56544.6,39130.3,104512,91.6835,-35.1059,158.211,7021
62214.6,34555.3,125961,48540.4,35570,102431,105.771,16.8222,158.259,7022
72782.8,37778.3,130799,68416.6,45861.6,114146,100.536,9.00145,158.315,7024
67358.3,38074.2,129146,68321.3,51371.6,107954,114.542,48.8421,158.322,7025
80460.6,43361.3,133770,74172.3,50287.5,114414,114.02,-40.4008,158.332,7026
71295.1,39436.5,128834,71649.4,47528.5,111490,119.473,8.15753,158.336,7027
55575.5,31743.7,127405,57591.8,40138.1,108846,71.0111,-19.3797,158.376,7028
61751.4,31293.7,130461,60133.4,41691.8,109206,197.592,-33.5703,158.384,7029
66108.4,40733.3,121490,43911.2,33575.4,97898.6,94.3057,0.225025,158.389,7030
52295.6,28785.9,121818,46118.5,36465.2,97900.6,101.525,-28.2223,158.401,7031
48972.4,29711.1,119622,55063.7,38606.5,105913,161.352,13.2212,158.417,7032
42429.1,22458.7,124161,60347.1,43881.9,106553,88.0685,29.4828,158.507,7033
58035.8,32083.9,125512,54908.6,37253.7,107657,190.501,17.7787,158.508,7034
60132.8,31441.8,127792,48449.4,32119.6,110374,78.9038,-23.0862,158.594,7037
45117.5,20489.5,199031,81144.7,46646.7,156470,158.071,42.3137,158.614,7038
59687.7,35221.7,120222,42799.9,31401.7,99466.6,79.8385,1.01262,158.646,7039
32501.2,16514.8,124417,75167.7,51522.2,113613,199.592,76.406,158.678,7040
56354.5,28933.3,131247,59935.7,38956.5,113509,175.545,-1.32375,158.703,7041
56417.8,32949.3,122134,46651.3,35224.7,101106,68.6704,21.8863,158.743,7042
70379.7,38322.4,133312,62957.4,42398.6,114006,142.619,-16.3086,158.756,7043
62019.6,31562.4,135129,87543.9,56641.8,119755,330.612,96.1083,158.813,7044
79569.8,43293.3,134589,76471.5,53069.2,112203,242.033,-2.118,158.853,7045
68173.2,37598.3,125403,52668.5,36999.3,105470,154.04,15.7531,158.876,7046
73139.9,39256.9,129042,56168.6,39904.9,107469,134.819,-15.8321,158.923,7047
55008.7,31666.1,121249,36078.3,26998.8,98322.3,186.494,23.5181,158.935,7049
63785.7,35751.9,123711,49688.8,35544,104250,117.559,4.50061,158.949,7050
60754.6,30950.2,134451,73272.6,51446.1,112172,129.323,-7.0953,159.036,7052
44729.1,27327.7,133711,50912.9,33543.2,114660,190.787,-18.8502,159.053,7053
64588.7,36118.5,126131,58440.3,40478.7,104921,147.756,16.991,159.213,7057
73483.2,41083.3,126696,54199.8,38927.6,106864,105.654,-2.59455,159.223,7058
74945.9,35890.5,141272,85844.6,55308,119918,136.033,0.956361,159.304,7060
43576.8,24636.2,122615,51459,36568.3,107096,120.227,-0.37065,159.308,7061
63590.5,33775.7,128708,73910.4,51030.6,110751,219.376,11.7021,159.313,7062
75158.4,41548.6,127042,55853.6,39449.7,105157,135.628,11.4207,159.315,7063
71047,35691.2,134884,72077,48553,114871,101.06,22.3927,159.321,7064
36844.9,26376.4,106962,48219.1,42907.8,87885.8,123.647,-14.0847,159.36,7066
51177.3,28784.9,126411,59855.7,45279.4,111267,151.734,27.5696,159.361,7067
72925,40378.8,130523,75907.4,56712.8,109970,125.501,32.9718,159.558,7071
57896.2,30092.7,127505,59062.3,40867.8,107422,109.316,-23.7745,159.568,7072
74137,41430.6,126633,54668.8,40771.2,103944,145.39,-21.9743,159.584,7073
70106.1,37223.7,130998,70473.8,46893.8,114984,215.448,14.7966,159.609,7074
39654.7,19721.5,145785,45996.9,28026,118091,127.875,17.4411,159.63,7075
69112.6,40237.5,127518,53354.7,40508.2,103668,96.2862,-40.0831,159.692,7077
72983.4,42292.4,128315,53079.5,37457.6,104417,106.759,42.4262,159.848,7079
53054.1,30325.7,125563,49798.3,34157.4,105697,85.0931,-37.7004,159.856,7080
56552.4,33274.3,121117,46248.1,34226.2,101791,71.4792,-12.3373,159.952,7081
52176.8,31658.6,117471,41148.8,32152.5,95524.1,99.6047,24.9811,160.011,7082
28175,15835.1,117372,59932.3,42841.8,107660,130.596,-5.7186,160.038,7084
74917.9,41559.7,129293,59022.6,42347.6,107003,121.908,14.4027,160.044,7085
74020.4,37967.5,134242,67331.8,45410.1,113791,250.977,41.5258,160.051,7086
72032.3,37211.1,131717,74955.4,49477.4,117279,174.397,-6.30105,160.162,7089
80242.3,43086.6,135801,78492.3,49219.7,118444,94.4223,8.83266,160.17,7090
60285.2,34211.4,122419,46860.6,32671.6,104289,44.5704,7.08857,160.172,7091
73684.1,36172.9,138709,86530.8,55539,120680,345.4,0.168769,160.194,7092
54099,28094.4,132278,75457.9,46946,117783,233.981,-33.888,160.258,7093
55567,29171.9,126783,55651.2,38764.7,107951,98.557,5.56954,160.272,7095
56291.5,31431.4,124530,51521.5,37924.5,103994,109.374,-7.25415,160.342,7096
72808.3,36771.8,135077,67474.1,46003,116840,344.401,-0.15885,160.404,7098
73941.7,39632.3,139559,85739.1,52332.5,121287,194.391,4.38809,160.447,7099
78434.3,41141.1,134648,82191.9,54346.2,117876,159.856,23.4618,160.473,7101
81658.9,41263.9,135408,68673.7,45137.9,114241,94.8883,47.6602,160.499,7103
45917.8,24024.5,134134,98758.6,65437.7,121186,288.341,18.8478,160.502,7104
70287.7,34405.2,137509,91594.5,65058.2,120359,201.591,22.6178,160.513,7105
60915.8,33985.4,127499,53892.3,37578.1,111083,178.356,7.93248,160.537,7106
37354.1,20281.7,122328,59605.1,40815.8,107327,133.893,-8.472,160.54,7107
85121.6,44582.2,132335,72440,50001,110762,198.278,18.904,160.541,7108
67391,38445.3,128651,57956,40064.6,108068,177.783,3.54421,160.544,7109
70984.9,41412.1,127591,74606.7,58712,104689,200.163,-8.5779,160.554,7110
59906.4,33601.9,125012,60337.5,42949.3,103939,120.923,-9.9546,160.613,7111
55615.7,31200.3,123165,44180.4,32503.3,102493,129.265,-18.056,160.668,7112
66270.9,33776.7,134745,71851.3,52646.5,112260,162.1,6.07588,160.723,7113
65261.3,36319.7,132051,65221.8,44394.8,111303,142.157,47.0411,160.729,7114
73836.3,39190.1,131227,67505.8,47680.8,111031,140.54,5.3445,160.767,7116
55024.6,29238.2,127184,61094.1,43028.6,108156,130.885,4.33183,160.772,7117
42721.2,23977.7,121163,43758,33156.4,100775,57.3754,2.64408,160.801,7118
62367.3,34725.4,124774,55423.8,41006.9,101323,147.352,-7.14825,160.822,7119
71597.7,42542.7,126668,50758.1,37932.4,102829,83.1087,-27.8517,160.836,7121
59661.2,33412.3,125217,43729.6,32283.9,103098,75.1635,-4.92435,160.841,7122
66615.1,39375.8,124761,45566.6,36097,97976.4,82.5248,-4.6596,160.847,7123
60870.2,34654,121429,46978.1,32763.2,103866,92.9074,1.18139,160.852,7124
44569.1,25568,120107,53638.6,39906.5,102389,100.885,95.4454,160.915,7125
61037.8,35077.5,121878,45492.5,34494.4,100580,87.3103,0.112512,160.93,7127
36598,20246.4,125584,63687.3,43094.5,115301,183.114,-1.8003,160.969,7128
34765.1,18518.3,125066,77134.5,54391.6,113972,241.976,-3.54765,161,7129
65216.7,36432.1,128261,67526.1,51213,107212,164.113,69.6369,161.007,7130
67341.9,36014.4,127952,54278,39264.8,107010,95.1213,17.7224,161.027,7131
68450.5,37686.8,128196,52719.6,39472.6,104993,190.043,-45.9076,161.095,7132
50883.9,27967.8,124898,51067,35787.5,106572,160.028,-7.78365,161.118,7133
55209.6,32662,119786,46316.6,36175.7,100141,112.684,-14.0318,161.162,7135
57962.5,32025.2,121571,52744.2,38476.7,103526,143.081,-0.5295,161.172,7137
63184.8,32856.5,129664,58926.8,38827.2,109854,142.446,8.88893,161.191,7138
77543.6,42771.7,128926,63785,46316.2,106997,122.836,8.15753,161.203,7139
53004.2,27833,131741,73808,48656.3,115424,172.158,-7.04235,161.205,7140
80539.9,39831,135372,66612.6,43072.8,117402,146.833,11.1957,161.21,7141
54269.4,28179.6,131014,62791.2,42549.6,110343,175.086,-25.7337,161.232,7142
57469.9,29638,128791,77918.1,53898.9,115171,185.177,-5.66565,161.259,7143
73334.5,42216.6,129926,89197.6,66307,108211,182.369,9.90164,161.314,7144
45197.2,24522.5,120389,47248,33645.1,104329,121.155,-23.9334,161.317,7145
54740.6,30832.4,121475,61776.1,46529.8,105670,160.662,1.06887,161.317,7146
67796.4,39876.3,121047,56107.1,45831.6,97522.5,95.063,-19.5915,161.328,7147
24067.8,19669.9,96656.6,48640.4,42439.1,93425.8,123.067,-17.9501,161.387,7148
50480.9,24419.6,133635,100456,68551.9,124756,204.045,2.58782,161.443,7150
79165.8,43958.9,127773,62510.4,45301.4,107393,150.697,-3.22995,161.449,7151
54728.4,28468.2,135722,69462.1,47227.2,115195,206.271,2.92537,161.454,7152
64820.9,35719,128340,53198.7,36719.6,104165,112.626,-9.47805,161.496,7153
35613.6,20946.7,139707,53777.8,33611.5,121216,71.0111,-23.0332,161.513,7154
54592.7,31442.5,119502,49405,35719.3,103541,43.9183,-42.0952,161.523,7155
63464.1,35636.9,126685,64325.2,48778.3,105187,136.958,-2.70045,161.525,7156
46027.9,25170.3,127795,67881.5,49570.9,107583,106.003,-45.8018,161.605,7157
55590.4,32554.7,120423,45946.1,35545.4,97854.6,93.6649,-8.73675,161.614,7158
69168.7,38012.5,128267,57770.3,39103,110895,201.99,-21.0741,161.632,7159
44832.5,26048.2,124851,79230.7,57774.4,114100,150.581,20.6483,161.635,7160
43667.5,21568.5,132614,78454.3,54130.6,118007,138.403,24.9811,161.667,7161
66613.4,38399.4,124100,72465.9,55763.2,107075,205.529,13.8964,161.676,7162
59549.6,34160.2,124962,55178.2,39168.3,106761,111.988,22.0551,161.756,7163
69673.2,38934.9,125583,51503.6,36678.8,105274,168.425,-9.531,161.787,7164
60466.9,32967.7,127082,53276.8,39870,104808,125.095,-10.1135,161.803,7165
43837.9,23799.3,122196,55411.8,40505.9,104701,109.141,-9.16035,161.806,7166
51569.9,28845.2,121910,41363.7,30565.5,101451,162.215,49.9677,161.831,7167
53861.5,29656.1,124686,44345.1,31714.6,102952,127.528,32.4653,161.845,7168
62831.2,34151.9,128816,61730.2,42145.8,109622,112.975,-13.767,161.859,7169
70549,40404.4,132181,52714.7,38941.3,104518,128.628,6.58222,161.876,7170
71566.5,38376.6,129313,70054.6,46098.8,114790,209.522,-22.4508,161.893,7171
67687.3,38815.1,124227,47734.3,34142.6,105274,101.525,-30.1815,161.898,7172
74442.9,37890.2,134920,74593,46605.2,116813,150.581,-26.2632,161.96,7173
58625.5,31935,128744,53978.6,35983.3,109579,86.7852,18.2288,161.986,7174
69905.2,38324.1,127110,56093.2,41564.6,103414,150.409,12.8273,162.01,7175
47298.3,25730.7,121581,53238.1,38525.8,107098,112.917,-32.6172,162.017,7176
55270.5,28440.4,129324,82718.6,60991,121313,192.389,9.90164,162.02,7177
60343.2,32477.9,127110,45436.1,31501.7,104625,57.7311,8.15753,162.027,7179
75742.1,41398.8,128501,66676.9,48267.8,106645,251.203,-0.3177,162.064,7180
58909.3,30612.2,128973,77280.3,54298.2,111379,93.9562,3.26292,162.086,7182
49495.3,30897,115159,33737.9,26197,94124.5,44.0962,-5.98335,162.094,7184
54088.6,28085.7,128365,62784.9,41240.7,110994,88.8267,-11.8078,162.105,7188
63809.5,35923.1,130821,53022.3,38105.6,108070,105.829,-35.2118,162.157,7189
68624.9,39462.5,127242,49305.2,35393.8,104520,157.035,17.1035,162.188,7191
58608.7,31926.8,134506,66745.2,43099.2,114731,179.904,-5.7186,162.276,7194
51106.7,25846.9,133853,63624.6,38389.4,117152,139.674,-1.9062,162.287,7195
67025.5,35712.6,129083,55073.9,38908.7,105115,166.068,-17.2617,162.364,7198
41300.7,22769.3,124058,45098.4,29943.6,110726,117.733,9.56407,162.429,7199
52308.9,28028.2,132280,76213.3,45290.7,117224,187.754,0.675077,162.432,7200
66417,35332.5,126480,55839.6,39191,106713,70.2505,-2.7534,162.527,7201
52676.1,33174.9,120155,57183.5,44254,102564,103.91,-11.8608,162.542,7202
48036.3,26380.4,124893,56141.5,37796.4,110226,27.1432,-65.2344,162.548,7203
63283.2,34071.6,130861,65746.7,47349.1,111334,130.191,-2.38275,162.551,7204
54742.4,31408.5,120424,35520.9,27811,93860.8,93.8979,-4.07715,162.585,7205
43250.7,24146,122058,46408.8,32688.2,106833,118.487,-5.0832,162.592,7206
73492.9,42639.1,123612,61615.2,48220.8,102908,164.458,-6.7776,162.605,7207
49262.4,27595.9,119900,47565,36949.1,99633.7,104.724,-12.9198,162.625,7209
47609.7,26679.4,122411,44132.4,31974.6,103062,18.8454,16.5971,162.625,7210
56946.5,31997.6,125914,52122.2,36579.6,104007,111.116,11.7021,162.656,7211
69530,36811.7,127078,59825.2,42221,107313,161.179,25.2624,162.661,7212
64446.7,35941.3,127098,61904.2,46130.3,104009,151.043,16.5408,162.71,7213
72147,39977.4,127401,60488.8,44330.1,105653,154.961,-34.8411,162.724,7215
60706.7,34245.8,127312,66174,50745.4,104217,149.082,-1.4826,162.728,7216
56636.6,32335.2,127617,59464.7,42798.4,108737,162.158,9.84538,162.756,7219
55675.8,29378.1,127937,63069.2,44219.1,110197,122.546,-0.05295,162.774,7220
63995.3,35431.4,125224,58901.7,44980.8,104192,173.134,-23.0332,162.815,7221
73243.3,39980.9,129048,66387.5,46272.9,110136,219.604,23.0679,162.822,7222
66168.8,35065.5,135695,73299.2,46595.1,115169,230.461,4.27558,162.837,7224
66434.5,38270.9,123766,46600.4,34130.8,101097,179.503,15.528,162.888,7226
75863.1,40852.7,131035,57112.5,36689.9,114078,90.6925,46.0281,162.911,7227
70497,37254.6,139885,82102.1,53122.2,121006,231.994,-5.13615,162.917,7228
63927.9,32010.2,134662,84152.7,53890.6,117980,174.34,-32.2466,163.015,7230
45063.1,25009,121408,44147.1,32799.2,102264,80.3642,-20.0151,163.041,7231
71660.8,38688.9,129234,59217.3,42758.6,104670,136.38,-31.0287,163.09,7232
71200.8,35446.2,138388,80658,49636.5,119966,214.992,-0.47655,163.152,7235
82452.3,43840.9,131373,68294.2,48415.7,111383,193.362,-16.4145,163.156,7236
55707.1,33089.7,120171,35902.3,26471.7,97385.6,38.4647,1.23765,163.157,7237
49707.7,26965.8,121364,67104.5,52672.2,104996,87.8352,-22.1331,163.176,7239
60972.1,33992.3,126839,67908.1,50620.4,107919,131.117,-5.55975,163.18,7240
70124.7,40446.8,127187,57889.9,42446.3,105345,149.082,2.19402,163.191,7241
66652.5,38153.2,125461,50463.9,38460.7,100590,200.106,7.20109,163.242,7243
35906.9,20344.2,123838,54448.7,39380.6,107086,85.2099,-16.0968,163.308,7245
49969.5,26983.5,124441,59574.1,43207.6,107218,137.478,-30.8699,163.321,7246
68872.9,37377.4,126631,47512,34540.9,103403,110.245,-28.2753,163.403,7247
56843.1,30042,128697,71319.2,49973.3,114215,89.1766,-0.7413,163.462,7249
75876.1,42289.1,131466,68279.6,45734.1,112183,133.662,0.393794,163.483,7251
54725,29148.7,129504,64871.8,45391.7,110800,180.879,40.4002,163.495,7252
20725.3,10874.8,125113,44307.5,28412.5,110192,198.678,-4.1301,163.543,7254
77193.3,40939.2,132098,61898.3,43126,110214,158.244,16.147,163.568,7255
64739.7,36515.5,131917,65069.6,46417.6,109240,161.41,-50.3025,163.576,7257
77757.1,42998.4,129619,65964.3,47242.2,110153,166.528,-1.74735,163.578,7258
54529,30383.7,120713,39169.1,28978.4,98632.4,6.99254,7.59491,163.59,7259
67958.2,37000.9,125208,55323.4,41518.3,104558,108.154,1.63145,163.597,7260
54279.3,26875.4,133319,67512.5,45172.9,114543,123.995,-66.4522,163.611,7261
29370.9,15466.5,119109,46664.2,33804.4,101175,240.049,-8.7897,163.621,7262
78884.8,46076.5,129782,63955.5,46676.4,107862,100.012,-15.5143,163.623,7264
63925.5,34397.2,133495,70777,46381.2,115503,224.495,-2.06505,163.632,7265
61656.1,34441.3,124283,60880.7,44558,107198,104.55,-50.5672,163.66,7266
63694.4,38752.7,123991,54455,38722.4,107212,161.525,10.2955,163.669,7267
69960.3,37156.4,134632,69479.5,44680.9,115311,142.157,5.28824,163.69,7270
69306.5,35869,135577,64797.7,42708.7,113211,265.944,2.36279,163.692,7271
74015.3,40229.1,128175,55516.5,41310.9,104338,126.022,17.6662,163.736,7273
71609,39313.1,128216,56680.7,39376.4,108455,139.674,-1.64145,163.741,7274
67908.3,37595.3,125368,59968.9,44662.3,104406,171.641,-20.174,163.757,7275
44389.7,23579.7,124414,62079.2,44695,104251,161.237,41.5821,163.817,7278
64731.8,36087.9,124346,44860.2,33189.2,100350,91.6835,24.0245,163.821,7279
63117.1,31749.3,135969,78218.2,44485.4,121168,179.618,6.52596,163.85,7281
69116.8,36948.2,129176,59587.5,41682.1,107393,111.813,41.6383,163.856,7282
76791.7,41728.8,127558,64220.6,47129.4,107161,168.195,1.12513,163.926,7284
60177.5,33740.4,123613,46023,33006.1,100503,139.558,-14.7731,163.932,7285
60724.9,30759.5,136546,93660.5,58023.8,120019,253.918,10.7456,163.947,7286
77352.8,40290.7,131215,69850,48268.5,110967,196.735,-15.3026,163.965,7287
50335.4,28402.3,127906,59986,40376.2,111932,118.313,4.50061,163.977,7289
70039.7,37700.7,128251,56883.8,41184.1,105626,157.323,-23.3509,163.979,7290
70593.4,37191.6,138124,78244.7,49461.4,117269,137.304,0,164.003,7291
58166.6,32231.9,127187,60042.5,40933.6,110897,130.538,44.9588,164.005,7292
60030.9,35594.8,118127,39657.2,30558.3,96828.2,136.669,-34.3645,164.088,7293
65037.9,33279.7,132154,67482.8,44031.7,114564,140.309,2.25028,164.091,7294
71921.2,37968.1,131216,56619.1,35921,112120,168.482,5.11946,164.107,7295
46091.5,23277.5,127213,51304,37192.8,106805,110.594,5.9071,164.152,7299
75670.5,41614.4,130699,67875.9,43672.7,112201,127.122,-18.2148,164.165,7300
58894.1,33149.1,121876,56667.5,43779.2,102626,65.5568,-15.6732,164.175,7302
49711.6,26965.6,127325,69915.5,48384.1,111098,180.248,43.4955,164.22,7304
57289.9,32215.8,123497,59184.3,40929,113992,221.936,41.7509,164.238,7305
65622.1,35268,128298,57204.3,40086,108616,137.651,8.60762,164.277,7306
70795,40195.6,127142,61099.7,44127,104482,137.536,2.25028,164.32,7309
70326.6,38625.2,129347,72817.5,50816.9,111109,180.535,-2.9652,164.336,7310
70762.8,39038.4,126853,49386.2,35576.4,104334,131.927,4.44435,164.34,7311
62670.8,32194.9,141018,96569.6,62815,121711,308.178,0.956361,164.37,7312
64287.1,32796.4,131317,59856.3,41844.2,111010,35.7973,14.7403,164.373,7313
71623.5,39146.1,125047,53154,39928.3,102920,89.9929,-16.5204,164.494,7315
70254.5,38444.4,128151,61976.7,44758.6,106395,125.675,-5.0832,164.51,7316
75896.2,38756.8,133991,71907.6,48100.7,111310,178.413,-1.3767,164.518,7317
25548.1,14019.8,117984,61693.9,39705.7,120280,172.618,32.803,164.518,7318
37967.4,21985.2,117613,47057.4,34775.3,103016,145.967,-35.1588,164.52,7319
70022,37222.5,129045,58478.7,39976.7,111147,122.372,13.4462,164.531,7320
57077.2,33431.3,125431,64328.7,46978.3,106978,92.5577,-4.60665,164.572,7321
45828.2,25382.2,128782,78994.4,55239.7,112087,171.986,46.5346,164.572,7322
63197.2,38344,122143,51602.2,39503.6,99999,206.442,14.2339,164.581,7323
61927.7,31199.8,139713,79718,53914.4,119586,172.79,-22.5037,164.599,7324
76614.4,42566.8,127270,59610.9,44213.5,105042,162.388,19.2979,164.634,7325
48566.8,26139.4,128834,60386.6,38303.5,125342,176.979,-11.1724,164.698,7328
54561.4,27181,133424,76132.9,48447.1,116475,207.697,16.9347,164.728,7330
37589.9,19784.9,119867,50882.3,35592.3,102902,118.719,12.9961,164.799,7332
66418.8,34240.9,134342,76437.1,52629.3,110392,145.621,-9.2133,164.829,7333
67115.5,35213.3,134591,63635.3,40978.9,115182,173.134,51.5436,164.842,7335
36635.8,19067,123851,55276,34257.4,114690,149.14,5.96336,164.847,7336
35454.1,20301.2,121844,50351,34784.5,104359,173.938,3.99428,164.847,7337
62086.8,30508.7,137562,88089.2,58315.1,116835,150.581,-18.4266,164.872,7338
67278.6,36248.4,127307,53913.8,37766.3,105246,134.992,-21.8154,164.987,7339
46137.1,21994.3,146141,70168.1,47746,118313,91.6835,-11.3313,165.01,7340
56078,31468.4,125093,52711.6,37888.7,108139,139.443,-5.77155,165.011,7341
45705.1,24803.8,122268,61962.8,43860.2,105434,159.798,62.5189,165.062,7344
62365.2,34125.4,126627,44240.4,31754.9,103587,113.729,-6.7776,165.119,7346
50314.8,29519.7,121911,46973,36587.1,100110,166.758,36.9673,165.164,7347
44470.5,23780.8,127980,65245.6,42907.1,110534,208.096,13.8964,165.184,7348
69209.4,37232.3,134127,88216.7,61745.6,115432,111.523,-17.9501,165.207,7349
51362.9,30430.6,119737,41413.6,30551,100987,112.22,33.9847,165.298,7351
75042.7,38465.8,138194,86886,60819.3,117117,324.483,0.956361,165.321,7352
71359.4,37360,130215,61001.7,43224.7,107711,120.285,-23.0862,165.357,7353
78353.1,41068.6,128713,66894.5,49697.3,107777,98.9644,-32.6172,165.378,7354
39255.8,19781.4,144309,71951.8,48880.9,121184,164.171,-59.5158,165.393,7356
58164.5,30509.7,126609,71627.2,48992.7,112550,118.429,-0.6354,165.457,7358
46004.4,25538.1,120144,47307.3,35304.7,100351,244.129,58.8604,165.513,7359
60952.6,36821.9,119959,40017.6,30175.3,96509.8,64.1932,25.9377,165.562,7360
72392.2,38268.4,130965,58999,39703.4,110016,98.1494,1.40642,165.565,7361
49044.7,26819,121680,44219.8,31808,103761,130.133,-52.0499,165.591,7363
64610.9,34435.9,129188,57842.1,39685.1,114424,105.305,-39.6066,165.626,7364
69864.6,36793.4,129561,73353.4,53830.3,109355,105.131,-9.4251,165.631,7365
72356.1,39244.7,128441,62294,43325.8,107502,135.917,3.37544,165.676,7367
57676.3,31168.2,127233,60648.7,42529.5,107977,83.8092,36.292,165.732,7369
76097.9,39720,131108,59318,39514.3,112517,204.388,-16.8381,165.77,7372
55799.9,28171.7,132652,69914.7,43987.3,117839,150.812,19.0728,165.774,7373
57237.7,31388.7,124776,44010.2,32869.4,99835.9,97.8583,0.78759,165.784,7374
53199.8,29016.7,121221,53877.5,38507.1,103617,136.148,-0.79425,165.798,7375
49803.5,32803.4,112350,37764,31442.2,92854.4,52.9884,19.0166,165.802,7376
62921.6,35742.7,124780,42815.7,30901.3,101336,117.965,12.2647,165.823,7377
60915.9,34854.5,122110,48236.8,34380.7,104227,129.901,-5.4009,165.845,7378
52549.4,31038.6,124901,49087,37861,104811,70.0164,35.5605,165.869,7379
45739,24418.7,148756,91137.8,54374.8,127678,197.021,33.5345,165.895,7380
83061.6,42549.6,135254,71452,45545.2,114648,185.921,-16.5734,165.993,7383
46316.4,25301,124333,61647.9,43421.9,109944,64.9639,-19.4856,166.001,7385
59902.9,33658.2,124451,39798.3,29582.4,100171,123.473,14.3465,166.011,7387
71529.8,38403.7,131948,60334.7,40168.3,111615,180.248,-7.2012,166.012,7388
46124.3,24177.6,125612,64114.4,47432.7,107327,165.436,3.88176,166.014,7390
52855,27830.9,125124,45747.8,31553.2,105470,121.561,2.41905,166.018,7391
58070.5,30687.7,128179,62898.3,41261.9,111253,154.155,-14.1377,166.029,7393
63421.5,35671.5,130682,73954.8,50449.3,110676,122.082,-7.36005,166.107,7395
61526.3,34083.6,123620,46976.4,35438,102777,102.63,-39.6596,166.117,7396
63137.8,34534.1,127213,52502.3,38003.7,105464,155.825,9.17024,166.128,7398
45502.3,24786.9,124521,50556,36743,100461,89.8763,11.7021,166.129,7399
57236.4,32048.6,121121,44079.7,33209.6,99699.7,133.604,-14.3495,166.318,7402
47360.8,27178.8,123584,53445.9,38637.4,105432,92.4994,10.8018,166.326,7403
65069.2,35093.4,127668,52279.9,37522.3,104188,58.976,11.7583,166.337,7404
61361.7,36118.8,122108,49373.8,37657.6,101253,123.125,-24.4099,166.342,7405
40879,22769.2,150652,58562.3,39805.5,128472,226.939,-5.66565,166.354,7407
69112.9,40360.6,125483,47323.7,35707.4,101012,77.3262,-9.58395,166.399,7408
77050.2,39678.4,134338,73925.1,50871.9,110926,150.812,25.3187,166.415,7409
72431.4,37121.3,132034,64547.4,45007.2,111262,129.091,-6.08925,166.498,7410
28838.7,16101.2,114417,56312,42465.7,104331,118.139,10.0142,166.525,7413
60863.7,32901,124295,47336.1,32926.9,105845,130.017,18.5664,166.578,7414
71758.1,39938.4,125595,55143.2,39889.9,104287,146.775,15.1905,166.646,7416
69195.2,37446.4,129423,58917.1,43990.9,107392,104.55,-8.5779,166.703,7417
49458.8,26914.3,123839,50441.9,37237.7,104074,96.1115,-34.6293,166.715,7418
44726.4,24077.8,122348,57413.3,43173.5,108510,108.56,15.8656,166.715,7419
73428.6,37727.7,133905,87177.4,57546.6,115261,288.397,13.615,166.733,7420
59348.9,32136.2,125411,49903.1,35295.4,105693,74.5204,6.63848,166.764,7421
55627.9,29857.7,126854,55149.1,41398.9,105282,164.401,6.63848,166.843,7423
44395.3,24065.1,122042,62168.6,45155.9,111382,166.93,-2.2239,166.86,7424
45698.4,28192.5,117782,48292.3,36802.2,99921.9,87.6602,29.6517,166.871,7425
61245.6,32555,126428,51700.8,38066.6,103461,126.08,-1.2708,166.89,7426
70109.6,37707.9,128891,57736.4,38570.6,108026,125.269,7.98874,166.896,7427
39310.8,20795.6,120804,56876.1,40538.4,105118,148.275,-1.6944,166.896,7428
62928.6,32294.1,130348,54566,36894.4,111151,155.249,14.2902,166.909,7430
63956.4,36013.9,123414,59440.2,46963.9,100652,115.006,41.3007,166.91,7431
60003.3,35853.1,120001,43226.6,33181.6,97921.4,86.8436,-15.6732,166.935,7432
38831.9,20752.7,124808,64753.2,45065.5,113403,229.325,-14.7731,166.937,7433
68031.4,36682.1,131835,68001.9,49627.3,111527,126.833,22.9554,167.023,7435
52388.4,29683.3,121324,42331.9,30805.4,99854.8,91.5669,62.744,167.074,7436
49103.2,26397.6,123349,51857.9,36060.5,105006,119.705,26.3316,167.109,7438
59105.1,32585.3,127247,47484.4,32906.5,104220,77.6184,-16.3615,167.117,7439
65841.9,37546.5,123298,58994.2,47937.3,101554,69.7238,-10.9607,167.166,7442
52112.6,30279.3,122725,38066.3,27961.4,97309,76.7418,-67.4053,167.181,7444
70958.6,39293.9,128403,59827.6,41612.5,109984,89.3515,-4.9773,167.182,7445
43762.9,23622,125787,52789.5,38016.1,109516,24.0018,1.35016,167.213,7446
73462.2,39302.6,127877,54677.1,38831.7,104837,124.516,-73.2828,167.25,7448
61532.8,34573.1,121744,49487.5,37497.1,103685,125.733,-67.3524,167.299,7449
84833,45934.9,134320,71019,47923.1,112205,153.233,20.5358,167.34,7451
71787.4,39069,128575,59523.9,39702,111226,168.08,27.1194,167.42,7452
65824.8,35914.4,131487,52410.9,37300.5,106730,150.524,-29.4931,167.434,7453
50735.1,25304.2,133981,70423.2,47865.7,115184,97.3926,73.6329,167.448,7455
54789.8,27229,133899,74470.9,49718.3,117719,153.924,9.28276,167.477,7456
41523,21497.8,124592,50843.7,36847.8,104686,173.134,4.05054,167.478,7457
58141.8,32669.4,122808,48813.5,35518.8,103010,150.236,11.1394,167.502,7459
74961.5,38114.2,137447,77606.3,44474.3,118487,139.038,12.6023,167.531,7461
65667.1,35212.4,133382,79881.1,51351.6,115176,220.855,18.2851,167.589,7463
74054.7,40771.8,128697,71162.2,48099.6,109925,134.587,48.1105,167.607,7464
57977.3,33505.2,121300,38541.2,27109.9,100197,78.7286,-2.4357,167.615,7465
56937.8,29893.8,133417,66353.5,43845.3,114661,98.6152,12.4335,167.664,7467
59920,34303,124156,51242.9,37535.2,103357,170.033,-0.3177,167.674,7468
69586.9,37467.5,131638,61475.4,42577,110767,142.331,-25.2042,167.688,7470
75198.4,39410.9,136416,76465,50634.2,114302,235.059,-16.3615,167.69,7471
47283.1,28268.5,121838,58835.9,46152.3,103402,173.536,-27.9046,167.726,7472
70008.5,39811,126804,60175.2,45517.4,103587,130.017,-23.9864,167.832,7474
79800.5,41899.5,133910,69341,47914.1,111366,185.349,-1.059,167.836,7475
55427.4,30767.4,125271,67569.2,46070.8,110667,143.023,28.3574,167.838,7476
59013.2,30437.8,131567,68961.6,48500.4,110832,235.513,39.4998,167.871,7477
57045.1,31608.1,124542,56110.7,39430.8,105186,103.037,-15.6202,168.075,7479
59249.7,34852.2,121187,42011.8,31700,99899.4,145.909,-1.059,168.133,7481
72664.5,41151,133591,72638,51808,110213,125.211,-53.3736,168.135,7482
50447.4,26991.5,129301,69320.8,45016.7,115389,173.134,-11.7549,168.153,7484
74651.6,40840.6,128820,56378,40352.7,106879,220.23,-6.9894,168.178,7486
53329.8,30566.1,121826,41397.7,32413.2,97742,66.9727,31.171,168.185,7487
59276.2,30794.5,128652,59216.8,40797.7,108171,82.7584,34.9977,168.189,7488
59133.5,32261.1,121861,49932.6,35528.9,103830,113.962,0.337538,168.202,7489
57480.3,28983,134621,79014.1,52487.8,115297,149.025,14.0651,168.247,7491
68781.5,36424.7,127907,53263.7,38882.5,104708,105.887,-21.233,168.292,7493
69086.1,34782.2,135162,54625,35668,111088,174.397,2.58782,168.312,7494
51498.1,25103.7,136651,64703.6,38674.6,120567,130.712,-3.9183,168.317,7495
50625.7,26612.5,127091,58769,39279.9,111142,82.9335,6.13214,168.326,7496
49924.3,25410.9,128808,71018,47970.7,113403,157.611,13.2212,168.366,7497
23388,11986.9,116876,33814,23548.3,98559.2,165.091,-22.3449,168.418,7499
70801.3,38575.7,131638,58489.4,40133.1,107531,106.817,4.83817,168.438,7500
59512.5,30173.5,135213,78412.5,49123.8,118271,199.477,-11.649,168.485,7501
68894.5,36687.7,137826,84840.6,55578,114362,127.528,11.0269,168.514,7502
51285.3,31031.8,126666,50007.5,37097.9,104232,155.192,-3.33585,168.618,7504
77583.3,40211.3,135895,62754.5,39701.8,114838,259.172,-17.6853,168.631,7505
62202.3,36192,123992,58937.1,44899.7,102548,57.0197,-33.0938,168.634,7506
72274.5,40515.2,128446,57919.8,45503.2,103496,139.269,-14.9319,168.643,7507
55765,30092.1,127456,58048.6,42196.3,106630,115.645,22.1113,168.648,7508
46249.6,25008.8,125266,64104.5,47595.2,107043,223.813,-67.0876,168.656,7509
61500,34281.6,125600,52540.6,39054.2,104077,101.176,-5.24205,168.695,7513
73896.6,39639.9,130731,65175.8,45586.4,111335,66.3275,-1.95915,168.714,7515
44799.8,26664.9,117983,34900.4,26696.5,93856.7,77.9106,52.219,168.732,7516
43742.4,25399.8,119866,46238.2,33776.3,102340,160.489,-7.7307,168.736,7517
60369.1,32620.2,128275,66430.7,45819.8,109693,69.7824,-12.2844,168.782,7520
55195.5,33053.5,122420,37630.7,27210.4,100468,49.4907,-5.4009,168.845,7521
25607.3,13527.9,121394,55804.2,38252.3,110474,105.364,14.1214,168.862,7522
32388.1,16576.3,121774,57143,42634.3,107115,124.458,-1.8003,168.936,7524
58756.6,29070.9,134069,55547.5,38175.8,107767,154.731,0.168769,168.997,7525
72338.2,38181.7,134364,85443.5,54364.2,117013,148.275,25.0374,169,7526
70539.3,34619.3,136656,93214.5,58582.9,120147,229.609,-40.6126,169.035,7527
57762.2,32497.7,121760,45250.2,33641.4,100806,95.8203,-10.8018,169.064,7528
72185.7,39981.8,128201,62778.1,42881.2,108129,142.331,12.321,169.163,7530
51626.2,27591.9,125686,54952.2,40408.9,106951,110.187,1.35016,169.252,7531
59484.8,32333.1,124611,50311,36623.4,105099,100.769,-12.6551,169.26,7532
61514.6,33096.7,128521,66231.6,43765.8,114055,227.28,-30.6051,169.285,7533
70902.8,35483.3,138717,83771.1,49169,121798,222.619,3.99428,169.294,7535
70782.7,35510.2,140492,94698.2,58112.2,123656,195.363,2.53157,169.3,7536
52081.1,29184.5,121936,50022.3,36419.2,101164,55.5376,1.80022,169.358,7538
57125.4,29947.2,128676,54096.2,35202.6,108082,101.932,23.4618,169.359,7539
56367.9,29274.4,129180,62097.6,45276.4,109967,214.765,-17.6324,169.362,7540
49646.3,26967,124048,54162.5,38938.5,106585,107.166,-21.2859,169.38,7541
39214.9,17860.8,145741,75387.9,43495.5,129283,218.693,-10.0075,169.391,7543
42265.4,22513.9,124529,68636.6,48875.8,108335,117.211,21.9988,169.396,7544
80250.3,44606.9,131998,71261.2,51328.9,111487,164.631,-18.3736,169.439,7545
61317.1,32508.3,128675,71556.6,50488.7,110557,136.033,10.9144,169.475,7546
73134.1,39069.3,134765,83315.8,55463.9,114638,187.926,-16.0968,169.507,7547
49461.9,28799.5,126319,78121.9,61509.1,106521,105.131,-7.5189,169.563,7550
80346.6,43577.3,130743,66118.8,49108.5,110116,143.889,-1.64145,169.571,7552
50045.6,26549.2,129069,65540.8,48327.5,106676,155.077,-3.177,169.666,7553
59306.9,32481.5,124254,45789.7,33350,101096,86.8436,-16.7852,169.697,7554
68353.1,34071.2,134338,88189.8,56930.9,114563,181.624,37.4176,169.728,7556
70996.2,36941,136003,78236,58867.5,112834,174.627,9.67659,169.79,7559
59305.5,32731.3,124553,45718.9,32076.6,103956,99.139,0.562564,169.804,7561
70588.5,37088.6,131784,70143.9,50846.2,107963,183.057,-18.8502,169.907,7563
43574.6,25115.1,121400,50432.2,36272.5,105085,131.579,-10.537,169.94,7564
82237,42769.5,132216,70933.6,47921.3,111400,148.679,-33.0938,169.94,7565
62651.7,35362.2,124962,53111.6,37834.9,105287,120.575,-5.34795,169.967,7566
69488.5,38774.2,128134,53218.8,36692.6,105711,85.9101,-17.6853,169.994,7567
76514.1,41275.9,134361,65022.8,43103.5,111430,170.837,1.40642,170.028,7569
69801.1,37443,128046,68826.4,47857.9,109400,125.559,7.14483,170.032,7571
66375.5,36713,124516,47857,36068.5,100686,140.829,76.6833,170.068,7572
49832.4,26084.2,127249,58822.4,40617.4,109894,133.199,1.91273,170.07,7573
37734.4,19532.4,195707,52350.2,37309.7,139176,135.628,-18.9561,170.083,7574
58114.6,29447.8,142301,100620,56758.7,127116,273.946,-2.3298,170.085,7575
71439.5,35250.9,138046,70233.5,42480.1,118204,158.532,-14.7201,170.127,7577
59753.3,33913.5,123681,53714.3,40708.5,100819,208.21,3.71299,170.142,7578
57035.5,29677.4,132221,69190.1,48040.5,112172,110.419,5.28824,170.149,7579
74156.2,38871.7,130705,69384.1,52927.9,107469,172.273,-51.6792,170.152,7580
29220.3,18139.7,109945,30119.8,22781.3,92164.5,18.6084,-5.45385,170.153,7581
55045.4,32244.7,121543,55396.6,43248.7,100492,177.668,15.5843,170.163,7582
67265.7,36776.4,128212,46413.8,32701.5,103758,94.3057,-2.59455,170.192,7584
62215.8,35250.9,121636,43062.2,32012.6,97798.6,79.9554,21.2673,170.263,7585
78035.6,40193.2,136192,81906.4,56280.8,114043,251.203,-7.67775,170.267,7586
72473.5,38282.4,127837,58981.6,37764.1,111150,140.598,-26.528,170.27,7587
67521.5,37440.2,125073,51891,37135,105495,172.905,-5.295,170.272,7588
65855.6,35156.3,127981,56847.7,40668,107669,111.349,-10.9607,170.273,7589
65659.4,37225.3,124000,46349.3,34673.5,103369,38.9982,-8.7897,170.276,7590
63556.9,37169.6,124796,44527.6,32788.9,100239,111.697,12.9399,170.308,7592
72420.4,38084.1,132258,58321.5,42485.9,106748,64.786,0.731334,170.322,7593
77472.5,39587.6,131655,70720.4,50231,111863,189.013,-20.9153,170.4,7594
66758.3,37425,125006,49741.9,38525.2,100033,143.543,-11.702,170.437,7595
61271.2,32386.1,126631,59486.9,40202.2,110097,186.036,7.03231,170.438,7596
69515.5,40194,127928,54925.9,38722.4,105416,126.833,-10.0605,170.441,7598
45621.2,23664.8,129252,72056.9,48114,112315,98.6734,-2.0121,170.521,7600
56907.5,32730.6,120854,46452,34680.7,100101,104.491,-41.7775,170.544,7602
49770.1,26151.3,124836,49915.8,36379.9,106938,72.7076,-29.3343,170.553,7603
68711.4,40805.4,124802,51190.2,37055.5,104040,84.8597,2.36279,170.632,7605
61769.4,32333.2,129410,55667.8,37184.3,107691,68.3192,3.93802,170.647,7607
52628.7,27805.4,127957,65134.4,47538.6,107782,162.445,2.98163,170.675,7610
22471.7,11604.4,135821,61214.1,32330,121260,128.107,-4.236,170.723,7611
59870.4,32330.8,124552,51146.2,36267.5,104289,72.9415,-3.01815,170.727,7613
60199,32502.4,129831,54022.9,38567.5,110076,106.294,-30.3404,170.763,7614
58018.3,31588.5,131820,62348.1,45656.7,106904,174.053,-2.06505,170.766,7615
48173.8,25380.2,135773,76286.1,46240.7,116816,226.371,-11.3842,170.766,7616
82118.3,42370.1,134087,76522.2,57560.8,109959,127.528,-7.9425,170.775,7618
43131.4,24627.7,122104,59675,40596.9,107378,117.907,4.27558,170.795,7621
71289.6,34951.9,139589,73731.1,43356.8,118176,279.068,22.6178,170.809,7622
33899.3,17986.2,148221,57330.2,36985,121249,80.9482,-10.8018,170.814,7623
73232.7,36141.2,139466,79863.7,50846.1,120530,175.832,-29.2284,170.831,7625
53831.6,31345,119152,45374.9,32091.8,100462,64.1932,15.6406,170.886,7626
56870.6,31959.7,121707,43597.1,32243.5,101447,87.9519,-10.1664,170.91,7627
70579.5,37015.1,130582,73484.9,52740.4,112371,168.999,-11.8608,170.92,7628
41746.8,22660.5,126905,65077.2,45088,111620,231.483,13.7276,170.923,7629
74517.2,40183.6,131203,67619.2,45233.8,109902,143.254,8.15753,170.98,7630
74717.6,40990.5,127216,58360.8,43129.4,105394,135.859,-22.5567,171.035,7632
71167.9,39659.5,125910,49490.7,36901.6,102819,129.843,5.40076,171.063,7636
68155.7,33405.9,139503,78749.3,45270.4,122308,179.274,40.5691,171.078,7637
59120.1,30489.1,128361,56666.2,41275.2,107139,116.573,-10.2193,171.093,7639
61720.7,30499.1,134803,77467.3,51904.3,117260,150.639,-35.1588,171.118,7640
67007.2,37005,127457,55819.2,40048.7,105673,121.329,-6.0363,171.14,7641
79390.8,41959.2,133194,67354.1,40687.5,117990,204.445,3.09415,171.145,7642
24076.1,13751,120138,63786.5,43715.7,111335,113.033,-15.4614,171.178,7645
64446.7,33279.2,129012,59227.5,41346.6,108164,132.389,29.0889,171.285,7647
63918.2,32010.3,135921,81051.5,52636.2,121482,302.135,-25.9985,171.411,7649
41595.2,31761.9,105255,41921.1,39771.5,83860.7,101.409,11.6458,171.457,7650
66215.3,35940.5,124846,51006.1,37745.9,101130,173.307,2.13776,171.488,7651
60852.8,34073.9,126852,51051.1,38479.2,100949,83.7508,-44.5309,171.497,7653
57003.1,31864.7,128052,59930.8,44322.4,105230,138.056,-23.1921,171.646,7655
60139.8,31078.4,131253,65697.7,43386.3,110818,117.675,3.60047,171.647,7656
75953.7,37939.3,138773,81947.2,50445.2,117352,205.073,-51.4674,171.662,7658
50827.2,29156.4,120318,48291.9,35723.3,100905,120.865,-24.6217,171.668,7660
74616.1,37661.7,134132,68857,43206.1,117248,157.15,-8.73675,171.668,7661
59397.8,33782.8,121285,40451,31081.7,99949,102.921,2.58782,171.668,7662
53584.6,29080.4,124741,48714.3,33734,107544,123.241,13.8964,171.67,7663
38368.1,18562.7,138887,79095.9,48196.5,124169,270.116,20.0294,171.682,7664
33513.2,20229.9,120662,48437,31940.9,107860,140.136,21.2673,171.686,7665
65344.2,33016.4,134609,65109.4,41953,114054,154.961,-3.0711,171.702,7666
63822,33130.3,134693,81418.9,53009,117828,171.584,-3.97125,171.703,7667
72896,41427.5,126840,59471,44160.9,105182,106.643,-8.7897,171.717,7668
59122.4,34957.5,119634,35323.7,26778,96077,40.4209,17.2723,171.738,7671
69281.6,35991.5,133114,86263.2,57114.6,113268,194.277,23.0679,171.742,7672
55556.3,30394.3,130704,62524.3,41283.6,110212,119.125,0.731334,171.744,7673
68291.3,39459.5,123340,55481.2,42057.1,100812,166.413,-5.295,171.769,7674
47919.7,26313.3,121911,49778.7,36258.5,104045,62.4146,14.6278,171.802,7675
62592.5,35874.5,122372,47336.4,34494.9,102723,114.368,19.7481,171.807,7676
72842.7,39774.5,128658,55033.7,41316,104829,90.1678,-5.66565,171.811,7677
66952.5,36848.1,133685,61216.6,40153.6,114083,127.991,43.4955,171.814,7678
58286.5,30972.2,127405,58854.4,44613.2,104681,148.794,1.6877,171.853,7680
71353.1,39952.8,125236,54726.7,41293.2,104422,128.975,-0.15885,171.868,7681
56114.5,32145.3,120873,45236.5,33056.5,101821,73.3509,22.0551,172.056,7683
46837.7,25442.1,123773,50370.7,35510.9,104539,167.563,-10.643,172.058,7685
64977.9,34947.9,127726,52111.2,38877.9,103296,61.2289,-1.5885,172.104,7688
49186,29403.4,120338,39585.9,32054,95537.5,58.1461,-15.4084,172.12,7689
63131.2,33879.3,131951,71044.4,43718.6,114567,181.28,-24.7277,172.158,7690
60085.3,34531.5,123932,50626.4,36253.4,103221,162.733,23.1805,172.168,7692
65947.3,35770.5,127303,59013.3,44598.7,103163,79.9554,3.31918,172.177,7693
22201.6,11090.9,133382,36854.5,27124.3,114233,138.403,-13.3434,172.209,7694
62154.6,35282.3,121442,44644.6,33127.6,100245,54.5297,21.3236,172.226,7696
76351,39303.6,139363,81510.7,55450.6,117277,236.647,14.1214,172.245,7697
30858.3,14587.7,131929,72114.4,44066.5,120137,161.179,-18.003,172.249,7698
33121.7,18939.8,117973,43045.4,33708.1,99938.2,148.044,28.9764,172.36,7702
46069.3,25129.6,124381,54867.7,36860.6,107814,80.5978,-0.47655,172.368,7703
65328.1,37152.1,123933,46926,35064.6,100603,98.4405,-24.1452,172.379,7704
58477,35252.5,124724,57171.5,42272.9,105501,100.128,-12.2315,172.398,7706
78617.6,39082,138546,73864.9,47854.9,113204,179.216,-31.5582,172.43,7708
64357.7,33206.7,144020,92894.4,50288,128715,202.447,0.450051,172.433,7709
76413.9,41537.7,130941,59061.2,39701.8,109943,161.352,13.1649,172.447,7711
67635.3,35170.1,131396,78881.3,52640.5,112170,140.425,-23.0332,172.46,7712
50985.2,27345.6,126426,53209.8,35998.3,111009,140.309,-19.6445,172.478,7713
77575.4,41061,132525,60175.7,42772,108105,190.272,0.78759,172.487,7714
53122.9,30761.4,121423,43848.3,30687.9,103902,102.456,15.9219,172.506,7715
60135.1,33017.3,123461,46464.7,33465.4,103224,109.606,9.39528,172.605,7717
54412.7,28770.5,138278,66021.5,38810.4,120320,226.826,-9.26625,172.626,7718
54311.8,29916.5,124084,41475.1,28937,102093,104.201,-15.4084,172.651,7719
36363.4,20553.5,123808,50859.6,34279.5,107719,85.1515,-37.3827,172.659,7720
70929.8,38724.9,124712,60712.8,43180.8,106630,142.504,3.31918,172.7,7723
62467.6,35243.8,131164,84105.4,60586.9,117712,236.704,7.70744,172.724,7725
56508.3,31788.5,122294,44672.9,32189.2,100689,103.735,-4.50075,172.838,7727
51981.5,27109.8,127018,54263.4,37950.1,107336,81.5906,0,172.847,7728
61341.3,36483.4,120135,39298,29850.7,96627.2,151.389,-7.8366,172.861,7729
48799.5,27927.3,120208,46308.1,34465.8,101033,57.2568,-13.6081,172.878,7730
65318.3,36335.3,124615,51482.6,38108.3,104843,96.1697,-3.0711,172.892,7731
62438,36104.8,124373,45481.6,33778,101807,106.759,28.4137,172.952,7733
68709.4,40823.9,127922,60156.6,43923.4,106705,164.803,14.1214,173.073,7734
64303.9,36977.8,124222,57634.7,43485.5,104318,148.102,-1.53555,173.107,7735
56453,31783.3,120801,41269.3,30388.9,100299,114.484,44.6211,173.112,7736
58988.6,33388.7,121597,49456.4,35466.4,101503,159.395,-10.0605,173.12,7738
63776.3,36127.7,124003,40518.6,30552.4,98878.5,88.0685,5.85084,173.127,7739
64871.6,37841.1,121341,40404.8,29785.4,100569,131.406,38.4868,173.13,7740
67686,35241.8,134843,73862.6,50878.1,112086,219.774,10.6893,173.138,7742
53179.5,27990.4,127865,62991.8,43380.4,107903,175.029,1.63145,173.236,7747
60361.9,33377.9,128276,56559.8,41961.4,106921,151.331,-31.8759,173.262,7748
74454,42482.3,127848,61715,47210.4,104094,169.401,-11.9667,173.292,7749
59206.2,28624.4,148049,83086,49292.7,126757,137.304,17.8912,173.294,7750
51234.5,26542.1,139585,65548.7,37030.3,120471,206.898,10.408,173.3,7751
53552.5,31510,117666,40824.1,31572.4,97077.6,78.9623,9.62033,173.315,7752
22390.5,11329.2,130873,68020.5,39594.1,120325,88.5934,0.61882,173.346,7753
59521,35653.3,120614,44789.2,34725,97267.3,34.0783,-15.0907,173.349,7754
67601.2,39884.3,123884,47498.7,33677.3,103685,88.1852,8.66388,173.352,7755
68151.3,35695.2,127642,58459.1,38050,109384,101.06,5.3445,173.425,7756
62694,32091,130739,72113.4,48585.6,111181,148.448,-13.8729,173.431,7757
55012.4,31142.9,124657,42647.6,32333.5,100148,91.6835,-30.4992,173.434,7758
53391.6,27989.2,124999,60768,44205.3,107885,121.966,-8.84265,173.445,7759
41807.4,22816.4,128057,74834,50252.3,116579,181.968,-29.705,173.487,7761
53646.8,28642.7,124852,48064.4,34892.5,105150,53.6405,-3.8124,173.494,7762
69303.4,35279.7,133017,88805.5,61505.3,114896,122.372,18.5102,173.529,7763
67768.6,37389.6,131442,61040.1,41694.4,110148,100.536,44.4523,173.565,7764
43188.9,23282.1,128736,77173.2,55074.7,114929,145.736,-29.3873,173.638,7767
76074.5,41200.6,131504,66897.7,46578.1,114883,180.019,-0.5295,173.645,7768
48552.1,27301.9,119976,43506.3,33840.7,97232.3,43.5034,-24.4629,173.652,7769
69466.7,40515.8,127309,53288.3,35075.7,110564,128.165,36.686,173.694,7770
66937.8,39935.9,127218,55524.6,41757.3,103984,22.1645,16.5971,173.705,7771
55309.1,32775.3,130739,69809,43606,122842,173.708,25.4313,173.716,7772
62336.4,33737.6,128461,51332,37768.5,104908,103.677,-21.5506,173.75,7773
81505.6,45838.1,131928,73532.3,49379.3,111991,146.66,-38.4417,173.783,7774
80294.7,42320.8,131104,68514,48158.2,111537,253.239,18.1726,173.859,7775
23962.2,11434.8,132710,40381.5,25485.4,115169,116.863,3.99428,173.864,7776
73091.8,39558.8,127883,68610.3,48291.4,108514,313.88,19.8043,173.878,7777
41254.8,18813.2,152784,60773,40610,135518,178.012,1.46267,173.881,7778
61591,32637,127635,58492.3,40011.2,106771,116.805,23.912,173.884,7780
57886.3,33292.4,124314,57421.5,40907.5,106822,136.206,17.4974,173.926,7781
60943.5,31115.6,141243,75841.8,45473.7,123906,205.814,54.5266,173.952,7782
60925.5,34486.2,124863,40984.5,29534.5,101129,55.1226,-21.7095,174.068,7784
58245,30952.3,132524,65118.9,42067.6,113938,150.697,-46.0135,174.08,7785
22290.4,18766.9,93721.9,56333.1,50940.5,91309.7,352.556,-40.1361,174.111,7786
50321.3,27362.9,121959,45493.3,33301.2,100536,82.9335,-2.3298,174.121,7787
61971.2,34303,127987,68056.9,48440.5,111032,167.333,-19.8033,174.217,7789
70058.9,40514.9,134326,65158.1,48056.1,107577,67.7923,-24.2511,174.301,7790
61501.9,34374.3,123655,47308.6,32106.4,109990,129.554,37.0799,174.314,7792
70172.2,36641.9,136275,74990.3,43708,117488,151.734,14.2902,174.318,7793
69891.9,40904.6,123769,53437.4,40017.5,102939,161.122,4.83817,174.375,7795
60051.9,31531.3,132099,60337,38351.2,111035,116.631,56.2713,174.423,7796
59530.3,34723.1,125142,55549.5,39584.9,103316,85.9101,15.9782,174.43,7797
65003,35640.1,126425,51757,37413.2,107630,138.46,-12.0197,174.435,7799
60658.3,34498.5,125548,54706.7,41168.9,102932,70.9526,-5.45385,174.541,7801
75327.2,41193.4,137980,84667.6,54620.2,116559,163.365,23.5743,174.558,7803
66915.2,41005,127661,69861.7,53855.3,107455,131.522,24.756,174.582,7805
48351.3,29735,117375,36164.3,28342.6,94052.7,74.4035,-3.3888,174.6,7806
57550.2,28723.4,136011,80440.8,45076.3,121880,278.899,23.1242,174.626,7807
43523,22962.1,124888,62141.4,43031.9,107785,202.618,1.96899,174.669,7809
60872.3,34594.1,126726,70051.4,49123.4,109749,201.191,59.7046,174.692,7810
48019.5,26896.9,122902,50747.1,36010.1,109112,140.251,-12.1256,174.694,7812
65717.2,37910.6,124549,58300.3,43684.1,103608,39.591,-23.5627,174.792,7814
75414.6,42063,127966,68757.5,50686.5,108232,174.512,80.0644,174.807,7815
73853.2,41273.7,133628,78442.7,55880,114120,158.589,-34.0468,174.833,7816
62657.2,32425.2,132008,64635.3,44510.8,112371,97.3343,18.7915,174.86,7819
63434.7,35651,124546,48512.8,34565,103473,137.998,132.766,174.864,7820
63903.2,33515.4,131050,67987.7,45848.2,113788,111.581,12.321,174.868,7821
67153.5,37704.8,128986,56635.6,41484.9,105160,162.79,32.5216,174.877,7822
63033.7,34819.8,124883,52754.6,38372,104220,123.821,-12.9727,174.908,7823
55925.6,30293.7,128229,62958.1,42376.2,110029,172.847,-23.4039,174.934,7824
66120.2,35163.7,127112,59578.8,40199.3,110597,149.255,-2.3298,174.999,7827
27463.6,11894.1,151312,64576.1,37711.7,131638,149.947,77.5703,175.013,7828
72315.4,41605.2,128821,63744.6,45279.4,108710,157.15,99.0351,175.041,7830
63829.5,30571.9,139511,85523,54838.5,121216,191.76,1.23765,175.066,7831
74554.6,41498.5,128270,62282.1,42206,111346,110.942,1.57519,175.075,7832
49263.8,25952.4,126571,49739.7,35137.4,108591,98.2077,-21.0211,175.144,7834
69233.9,35963,131258,68079.4,44788.1,111689,183.401,-7.5189,175.223,7836
70709.9,36654.3,134405,80842.9,57109.5,111789,51.5656,-18.1089,175.225,7837
83011.1,44916.7,135392,73337,47680.2,116216,213.283,-8.52495,175.317,7840
57488.1,30733.2,127131,51622.7,35760.3,104675,127.991,11.8146,175.326,7842
75516.8,41347.3,131996,59318.5,43630.8,108588,147.813,-26.9515,175.34,7844
60767.7,33165.8,124815,43856,30763.2,104627,129.091,30.3832,175.355,7845
48295,28956.8,120705,44286.7,33494.2,100006,34.4932,11.9271,175.364,7847
49873.2,27028.4,124251,49278.7,36106.3,102714,56.7825,46.7597,175.364,7848
76362.7,40946.5,131166,64022.6,46956.6,106664,128.57,-1.00605,175.365,7849
64116.5,33021.7,131347,61218.9,40867.3,111445,187.811,3.93802,175.371,7850
49958.9,27972.6,121086,46374.9,33692.8,104753,97.9748,21.0985,175.412,7852
55832.7,30692.8,124168,44082.8,31271.1,104484,57.4939,6.52596,175.471,7853
57353.7,31331.7,124938,57985.7,41249.3,104350,146.66,9.95791,175.538,7854
53638.5,30380.6,136688,66014.5,42436.1,114041,137.247,-1.059,175.612,7857
49371.4,27521,125157,63442.5,48451,104680,219.718,0.843847,175.616,7858
54118,28971.8,124406,39359.6,28337,100864,54.3519,9.84538,175.637,7859
64631.6,37267.2,123675,47349.7,37555.7,97393,80.3058,-0.26475,175.688,7860
68205,36254.8,127997,62274.2,41665.9,110887,175.258,-19.4856,175.69,7861
60461.3,34558.5,122225,46389.1,34268.9,102578,79.3128,27.1757,175.698,7862
80850.2,45114.6,130593,67903,49637.3,107940,160.892,-18.003,175.762,7863
62047.5,33847.2,126771,51344.4,36986.9,107915,150.409,38.0929,175.771,7864
71321.4,38884.9,124912,54306.7,39609.1,104493,21.394,-92.7154,175.772,7865
56746.1,30874.3,129441,54058.4,36399.7,112581,136.38,-0.79425,175.773,7866
55974.4,31060.9,127057,59551.7,45325.5,102340,116.051,1.51893,175.79,7867
49225,27631.9,122610,49021,37623.7,100994,45.8746,-1.059,175.818,7869
45973.3,25050.1,127698,55990.9,37348.6,111292,133.373,1.46267,175.826,7870
68146.8,38666.5,126890,58397.3,43420.3,107462,92.5577,-4.5537,175.864,7871
77761.9,43928.8,128326,63994.7,46722.5,108119,174.34,-35.5294,175.896,7872
42968.8,22579.2,123332,41294.2,28211.5,105307,68.846,26.6692,175.94,7873
43069,24003.3,123694,44024.8,30192.6,103452,98.1494,20.7046,175.999,7876
63024.5,35372.9,127018,50215,35992.8,103596,90.4593,-24.0922,176.039,7878
51196.9,27921.1,131663,78319.3,50805,119568,342.29,-53.003,176.054,7879
34455,21258.4,121436,55415.8,38663.5,108227,191.817,-2.38275,176.056,7880
61561.3,33841.1,124298,47552.6,33011.2,103542,80.7146,37.5301,176.06,7881
70821.9,36913,134123,75943,48289.6,114148,121.387,-41.5658,176.073,7883
47407.2,25148.2,167640,83134.2,33831.5,153120,133.141,18.1163,176.146,7884
64109.5,36286.3,123690,48833.3,35523.7,102971,49.965,-6.72465,176.218,7886
67244,35037.1,131225,62577.3,45961,109410,108.909,-34.0998,176.227,7888
49511.2,26177.9,127022,56581.2,41664.3,108054,229.325,-2.0121,176.341,7891
49605,26347.3,124028,64147.8,44167.1,155909,213.967,-1.059,176.36,7892
66897.6,38818.9,125434,51725.7,39632.2,101137,173.651,-2.27685,176.389,7893
69026.6,37731.2,125608,53327,36369.6,106476,128.454,-0.90015,176.394,7894
72872.6,37116.6,135646,87052.3,60131.7,115457,165.436,6.41344,176.407,7895
34593.5,18452.7,120387,63214.3,44237,111393,327.994,-11.5431,176.41,7896
35371.3,18560,125818,65489.7,44522.9,110016,164.228,-6.61875,176.42,7897
54623.2,28320.6,128524,70416.3,43032.1,112169,107.979,0.0562562,176.425,7898
80097.2,43620.4,130723,66684.9,47690.5,111208,148.217,17.1035,176.453,7899
35872.6,18491.9,129578,73956,49393.4,113955,287.611,-1.6944,176.471,7901
51724.6,28183.3,121697,36729,26463.5,100137,38.7018,27.2319,176.702,7909
76371.1,42008.1,128596,62127,46803.8,104971,243.562,20.4233,176.765,7911
72908.8,42127.3,125241,54298.6,41660.4,102524,188.212,-5.24205,176.768,7913
40986.3,20770.1,126380,79671,54167.7,116840,153.291,6.24466,176.768,7914
35882.8,18510.5,124826,67900.1,46185.4,114712,43.4441,12.8273,176.768,7915
73386.6,42045.8,128487,64303.4,48020.4,108150,159.28,2.25028,176.819,7916
71121.7,39046.9,128497,81083.4,59790.1,110941,147.929,-15.7261,176.858,7919
65811.3,36646.2,127140,70887.6,52634,107466,163.365,22.5615,176.944,7921
50405.3,25626.6,128661,62793.2,40989,112367,145.794,30.0456,176.957,7922
49830.8,27567.2,128057,90390.4,69488.1,112686,217.27,15.6406,176.997,7923
52443.8,29336.4,122123,45186.9,29566.1,152693,81.8826,-1.21785,177.006,7925
56154.5,30799.3,124107,47787.6,35153.2,100570,124.806,-7.88955,177.015,7926
36336,19271,123620,52147.4,35987.3,107148,110.942,-12.1785,177.051,7927
69449.7,36376.4,134515,70118,43703.3,113954,119.531,38.7682,177.066,7928
34651,19286.8,128804,42336,26833.9,114175,84.3345,1.06887,177.152,7929
72603.1,40052.1,126726,59902.8,45012.6,105952,119.299,-5.66565,177.159,7930
43191.4,25150.3,118622,38831.4,28327.2,98326.5,111,-17.7383,177.182,7931
52627.7,28892.1,124475,49806.3,37606.2,102659,145.332,-39.8713,177.289,7932
68147.5,38529.4,124524,52199.2,36713.3,104442,163.308,50.418,177.316,7934
51048.6,29404.5,123304,56100,42704.2,103396,115.935,-20.8623,177.424,7936
67069.9,37838.1,127684,55665.1,41742.8,105572,115.18,-41.7775,177.432,7937
77430.8,38853,139163,83223.2,52209.3,117847,171.527,-10.8018,177.523,7939
65103.4,35031,129573,48572,34598.6,105235,137.131,0.900104,177.529,7940
61951.2,30553.8,134858,80081.6,48291.8,119142,222.903,-15.6202,177.536,7941
57112.8,28971.7,142175,103636,64564,125065,213.682,1.74396,177.55,7943
73478.5,40523.9,128101,64277.8,49267.6,103587,89.4681,-73.6535,177.608,7944
22997.4,14632.3,118033,59800.3,40763.3,111196,112.917,-45.6958,177.614,7945
64890.9,38338.8,124684,48754.1,35520.7,100883,112.626,-18.003,177.618,7946
60225.5,29811.9,146100,99341.2,53740.4,128476,334.174,-19.2208,177.695,7949
40770.8,22938.2,122839,47042.2,34906.9,103165,94.3057,-46.1194,177.709,7951
70258,35578.8,133911,83250.1,53054.2,114226,198.449,-45.3252,177.753,7953
64932.8,33861.2,136310,99376.9,67038.4,121441,218.579,-8.6838,177.798,7954
65672.4,34468.8,130839,57353.7,38966.2,109698,119.299,-45.1134,177.8,7955
71964.9,39085,129643,58716.7,43982.5,107169,129.38,27.6821,177.805,7956
73336.9,41686.3,128410,64040.4,46093.8,106939,207.811,-10.1135,177.823,7957
64305.1,35955.9,123648,54856.7,38604,102607,97.6255,-9.6369,177.898,7958
76571.9,40976.3,128523,58395.1,42376.9,108170,159.856,5.51328,177.976,7960
32677.8,18789.8,121074,79290.2,57318.8,108029,84.0426,2.58782,177.977,7961
67701.9,36594.6,131394,61579.5,40059.1,112420,214.366,10.183,177.983,7963
72310.8,38549.2,128783,58455.1,40366.4,107779,102.049,-30.0226,177.992,7964
72625.2,39406.4,129235,59496.3,42001.8,107114,141.926,-23.7216,178.021,7965
53663.9,28377.4,125177,55745.8,40302.4,107370,158.302,22.1113,178.047,7966
60533.4,33933.6,128493,64300.2,44071,110312,95.8785,-11.9667,178.048,7967
56846.2,31269,124878,50872.5,35322.8,105409,135.859,-3.2829,178.092,7969
58972.3,32628,128948,57796.8,40415.7,108728,97.6837,1.74396,178.106,7970
70569,37922.3,130738,57854.8,40651.9,108288,106.875,3.37544,178.21,7972
64798.3,34397.4,128123,50373.5,35954.2,103272,99.0808,-12.4432,178.229,7974
65100.7,36084.2,127022,52415.1,36825.9,105632,144.12,-11.3313,178.257,7975
70253.9,40062.2,127067,57939.2,43081.9,104997,147.871,60.1549,178.285,7976
75512.2,40756.8,127561,58298,43814,104328,91.7418,-38.6005,178.379,7977
61902.4,36257.1,121416,56551.1,42554.5,103851,110.303,-2.70045,178.397,7978
79771.6,42996.5,131205,63914.8,43818.9,110821,208.267,-3.6006,178.403,7979
71015.7,36798.5,131511,79922.1,48410.3,114311,172.56,-7.46595,178.431,7981
68901.2,39467.2,121996,45981.2,34512,103250,163.653,-1.3767,178.438,7982
62129.8,31520.8,132168,64942.3,48033.5,111990,214.537,-13.5023,178.44,7983
57416.8,33316,121965,53670.1,40673.1,101180,158.417,22.1113,178.452,7984
73529.1,37970.8,135565,83863.7,52998.5,116534,120.575,-4.39485,178.634,7986
55075.6,27474.3,132464,57812.8,37185.9,112761,80.3058,-11.5431,178.673,7988
50647.1,28697.7,169655,92614.1,52082.6,145411,144.755,-10.8547,178.72,7990
55733,33070.8,119742,38995,28752.4,98058.1,114.02,48.9547,178.741,7991
68656.6,37930.5,127388,46554.1,33283.6,104232,174.225,0.61882,178.743,7992
64494.2,38646.2,124153,39433.2,29372.5,100080,87.0186,13.1649,178.781,7994
84362.9,47154.6,130478,74288.9,48033.9,113769,212.885,-28.2223,178.791,7995
45988.1,24801.1,124602,40927.2,30257.5,103207,77.0924,-5.45385,178.855,7997
70163.3,38823.2,127386,51974.8,36787.3,109080,132.563,19.8043,178.912,7998
63823.6,34749.3,131018,63231.2,44250.8,109834,98.0912,45.7467,178.943,7999
44455,22960.1,128376,62082.4,40253.2,115186,200.163,-4.7655,178.954,8000
64206.1,34425,127896,54410.1,38165.8,107755,193.247,10.2392,178.973,8002
56234.9,29238,128304,63145.4,47005.4,105316,80.5978,-7.3071,178.992,8003
50795.2,31295.5,129054,65654.3,40850.3,117536,253.748,-21.7624,178.996,8004
63886.3,33508.5,127760,57898.8,41367.3,104912,101.292,-9.531,179.026,8005
61372.8,29899.2,141130,80092.8,45276,124784,134.992,-2.48865,179.031,8007
58947.7,34020.1,123744,52441.7,39680.3,102995,105.887,2.47531,179.105,8009
77058.1,42464.5,127575,67227.1,48785.8,105014,148.967,9.56407,179.12,8010
69974.1,38701.7,132273,58772.7,40926.7,109601,154.731,29.7079,179.134,8011
57473.1,30426.8,127880,55471.9,40538.5,104470,88.885,55.202,179.158,8013
65553.4,36407.8,128852,63511.8,44931.1,108522,116.167,-4.18305,179.198,8015
75305.1,39538.1,134213,75453.8,50969.6,112756,177.381,12.4335,179.271,8017
32935.5,18501.7,114405,42858.3,33149.6,97989.3,-13.33,6.80726,179.378,8020
57303.1,34507.3,120203,44366.5,32989.1,98654.5,48.8979,3.03789,179.429,8022
70065.6,36981.4,128543,58999.4,39392.8,110081,93.7231,-3.86535,179.43,8023
26726.1,14322.2,122328,72342,48604.1,121030,106.119,-9.7428,179.435,8024
44806.3,24367.6,125144,44373,30631.8,103328,58.2646,27.1757,179.487,8025
77744.9,41491,128557,63960.2,45675.3,106973,208.552,23.4055,179.493,8026
72287.2,39128.7,126262,58928,41388.3,108323,145.909,22.5052,179.504,8027
41218.6,22476,120772,53812.4,38082.9,104102,68.2606,5.17572,179.531,8029
80672,44091.5,135618,72737.5,46949.3,117029,376.114,-10.537,179.556,8030
71653.3,37663.2,130934,69788.8,50161.5,110075,99.0226,12.7711,179.566,8031
51919.8,30146.2,121725,62854.2,46904.7,103801,112.684,-2.48865,179.582,8032
55850,31599.3,121891,39982.5,28439.9,100291,106.643,-15.6732,179.609,8033
58529.1,34080.5,122124,42866.7,33554.8,97105.8,58.8575,-0.79425,179.638,8034
51081.6,28137.9,124116,55662.7,42661.7,104053,175.602,-4.6596,179.669,8035
59448,32173,127741,46025.7,32633,106290,70.6016,15.8656,179.703,8036
66777.8,34506,132149,73605.5,53598.2,110261,78.6117,1.91273,179.733,8038
47172.5,23271.3,134441,80391.9,52115.7,117222,155.019,-13.1846,179.748,8040
52848.3,28602,129275,56696.7,39120.8,111781,113.787,-1.4826,179.757,8041
65285.3,37678.8,120777,44783.9,33293.8,100784,70.7186,3.93802,179.768,8042
43220.8,24163.7,121315,48225.2,35236.1,102719,85.0348,-11.5961,179.804,8043
66616,38894,121843,58697.3,47547.6,101569,145.448,9.50781,179.825,8044
50175.4,27502.1,124401,41535.1,30012.1,102424,127.412,5.40076,179.851,8045
72954.2,38097.4,133573,71574.9,49911.4,110633,138.634,-23.5098,179.896,8046
81206.6,44078.5,132123,66643.9,49292.8,107794,123.763,-14.0847,179.922,8048
52608.8,28141.2,127286,69820.2,47054.1,111795,212.714,-13.6081,179.987,8049
68562.7,37475.2,127461,53762.7,38684.6,103957,116.863,7.7637,180.037,8050
53843,33728.4,117417,34127.9,26564.5,92833.2,50.6171,23.6306,180.068,8051
63187.5,34496.8,126685,53790.2,38092.2,107584,108.212,12.8273,180.074,8052
75489.4,41662.5,128693,57569.2,40938.4,107230,119.415,-7.2012,180.131,8054
58782.6,32292.6,125248,50010.6,36332.7,103175,101.7,19.6918,180.177,8055
43418.2,24974.9,120555,31821,23457.7,96767.7,65.0232,32.5779,180.197,8056
31594.3,17862.1,115544,42875,29396,104904,94.6553,2.70034,180.207,8057
57567.6,30227.7,128143,61309.9,42117.1,110782,99.9539,-50.6202,180.235,8058
65300.6,35985.2,126537,54537.2,37994.4,107819,144.986,-19.9092,180.256,8059
79507.6,40782.8,134018,76936.2,49426,114308,153.118,-24.4099,180.259,8060
65801.7,38073.9,123411,42846.5,32459.2,100507,102.979,-1.059,180.275,8061
57556.5,33364,122519,48256.8,35383.1,100832,144.236,2.53157,180.334,8063
78196.3,40577.2,131962,69485.3,45711,111914,117.443,-11.2254,180.334,8064
65449.7,35445.6,129163,62923.7,42955.6,109512,167.907,32.184,180.365,8065
79684.8,42108.5,135088,81326.5,53155,117404,190.272,-12.0197,180.396,8068
74935,41266.8,127689,62151.3,46599.8,103604,158.589,-30.8169,180.404,8069
46284,26785.4,123414,52826.6,37793.8,111240,122.604,-21.9743,180.436,8071
49038.5,25229.8,126973,60167.6,46290.3,105267,86.3768,-24.2511,180.505,8073
47961.5,25513.9,127050,57506.8,40109.5,109405,83.3422,-32.1407,180.531,8076
66183,33841,130840,59026.4,40156,112642,135.57,18.3976,180.534,8077
49657.3,29318,118430,49667.3,33997.7,100655,137.709,-17.0499,180.547,8078
29096.4,15654.8,125204,33971.8,21575,105219,76.2742,8.83266,180.6,8079
59926.2,34208.5,124494,56975.2,41284.4,104674,122.082,-12.9198,180.611,8081
71923.1,36830.6,134847,78994.5,53690.8,115084,154.155,-27.0045,180.616,8083
61896.5,32643,129232,56866.7,38948.1,109635,121.734,-11.9137,180.618,8084
56957.8,34321.4,120283,36594.2,27753,95770.5,83.8675,-1.2708,180.622,8086
60312.7,33054.9,128090,67285.4,47322.2,108181,213.283,2.53157,180.631,8088
74237,39176.7,136682,85347.7,56365.1,117765,260.866,10.5205,180.664,8089
65299.3,36807.1,126397,52608.1,37187.5,104222,104.724,-37.3827,180.672,8090
63874.1,34313.5,128795,71811.5,53178.6,110152,104.201,15.6406,180.696,8092
66982.9,37321,124927,45389,34164.1,103821,82.2913,-16.3086,180.754,8094
68112.2,39203.6,126979,50598.5,36992.1,103196,49.7278,-28.646,180.792,8095
75761.1,39893.8,130763,63734.2,46384.9,108654,134.703,-14.2965,180.799,8096
66962.4,37286.8,128232,55704,40038.3,107488,97.9166,-17.4735,180.848,8097
57570.6,33056,121016,43064.7,30780.6,100890,82.5832,-10.0075,180.86,8099
82774.5,43791.1,130786,69514.6,48951.7,111103,121.213,-6.2481,180.876,8100
74414.7,38664.6,135754,80664.2,47627.4,117169,100.769,26.2753,180.89,8101
39300.4,23100,121312,46145.4,30846.6,104718,127.817,46.7035,180.935,8102
76063.6,41789.8,129301,60703.2,44931.1,107361,176.75,31.8463,180.94,8103
65829.1,35493,127291,53334.5,36453,105508,163.596,-0.2118,180.945,8104
71282.3,37687,131433,59379.4,41641.8,108152,112.684,-2.7534,180.948,8105
79153.9,40743,133707,77608.7,56022.4,111206,152.426,22.2239,180.951,8106
48870.6,26757.2,134036,55026.7,38387.6,111534,38.5833,-10.8018,180.958,8107
45380.8,25852.3,125137,61432.6,46637.8,107657,76.8002,-44.9016,180.961,8108
31998.7,17468.8,123203,49199,34631,105181,74.4619,8.7764,180.991,8111
80598.2,43133.4,133940,65681.4,44247.7,112017,119.705,10.9706,180.992,8112
29935.9,14981.4,167288,44991.9,29194.5,146098,193.876,0.225025,181.021,8116
79162.9,44234.3,131533,67645.8,46713.7,110521,154.155,-2.5416,181.049,8117
51614.7,25749.2,131959,68260.2,46300.3,112467,174.914,3.1504,181.053,8118
73580.2,36633.3,138010,69173.3,41798.9,117657,211.46,17.0472,181.067,8119
43900,23048.3,128338,69101.2,45743,114323,186.609,-14.0318,181.082,8120
54718.8,29549.1,131066,79863.3,56323.3,114265,266.001,11.3082,181.181,8122
32257.7,17526.9,117021,45434.5,31920.1,103719,78.0274,6.751,181.195,8124
66669.8,35159.5,126111,55472.9,38234.1,106904,174.053,-2.06505,181.207,8125
57314.6,32704.7,122325,45250.6,35609.7,98233.1,81.8242,-1.74735,181.212,8126
63397.9,36860.2,121565,42507,32502.8,98383,70.0164,-35.1059,181.365,8128
65305.2,33606.6,128699,64250.5,45105.5,110445,142.735,40.4002,181.397,8129
43188.8,28778.4,111332,41442.3,33098,95901.4,104.666,3.09415,181.397,8130
63806.7,34590.5,127024,55773.1,38061.1,106985,118.023,-18.9032,181.408,8131
36678,22835.4,123686,66933.7,47587.6,111600,57.1975,-5.8245,181.419,8132
43467.2,27301,113943,34629,27093.5,93866.9,10.4297,-4.60665,181.428,8133
58693.5,35682.2,120875,48916.6,37032.8,104603,187.926,6.97605,181.429,8134
55249,28117.8,133990,70070.9,44457.1,117254,131.232,16.5408,181.457,8135
27001,13046.8,131437,39111.4,27055.5,106959,245.375,-11.1724,181.521,8137
51080.1,27030.7,128117,58537.9,39807.3,109284,93.6066,24.756,181.53,8138
70978.3,36519.5,134105,72419.8,46315.6,116186,179.904,21.4924,181.534,8139
69433.9,37905.6,127972,60677.2,41761.8,109587,129.554,-10.3782,181.622,8140
72116.3,39026.9,129290,68498.2,48424.3,108183,135.628,12.2647,181.688,8141
65244.9,34801.6,132554,69424.1,42760.1,114061,194.219,-14.9319,181.69,8142
53416.1,26807.6,133673,78543.2,49069.3,117099,230.291,7.03231,181.697,8143
65855.3,36806.1,127952,59233.3,42083.8,108361,182.484,-0.90015,181.708,8144
53688.2,29579.6,124470,43966.5,33451.2,101159,87.1936,14.3465,181.712,8145
67463,37582.9,128181,61320.3,44120.6,109728,143.428,14.6278,181.717,8146
69293.7,36276.8,133712,60402.6,39485.4,110077,99.6047,11.3645,181.81,8147
65407.5,35794.3,128699,71645.6,48783,111600,99.7793,-11.9667,181.817,8148
68548.7,39772.6,127118,52169.3,39330.3,105154,65.9773,-12.761,181.827,8149
61477.5,32553.4,129568,68337.2,50713.5,107217,131.059,-49.6142,181.837,8150
33408.6,18372.6,136529,57367.1,33687,124408,214.822,-2.3298,181.842,8151
32809.5,17846.1,118090,44375.6,33883.5,104435,78.7286,2.36279,181.956,8153
53271.8,31798.3,124473,52392.9,40592.4,103557,128.686,11.1957,181.961,8154
64073.6,35955.3,125076,52255.6,37970.6,104869,126.717,57.7347,181.971,8155
80673.9,42949.8,128251,67562.3,52564.6,105089,188.441,7.31361,182.004,8157
76425.7,41237.6,131132,62105.2,45908.3,108060,105.596,-10.7488,182.009,8158
77269.5,39920.9,134622,80230.5,56559,115143,118.835,-27.0045,182.023,8159
38707.2,20773,124238,51310.7,34653.7,110849,90.5176,-24.6217,182.026,8160
65118.1,35421.6,128044,55067.1,40384,105599,130.422,-13.5552,182.03,8161
36729.3,21582.3,144447,66717.9,48031,124702,179.732,34.8851,182.036,8162
70575.8,38884.1,126789,55095.8,43077.2,103299,153.694,-28.8577,182.076,8163
68442.8,35064.1,134039,72381.2,52817.6,111503,160.489,-19.9092,182.136,8164
66257.1,38932.2,123981,59622.6,43921.2,103109,157.611,3.71299,182.201,8165
61347.1,35785.3,121898,51096,36953,102775,155.077,-2.118,182.227,8166
47623.1,23881.8,130637,65552.8,46558.8,109521,184.719,-0.68835,182.233,8167
75248.5,39350.7,131932,67291.3,51378,107203,129.091,-2.4357,182.235,8168
59300.2,32890.6,124655,45786,34404.2,100493,60.9325,1.23765,182.238,8169
77801.6,42347.4,130957,80723.9,54509.5,112625,220.685,-36.9062,182.243,8170
37855.7,20552.8,152765,83683.1,59399.6,128833,265.098,20.7046,182.255,8171
66211,37429.7,124986,43287.7,31057.9,103094,109.258,16.6534,182.289,8172
49058.4,24633.4,130928,66841.8,43033.7,115080,148.448,-14.5612,182.316,8173
58626.2,31450.7,127373,59984.9,42577,107346,198.792,-0.90015,182.329,8174
21779.6,16054.7,96773.2,47386,40266.4,90884.9,207.013,-7.0953,182.343,8175
60395.3,34843.2,124238,49680.9,37008.8,102681,94.7718,-0.7413,182.359,8176
63476.6,32852.2,139368,86096.3,54700.3,120592,224.154,5.40076,182.442,8178
57325.6,32250.8,121543,52017.8,40708.1,102936,62.2367,-7.14825,182.46,8179
56929.2,32560.1,122761,35749.1,24841.4,99496.1,44.8075,15.2467,182.463,8180
73016.8,37685,134729,79924.5,53923.9,113910,150.236,-17.2087,182.536,8183
52442.3,29442.2,122589,47368.7,36181,102860,140.771,-19.0091,182.546,8184
37988.3,18720.7,130765,69874.5,45897.3,115323,104.491,-0.90015,182.573,8185
55596,31664.8,121474,47363.4,35092,101265,139.443,-4.60665,182.58,8186
47717.6,25447.4,128340,63357.8,46701.2,106545,115.819,2.36279,182.59,8187
64442.1,35439.1,124232,65295.4,46385.9,104790,199.763,50.418,182.633,8188
64894.1,33162.4,135168,80808.8,56570.8,117255,187.754,8.55136,182.652,8190
70652.5,35680.3,131189,66355.3,45437.6,110864,89.9929,43.6081,182.726,8191
63575.9,35535.4,125756,50445.4,34948,105255,165.493,-14.7201,182.73,8192
35179.7,17955.2,131579,74070.1,49613.1,119654,308.514,26.3879,182.805,8193
69995.4,34914.8,136494,78953,48830.7,117069,273.946,30.0456,182.807,8194
70196.4,39119.2,127120,56142.2,40671.7,104935,117.153,-1.11195,182.835,8195
59819.8,32724.5,124656,59306.3,42990.5,107818,97.8001,36.292,182.839,8196
61257.2,33271.8,127031,60589.6,40720.4,110324,96.4609,-31.9289,182.839,8197
70819.8,40534.9,124744,55363,40956,104544,164.343,0.112512,182.904,8199
63815.7,36681.6,124684,44143.3,31177.5,104021,118.197,-23.1921,182.932,8200
60266.7,31036.3,130378,53619,40818.7,104315,158.071,3.09415,182.94,8201
59689.1,33575.8,123593,40761.5,30109.4,100706,82.2329,9.73286,182.97,8202
64010.9,37707.8,121367,54995.2,40223.8,103929,81.5322,-10.1664,183.005,8204
76951.3,41766.5,127774,61585.8,44759.7,106597,193.018,10.5205,183.027,8205
71203.7,41292.8,126771,53783.2,37744.7,105711,73,-6.2481,183.15,8209
38652.3,19461.8,129298,58914.5,41522.6,110078,169.459,-9.2133,183.164,8210
74678.4,40692.8,129028,65917.5,46595.6,109821,178.356,25.1499,183.197,8212
59965.1,33153.8,127133,58368.4,41599.9,107154,70.0164,5.23198,183.203,8213
54050.4,26459.5,144111,101022,51742.5,131540,156.977,10.8018,183.23,8214
49635.6,25943.2,127934,58100.1,42306.8,107100,156.632,0.337538,183.243,8215
64039.8,35778.4,125711,51795.1,37561,104235,105.596,-2.06505,183.271,8216
42015.4,22862.9,125613,52631.9,34797.8,107846,139.731,-0.4236,183.29,8217
64531.2,33476.8,136361,92125.9,58636.8,121208,248.771,-3.33585,183.323,8218
67872.7,35780.3,128067,61767.4,47324.2,107842,127.354,-20.2799,183.327,8219
58585.1,31953.3,127040,45789.3,32586.3,104897,45.8746,8.94519,183.329,8220
70648.1,35674.1,135082,77652.5,48553.4,118136,168.08,15.9782,183.331,8221
41103.1,21214.4,144323,85120,46489.5,128957,167.792,13.2212,183.372,8222
62633.9,33180.1,127291,57627,39424,108652,81.4738,21.2673,183.384,8223
67186.1,37906.7,126832,55681.1,41409.4,104281,61.7032,-17.8971,183.395,8225
69791.8,37198,131252,52846.2,36580.6,107612,147.525,-6.93645,183.429,8226
57196.7,30923.9,151649,88617.6,46630.4,128415,180.363,-29.5991,183.499,8227
76542,40247.2,134404,73874,48154.3,114966,142.446,-18.5325,183.535,8231
54018.2,30957.6,129779,64160.4,46717.1,110507,151.907,1.40642,183.663,8233
63542,33842.2,134301,73681.9,49740.9,113350,125.385,-5.9304,183.668,8234
60224.9,34673.5,122572,47420.2,34477.4,102638,148.044,16.4846,183.686,8235
67300,38116.6,123497,50801.2,39164.3,101124,97.7419,5.00695,183.705,8237
56155.9,29870.1,128625,54750.4,37552.1,108134,72.1811,-8.7897,183.746,8238
56400.8,31902.2,123659,56715.6,41790.3,104190,111.697,42.5951,183.801,8239
59859.3,32993.9,128531,63117.8,45019.7,109359,118.255,15.0217,183.83,8241
69016.9,37719.4,166079,61818.3,39631.3,155782,165.148,41.8635,183.882,8242
79844,43365.5,128920,74134.7,52716.8,109990,218.522,-47.0196,183.896,8244
57981.8,29526.2,138504,107460,67551.3,124586,259.511,15.0217,184,8245
72403.9,39749.4,127179,54459.7,38295.7,105158,140.945,5.3445,184,8246
68402.9,38808.7,124820,57076.5,42788.7,102979,191.302,-1.8003,184.001,8247
80168.5,40717.9,139068,78691.2,46696.2,119697,165.953,-30.1815,184.003,8248
78218.6,44785.1,129394,83009,58675.9,109432,249.902,3.93802,184.021,8249
63461.8,33849.4,133765,85320.2,54801.5,118125,281.936,20.0857,184.028,8250
66406.5,40428.9,122634,60356.4,47156.1,104791,160.259,38.0366,184.098,8251
61259.1,32648.6,126691,64533.8,51190.4,102970,131.174,12.2647,184.102,8252
71040.7,37688.1,127894,60344.5,42139.1,110324,149.486,-0.3177,184.122,8253
50720,27784.8,123831,49179.3,35678.8,103466,70.3675,51.3185,184.197,8255
48751.9,24878.3,127322,69717.9,47110.4,117499,189.242,6.35718,184.199,8256
61112.8,35164.6,121144,50659.4,36679.6,103225,162.273,-1.9062,184.245,8258
75248.3,38695.6,131795,67802.7,46096.4,110664,145.794,19.6355,184.314,8260
72079.5,38512,130858,62518.3,43356.3,109762,134.24,-5.8245,184.341,8261
70111,39556.3,128470,73822.2,48784.6,111230,166.126,65.749,184.365,8262
76160.9,38615.4,134562,72195.1,51287.8,111200,139.096,31.0585,184.379,8263
62775.5,36252.4,123859,46925.9,34339.2,103600,138.345,0.337538,184.384,8264
76745.6,41486.6,127629,59239.6,44224.5,105063,141.06,-4.8714,184.385,8265
54031.7,26566.6,157102,76770.3,53911.8,127552,83.1087,80.286,184.386,8266
79883.5,43701.8,132303,78706.6,59370.2,109349,120.343,-13.3434,184.391,8267
65713.8,32759,135185,75730,50761.1,116787,173.995,-4.18305,184.396,8268
64448.4,37086.1,124000,45146.4,32580.9,103176,25.9578,28.1323,184.41,8269
59925.4,31275.8,128221,61501.4,42828.6,108770,182.885,21.6612,184.419,8270
26759.8,12059.5,154669,41747.9,26453.6,125039,64.5489,-25.9455,184.538,8272
55802.9,31559.2,127056,72971.7,52059.3,107072,190.158,24.9248,184.671,8273
62617.3,32865.8,127508,55132.3,38856.4,107791,85.0931,5.68206,184.682,8275
59052.1,30913.3,128319,58853.7,39701.8,110132,92.4412,-19.8033,184.741,8278
29626.1,13770.6,147611,64306.7,41463.6,131381,145.448,-5.1891,184.768,8279
67636.1,35011.8,134066,77571.1,52270.2,117578,154.501,-9.9546,184.772,8280
66143,38523.6,121274,52969.8,39793.6,100604,221.481,30.4958,184.781,8282
67404.5,37961.8,124706,59858.6,43397.2,103475,30.0476,-132.375,184.792,8283
74285.4,40051.8,131123,59874,43426.9,107449,124.632,-0.5295,184.799,8285
69961.1,39457.2,125019,57760.1,44039.3,100862,158.474,1.91273,184.799,8286
37130.7,19324.5,127380,59870.4,38831.9,111910,193.19,-20.8623,184.803,8287
58714.4,33992,121663,48669.8,35535.4,106567,52.3363,-4.4478,184.825,8288
60536.2,33284.7,123138,49356.7,34625.8,104097,83.4589,3.31918,184.832,8289
76314.9,42255.3,129097,66062.8,48009.1,109978,127.817,-11.0136,184.855,8291
36811.6,20672,120880,54635.9,36865,110170,163.596,-0.3177,184.867,8292
59265.9,33589.2,121863,45650.8,32998.8,100444,188.498,12.8836,184.875,8293
60130.5,31705.8,131549,76672.7,55970.4,111026,189.929,-2.91225,184.915,8295
64157.3,39437.2,119910,39467.9,30113.1,97397.5,56.4861,-20.121,184.951,8296
79795.5,41716,134439,80177.8,53335.2,113461,209.009,41.4695,184.964,8297
75475.1,41108.9,129324,64620.2,43829.4,108363,205.872,17.3848,184.985,8299
65605,35178.1,134939,87813.4,59637.6,117206,328.328,15.7531,184.991,8300
23427,12527.3,122153,66005.7,44141.7,110684,133.315,-25.6278,185.006,8301
75128.2,38553.4,136955,69383.5,45478,113933,170.435,26.8943,185.019,8302
76310.8,41189.9,131618,66499.6,44039.1,111716,160.662,-12.8669,185.023,8303
66218.7,36391.1,125608,56314.5,40564.6,104596,155.768,-5.7186,185.077,8305
71145.4,35583.1,135693,71453.7,47786,114097,196.506,2.53157,185.137,8306
61804.5,36076.9,124526,49467.1,37424.9,103221,160.259,-33.0408,185.178,8307
57139.5,31916.9,121993,43951.6,31069.3,103268,100.536,-5.9304,185.18,8308
57040,29064.9,129148,58508.2,42137.5,109535,172.445,-8.63085,185.271,8310
56231.6,31944.5,123391,52236.9,38466.9,100294,51.1506,-0.05295,185.292,8311
65990.5,35694.7,132365,78625.1,56028.9,110933,105.771,-24.4099,185.301,8312
54646.7,32148.1,119908,39652.6,30096.2,98776.6,135.744,-21.9213,185.308,8313
54481.6,25561.7,142600,103409,63215.3,123618,206.784,12.1522,185.326,8314
68442.2,35661.7,131266,67553.1,47787.7,111472,204.103,13.8964,185.345,8316
54128.8,31329.8,124403,73057.5,56432.6,106726,186.952,29.5391,185.402,8318
65602.2,34209,132161,64265.7,45517.1,109736,45.0447,-15.1967,185.412,8319
63682.4,34511.3,133891,70100.9,47014.6,117498,201.762,8.32631,185.422,8320
61552.1,33993,125148,52811.6,37654,104923,142.504,1.63145,185.437,8322
67217.1,37940,126857,58983.2,41364.2,108808,198.106,16.6534,185.464,8323
32477.5,18006.6,124375,52715.9,33933.4,110466,101.525,18.3414,185.467,8324
60407.1,33238.7,129251,63147.5,43343.3,110147,128.223,49.63,185.501,8325
38082.9,21085.7,121750,64819.9,46172.8,106447,127.875,-26.5809,185.68,8326
69560.4,37607.9,128851,62197,45956.1,104583,251.769,-4.9773,185.702,8328
38507.2,23495,125209,42004.5,30771.7,102844,202.39,17.835,185.709,8329
69640.9,39669.5,128001,67392.2,51493.7,106839,109.955,-15.8321,185.713,8330
60638.5,29098.3,145283,91114.8,53135.3,124982,196.906,-6.6717,185.735,8331
56087.1,30029.9,127927,63915.2,43642.4,109845,50.7356,24.1933,185.755,8332
66756.3,40354,122288,52377.4,43791.1,96831,136.842,-61.6338,185.788,8333
61235.2,33611.6,124865,49685,35759.5,104949,141.984,-21.6566,185.798,8334
47809.5,29725.8,114460,33364.7,25369.6,96542.6,79.6049,21.7174,185.806,8335
62112.1,35395.9,122372,47950.4,36299.6,100911,86.8436,-16.2556,185.887,8339
36690.6,19414.5,127396,61808,40478.4,114477,324.037,-1.2708,185.924,8340
62364.3,38031.8,122056,44780.4,33420.8,101357,68.7874,28.6387,185.956,8343
83249.2,44609.6,128919,70979.5,46614.8,110257,183.917,-9.68985,185.99,8345
66378.3,34814.1,132173,66294.9,47142.1,109186,126.312,-2.06505,186.006,8347
75199.8,42332.3,126809,57690.8,42459.1,104254,143.658,6.13214,186.007,8348
63845.2,35025.9,124970,52209.1,38072.1,104169,132.968,21.9988,186.011,8349
74201.2,37978.1,133646,69831,43910.4,114601,170.091,6.58222,186.012,8350
61336.3,29393,137674,81225.4,46061.2,121642,222.391,-0.68835,186.096,8352
58549,30304.8,128771,65746.5,44076.6,110482,125.501,43.7769,186.096,8353
74795,42057.7,125678,59659.2,48297,100865,73.9357,-10.6959,186.157,8355
40568.9,20054.2,128020,54759.8,40205,107043,206.955,35.5605,186.264,8356
70325.8,38488.4,127094,51564.5,37489.5,103545,90.5176,13.6713,186.271,8357
61841.8,36721.3,119753,47334.7,36877.4,98441.6,34.2561,13.1087,186.284,8358
55269,29727,127105,57380.7,39436.6,106701,93.0239,0.281281,186.307,8359
80530.2,43431.7,128499,77127,59730.5,108371,197.821,-15.2496,186.312,8360
56414.2,27650.7,136242,99598.6,60773.7,119556,188.842,-42.1482,186.314,8361
57110.9,33197.5,121477,49622.7,38398.3,102660,173.077,0.562564,186.319,8362
71071,37461.4,129643,68528,48746.5,110097,174.397,24.8123,186.365,8364
75621,40438.3,130896,62061.7,42260.3,110476,161.064,23.0679,186.442,8365
78004.4,42433.8,127789,65569.5,45893.8,107856,197.992,-12.6551,186.467,8366
74504.5,40177.1,130900,56007.9,39207.3,107206,157.15,-48.0257,186.49,8368
76968.1,44154.3,125489,62706.6,49596.2,101525,142.215,37.0799,186.504,8370
46684.3,24473.3,123690,72352.7,52338.7,109682,122.546,-0.7413,186.506,8371
74229.5,41702.6,127850,64724.8,45910.5,108069,210.605,12.1522,186.537,8372
61918.2,34117.1,127420,60936,43070.4,108394,118.661,-29.3873,186.541,8373
79973.9,43518.5,128463,65171.5,44242.8,107102,160.892,2.36279,186.552,8374
60765.1,33934.1,121815,49869.5,37732.4,101850,65.0232,-11.649,186.559,8376
48323.1,26605.2,128522,87088.4,60393.4,113868,233.3,18.1163,186.635,8378
74286.1,40382.1,128772,63075.9,45752.2,107545,47.0009,-3.54765,186.65,8379
75506,44477.2,127328,60083.2,46561.5,104367,130.364,16.5408,186.661,8380
47289.1,23326.5,131159,73677.6,52667.2,111956,130.364,15.0779,186.664,8381
63801.7,34732.7,124831,48796.9,37109.3,103527,104.724,4.83817,186.701,8383
61190.3,30578.8,135400,81720.4,56751.4,117355,93.4901,-3.12405,186.723,8384
66484.6,37612.9,123733,49778,37384.5,100496,148.563,32.2965,186.726,8385
61546.1,33934.7,124040,51656.4,37757.6,100467,117.791,3.37544,186.736,8386
79257.8,40702,133913,78532.2,50872.5,112433,167.218,-9.0015,186.748,8387
63308.2,35803.9,121562,52717.1,38596.1,101406,156.805,5.56954,186.76,8389
52358.9,29120.9,121004,48052.3,36060.7,100392,83.2838,28.3011,186.809,8390
65105,38055.7,122296,45920.3,34209.1,103889,70.8941,-5.5068,186.918,8392
46612.9,25926.8,121270,38135,27248.6,99283.3,77.3847,1.06887,186.922,8393
63007.5,36987.1,120761,45812.5,33839.8,99902.8,80.6562,-17.8442,187.006,8395
55745.9,31290.8,128356,53770.4,38934.8,107170,119.241,56.609,187.055,8396
58570.7,34817.2,121838,51921.8,37455.7,102491,121.966,-2.06505,187.06,8397
58665.4,30605.8,128504,69194.5,43275.6,115676,74.4035,-37.118,187.07,8398
59830.9,28858.3,136803,104208,65605.2,126476,402.524,-15.6732,187.076,8399
77264.6,41013.7,130992,58416.5,41447.5,110127,115.529,17.7787,187.11,8400
39864.3,19390.8,133749,76741.2,48562,119572,294.289,-12.2315,187.198,8401
60388.4,32961.1,127250,61715,42209.2,107307,20.9791,-5.8245,187.306,8403
66219.5,36495,125053,47657.5,36218.1,99632.7,141.926,-3.65355,187.343,8405
63886.5,34680.6,126898,65223.6,45495.4,108348,118.777,-14.0847,187.367,8406
63339.3,33625.9,129190,54056.1,35807.9,107718,169.803,-0.37065,187.416,8408
50807,28656.6,128338,66352.9,45708,111436,58.0868,12.546,187.446,8409
48787.5,26555.2,121985,45363,32266.5,102420,56.5454,-27.7458,187.451,8410
46760.8,25409.5,121657,45329.5,32113.2,102841,81.4154,-34.5234,187.451,8411
73418.8,38514.7,130204,63622.9,41752.5,109402,116.457,-22.292,187.47,8412
55497.9,31436.1,120379,51844,37651.6,103815,118.371,-11.3313,187.473,8413
20435.4,13342.3,126343,49526.8,32849.6,114977,92.7908,-2.5416,187.482,8414
81306.1,46472.1,134274,72739.3,47745.5,114540,195.134,33.3094,187.59,8417
74953.1,40822.9,128148,58098.8,43042.6,104494,113.613,3.31918,187.592,8418
78767,41624.7,132686,67943.5,46276.8,111415,177.152,-11.7549,187.595,8419
34807,18797.7,120127,43871.4,31446.2,104004,115.297,-6.83055,187.609,8422
52883.6,27779.5,127110,59276.1,37392.6,115292,269.101,-5.24205,187.627,8423
30525.3,22920.8,118253,75641.5,56132.1,113855,240.333,-0.9531,187.672,8424
55328.5,27803.8,138961,81786.8,47746.2,119786,135.397,-6.8835,187.691,8425
49392,27200.6,127354,58086.8,41258.1,107914,140.136,-22.7685,187.703,8426
67421.1,38688.5,131042,69344.3,45072.3,114195,181.166,20.7046,187.768,8429
43133.7,23029.4,122082,47950.2,32913.4,104284,124.226,10.8018,187.778,8430
65577.8,40177.2,120468,43162.5,32938.4,98004.8,180.478,104.387,187.78,8431
64912.1,35853.1,128254,53169.1,38031.2,107055,114.426,-34.3645,187.907,8433
60680.1,33301.9,131314,108707,71847.9,121648,220.912,-20.3328,187.908,8434
68063.7,37362.2,131297,58537.9,40598.9,110245,232.675,-5.77155,187.936,8435
65424.7,38360.3,124658,52553.7,37004.4,106443,136.091,7.03231,187.99,8436
63286.5,33990.3,131388,66791.6,41755.9,116869,117.675,-9.6369,187.994,8437
43683.8,24928.3,120836,52101.4,38530.6,102661,75.5727,-6.9894,188.035,8438
52543.4,30478.3,123729,60956.9,45577.4,108025,254.031,-25.7337,188.053,8439
44099.3,24796.5,121525,54088.4,40304.6,102659,60.4582,-90.3327,188.071,8440
49615.5,28014.6,124615,48898.9,32153.5,106423,110.013,59.4232,188.112,8443
40703.9,22175.7,123433,61714,45126.6,107973,129.959,-3.2829,188.113,8444
55780.2,31630.7,124503,66381.5,49840.7,105291,98.4405,5.85084,188.18,8445
48679.5,25806.9,123996,49263.8,35388.4,108643,224.438,20.9297,188.197,8446
69879.7,37504.2,130940,54237.8,39357.5,106923,97.8001,-5.87745,188.214,8448
47170.9,25791.4,121762,51557,38120.5,102460,95.762,22.1113,188.249,8452
64157.5,36726.5,127702,52814,37911.6,107772,59.7467,-6.8835,188.299,8454
56729.2,32800.4,121915,52127.3,39158.7,103463,82.7584,39.7812,188.311,8455
52028.6,29102.8,122310,41918.4,32337.2,97099.8,91.7418,1.01262,188.324,8456
53770.6,29876.9,123696,49224.8,36260.1,106617,186.551,-24.8865,188.328,8457
76308.5,43334.5,127988,62188,46807.5,105223,95.0048,2.30654,188.371,8459
77904.9,40762.4,135445,81827.4,54451,117016,203.475,3.82551,188.377,8460
67440.5,34983.2,139434,98515.7,60226.3,122542,177.725,11.6458,188.393,8461
63735.7,38124.5,120305,39476.7,30879,95957.3,85.8517,-3.65355,188.496,8464
68811.7,39628.1,124701,49807.2,36326.2,103043,162.33,-19.9092,188.5,8465
62352,32895.1,130666,58390.9,40776.3,109662,107.108,-48.1845,188.501,8466
53846.3,27376.8,151284,72390.9,40754.5,123405,153.463,22.1113,188.511,8467
65411.2,36575.8,127567,59527.2,40860,107224,101.525,9.2265,188.517,8468
40244,23082.5,121041,55984.9,38261.8,108136,145.563,3.65673,188.55,8469
64843.1,35106.2,134079,63751,44847.2,109692,73.3509,-46.2253,188.556,8470
64288.9,34448.7,134511,87228.1,59941.6,125439,222.107,-4.9773,188.58,8471
68036.1,37856.7,126971,48524.1,34780.3,102847,102.863,-11.8608,188.713,8473
69389.3,38620.4,128392,53925.5,37873.9,104918,124.516,-4.28895,188.807,8475
59022.3,31208.3,127116,59356.9,43071.3,108960,139.616,5.17572,188.817,8476
59161,33972.2,121907,54011.8,40933,105065,159.108,-24.8335,188.82,8477
75484,40007.1,132086,73857.2,49559.3,112016,197.306,-1.64145,188.904,8479
62470.5,31646.5,135693,69578.4,50113.2,109033,166.011,3.54421,188.911,8481
64143.8,36339.6,124277,59962.1,41885.3,106789,137.536,-24.6217,188.914,8482
76321.6,38652.2,134849,71787.9,44877.5,114291,162.273,-16.7852,189.027,8484
61029.5,32363.7,128684,69576.2,51824.7,110742,164.458,1.40642,189.03,8485
67827.6,37652.7,127113,62511.8,46051.4,104573,128.107,-0.68835,189.049,8486
38336.6,20913.2,124362,44281.9,30112.6,104352,81.0067,-7.6248,189.076,8487
44306.3,20856.5,168423,62816.2,41579.2,144184,239.766,-11.702,189.097,8488
57001.9,31211,123540,48268.8,36816.1,100988,131.464,-22.9803,189.146,8490
75963.3,38463.2,134211,78302.1,53626.1,113693,199.649,37.8115,189.147,8491
28121.2,17182,135204,65024.8,43351.8,123816,119.067,-15.9909,189.149,8492
48191.4,24119.1,134339,81804.2,53377.9,117261,212.885,-27.7987,189.164,8493
24993.7,14123.7,119891,53700.8,37074.5,108651,155.941,21.3798,189.192,8494
72770.4,39578,128424,61304.6,42375.7,110040,92.0332,-1.9062,189.196,8495
60868.8,33006.4,128278,63347.9,46931.6,106963,109.141,0.78759,189.219,8496
73407.1,39955.4,127441,64931.6,49604,104639,176.807,-8.73675,189.223,8497
59641.3,32569.3,125182,51447,35645.8,106539,152.253,15.1342,189.272,8498
73963.9,39437.5,139243,87049.4,55501.9,120453,149.428,2.98163,189.281,8499
60306.9,33893.5,121215,46731.2,34707.1,103335,34.3746,-5.55975,189.283,8500
59527.1,31073.3,129430,68913.2,51600.7,106972,166.585,12.8273,189.301,8502
70833,39243.3,127236,56290.2,40603.4,107259,155.422,32.4653,189.345,8504
69434.7,38536.1,124639,49141.6,35384.9,103196,67.9679,-33.835,189.529,8508
47719.6,28713.4,117145,33368.8,24029.2,98185.5,138.171,-34.947,189.536,8509
49176.2,29323.3,121860,38711.8,27385,101429,104.259,14.4027,189.58,8510
70798,37886.3,131169,66473.5,43815.8,112459,105.48,-1.85325,189.634,8511
80046.8,40200.4,137793,69774,42523.3,117082,360.089,18.4539,189.641,8512
33846.4,17993.5,124616,55270,36547.3,113656,219.945,0.61882,189.649,8513
35369.3,21116.1,114934,41050.3,31801.7,96907.5,54.3519,-10.4312,189.67,8514
54800,33001.4,118670,47563.6,35509.6,100048,108.618,9.2265,189.745,8516
57294.2,32085.5,121403,50459.4,36973.5,103390,86.4352,-28.8577,189.754,8517
63479.3,33154.6,131390,69613.5,47855.1,110783,167.103,10.0142,189.756,8518
66069.3,35926.5,134949,89064.5,60162.5,116964,172.101,-27.2163,189.76,8519
56871,33060.1,120960,41246.8,31578.2,96874.9,121.908,47.0411,189.763,8520
59489.5,34775.1,120784,44569,33351.4,97715.4,160.431,5.9071,189.763,8521
59625.3,33052.2,124745,47116.5,30836.8,109626,40.5987,29.314,189.831,8523
41097.9,22794.3,122285,57243,37462.4,110230,147.756,-10.0605,189.833,8524
73281.8,39102.2,128907,54411.8,37883.6,106950,105.189,-38.6535,189.836,8525
64687.6,37919,120867,40123.4,29350.3,101509,79.8385,1.51893,189.846,8528
60286.5,33712.4,127536,49454.3,36313.3,104370,87.6019,1.01262,189.854,8529
58103.9,32244.9,124847,51634.7,37313.2,103685,173.594,3.1504,189.874,8530
57566.2,32155.6,121867,47726.1,36574.5,100098,168.31,1.85647,189.948,8535
76973,42124.2,127821,59266.2,43645.7,104385,124.69,-3.54765,189.985,8536
70949.9,40396.5,123832,59330.4,44510.4,102997,84.1594,-25.8925,189.99,8537
67890.1,36535.6,127994,62818,43421,107560,144.64,-26.3691,190.027,8539
75492.2,41758.1,130515,59794.1,39519.7,111872,228.587,-36.2708,190.04,8540
49278,26852.1,121526,51582.5,38696.4,103671,83.9259,-31.2934,190.133,8541
74025.4,40769.7,128109,71879.7,52236,107880,150.236,29.4266,190.134,8542
57660.1,28344,145173,77217,40267,126710,230.007,14.9654,190.17,8543
61867.1,35240.2,127585,52254.5,39126.8,105351,118.023,-25.8396,190.188,8544
53280.1,28063.7,127849,53679.2,35547.1,110096,121.387,-16.3086,190.253,8545
72256.8,38831.7,132645,64906.7,46518.3,110004,112.104,-1.00605,190.261,8547
75791.7,43479.4,128939,66657.6,47988.1,110664,224.438,9.28276,190.304,8549
64435.1,37820.1,126561,46789.3,33998.5,104024,103.037,-57.5037,190.307,8550
67921,37980.5,131522,70491,50356.2,110728,128.396,-52.5264,190.351,8551
67054.9,37732.2,124828,43752,32006.4,101524,42.0214,-58.5627,190.409,8552
63194.4,37097.2,124427,55060.8,41248.9,102731,166.873,22.8991,190.409,8553
70002.9,38965.1,126987,47827.6,34953.3,103482,92.0915,16.7096,190.423,8554
44414.3,23594,123880,45452.2,32353.6,104794,145.736,1.51893,190.462,8555
66920.8,34846.7,131363,84324.6,52698.6,117250,237.385,29.8205,190.473,8556
66226,35911.7,128458,66132.7,47255,105828,110.768,7.53865,190.486,8558
65468.8,36431.2,124635,42705.1,30942.1,100613,103.037,2.47531,190.529,8560
52152.6,30767.7,128231,64965.8,50604.4,114520,113.439,1.63145,190.536,8561
69036.3,38384.3,125489,52705.2,38539.7,104051,163.538,-0.37065,190.607,8563
52718.6,28310.6,123973,55343.2,41223,108154,144.64,0.506307,190.661,8564
53111.6,28788,123215,47889.1,34467.3,104599,130.075,15.6406,190.668,8565
54297.6,31830.9,119878,52172.4,40126,100654,91.1006,6.24466,190.692,8566
69279.6,37932.1,127352,51693.5,38020.2,103679,148.621,-43.0483,190.76,8568
61632.9,33899.4,127877,48193,33243.5,104802,111.929,-27.9046,190.836,8569
61015.6,36399.4,120847,36759.3,28393.1,95777.1,75.865,-4.18305,190.942,8572
66685,37903.8,124802,50203,38312.6,101066,84.1594,4.61313,190.968,8574
55660.7,34613,121131,70187.2,52446,104401,175.717,17.7787,190.976,8575
52016.2,30885.7,118279,38992.9,29544,97143.2,81.1819,0.393794,190.988,8577
79841.3,42561.4,132184,63825.6,44984.1,110095,152.368,38.8807,191.028,8579
56910.7,30252.7,132415,81144.7,54922.2,112092,304.43,7.48239,191.043,8580
65767.7,36582.7,125247,49728.6,36063.1,103698,97.2179,-4.81845,191.061,8581
50986.7,28528.5,122750,47802.9,33090.5,103832,96.5191,10.408,191.078,8583
81455.3,42651.8,134313,76278.1,52036.2,111666,189.471,-8.0484,191.103,8584
58409.2,31815.5,125080,48933.1,35754.7,104995,181.911,-26.6868,191.153,8588
64378.9,37606.4,120456,43540.2,33564.4,96147,67.5582,-14.826,191.188,8590
65609.5,34040,128444,86945.2,57057.5,112475,96.8685,2.41905,191.218,8591
54459,29955.3,129877,60122.5,44047.3,109349,88.8267,6.35718,191.22,8592
81622.6,43831.8,131951,68756.3,48259.8,110937,155.595,28.8638,191.26,8593
59665.5,31912.1,126669,57018.1,38178.3,111030,147.294,-0.1059,191.262,8594
55118.3,33311.4,120260,38708,28437.7,100010,106.119,2.30654,191.282,8595
62381.7,33813,131445,79064,54593.1,111668,156.689,-2.0121,191.302,8596
58128.7,32878.9,127255,51089.8,34450.4,107360,121.097,-6.354,191.347,8598
61527.5,33536.7,126950,56896.3,41161.7,104455,151.446,-0.68835,191.351,8599
47799.7,28863.6,124976,56099.6,42171.9,103472,134.703,10.2392,191.358,8600
67214.9,35840.8,129228,73705.4,56438.8,105326,134.414,1.23765,191.361,8601
60355,34572.1,122047,44125.7,31702,103060,166.873,0.61882,191.383,8603
82106.2,43531.7,134773,70337.1,44545.1,112394,189.929,2.19402,191.395,8605
64367.7,32911.5,133314,62518.9,42586.5,111726,102.979,4.61313,191.503,8606
68867.1,40160.4,121589,50618.8,37816.1,103092,109.025,-5.1891,191.503,8607
52166.2,31505.1,117986,36464.1,28314.4,96492.3,125.733,48.617,191.531,8608
76548.5,39645.6,131973,69201.7,51014.9,108110,160.086,20.7046,191.54,8609
64627.9,37140.3,124174,45009.5,32699.4,103153,83.6924,-34.4175,191.544,8610
57576.3,29447.4,135178,72815.7,42961.4,144713,205.073,19.9731,191.546,8611
76727,42372.9,135110,68209.4,47751.4,111152,161.525,7.59491,191.592,8614
61549.4,35091.5,121807,51725.6,39025.6,100847,82.8168,2.53157,191.645,8616
57277.4,32079.9,128574,47116.1,30954.5,107214,76.3326,-2.59455,191.683,8617
81149.7,41857.7,135596,67281.6,42868.5,114969,88.885,7.48239,191.755,8618
62682.2,37706.4,119581,40497.4,30601,97495.2,125.269,43.6644,191.833,8619
60586.4,33051.9,126913,59194.2,41462,106236,132.274,45.803,191.836,8620
58926.7,30105.1,133445,73964.9,50357.2,116622,129.38,-32.4584,191.95,8622
62010.1,35719.8,120768,44156.5,31991.2,101726,70.0749,-1.74735,191.967,8623
67512.6,34733.1,132641,73062.2,50682.4,111356,146.256,35.054,191.993,8624
70606.6,36938.1,130531,60208.8,43972.3,107964,135.802,18.1726,192.04,8625
63205.7,30420.6,137853,90513.1,58570.3,120015,330.556,29.1452,192.091,8628
73148.5,36147.8,139254,79148.9,45841.4,118589,179.044,7.93248,192.1,8629
74862.6,38404.4,135914,78210.9,53904.4,113792,164.401,-5.295,192.117,8630
33992.6,18545.2,120092,35469.3,25628.2,96953,143.485,-5.45385,192.16,8632
45107.2,23616.8,144183,83675.3,52616.2,127749,161.927,11.3645,192.166,8633
60608.9,34722.3,120850,46029.1,33406.9,99637.6,66.4457,-1.95915,192.179,8634
64110.7,33522.4,131046,64468.6,43598.8,110994,180.65,-7.3071,192.203,8635
57634,32951,123954,36919.1,25867.4,97565.9,89.4681,-13.2905,192.214,8636
63956.4,31986.3,135398,85257.4,52155.6,123907,173.995,-12.1785,192.217,8637
49396.1,25350.5,134218,72650,52744.6,117200,124.226,41.1881,192.319,8639
64059.7,34992.3,126866,57916.2,42811.1,103931,115.064,14.4027,192.323,8640
64048.7,35042.4,131070,60594.2,42788.8,108169,155.48,34.1536,192.335,8641
42737.7,24269.6,120330,54468.5,38882.8,104385,164.918,-3.33585,192.336,8642
59342.3,34428.8,120484,45939.5,34239.9,103276,147.986,-60.5748,192.359,8643
65634.5,37656.7,124388,60708.3,46301.6,103646,89.3515,2.98163,192.409,8644
58924.8,31067.1,127998,56735.6,43612.7,104097,41.3101,0.225025,192.423,8645
53677.5,28288.2,132253,72262.7,44775.9,114827,99.139,-10.2723,192.423,8646
59437,32898.1,125344,49813,37519.4,102780,89.9346,-2.38275,192.45,8647
74537.6,42704.4,127181,61961.1,44444.5,104258,139.211,-12.3903,192.458,8648
77969.1,42722.1,127233,66408.2,46476.4,107098,123.705,-2.3298,192.513,8650
66221.7,33914.8,133934,79723.1,53368.6,114155,230.688,19.2416,192.516,8651
71209.9,37353.6,130217,65064.9,43639.4,111108,182.025,12.321,192.519,8652
63498.5,34873.4,127355,54316.2,41985.2,104579,174.397,15.4718,192.582,8653
53898.2,31038.8,122297,54159.9,37823.3,110079,114.368,-50.3025,192.6,8654
72778.7,40091.7,127434,56590.7,43878.2,104850,245.375,20.0294,192.7,8655
64228.1,32898.2,135570,70706.5,47868.9,113866,200.277,-2.7534,192.707,8656
56134.8,31371.1,127535,62494.4,42609.5,108683,144.755,-28.2223,192.751,8657
80079.3,39968.3,135156,70077.2,47284.7,111849,114.542,58.9167,192.864,8659
54812.5,29049.9,127442,69741.8,52849.6,108589,97.3343,-4.50075,192.911,8660
50054.8,29239.3,120162,36168.7,27073.9,98405.5,88.7684,-31.1346,192.982,8661
55348.9,32767,120574,38235.4,29509,97100.2,113.033,-44.0544,192.985,8662
56739.7,28754.9,132344,87503.4,57379.8,121622,322.643,11.7583,193.017,8663
80662.3,41451.7,136340,71163.1,47675,113642,208.324,41.7509,193.064,8666
71497.3,38474.9,129448,51651.5,35668.2,107724,143.543,-2.0121,193.189,8668
69939.8,38099.3,127626,54523.8,38741.4,104070,72.766,9.90164,193.201,8669
77775,40807.5,131318,68615.7,50140.7,107771,127.702,-9.531,193.341,8672
75903.5,41722.2,130977,60301.1,41966.9,107142,129.901,-15.6202,193.35,8674
56734.6,30606.2,135470,84451.9,52532.2,122150,341.513,-8.3661,193.356,8676
48686.9,28143.4,122243,51161.6,36900.7,103297,66.4457,-1.64145,193.357,8677
57063.2,32895,122389,50197.7,39271,100815,71.6547,-15.0907,193.374,8678
59116.4,34211.4,128335,54568.1,36257.3,109688,141.002,3.76925,193.375,8679
59745.5,33106.9,123434,48054.7,37000.5,99495.2,70.3675,-16.2027,193.406,8680
76152.6,39481.1,132053,77937,52749.3,112029,155.365,-1.6944,193.436,8682
40777.4,22390.8,127539,74120.4,47567,115684,213.283,-4.18305,193.439,8683
68606.7,38368.7,126532,59626,40222.6,111107,120.517,-24.3041,193.444,8684
54310.4,31063.8,125053,66828.5,46999.9,107632,144.755,-0.05295,193.448,8685
76832.8,39544.3,132134,67043.1,45866.1,111898,163.308,7.48239,193.53,8687
70550.8,36603.8,136098,67181.7,46018.4,114308,214.594,0.731334,193.532,8688
78809.5,43852.6,131222,63220.2,48673.5,105044,156.92,18.8478,193.545,8690
65188.2,36051.8,125562,50546.7,34288.2,105009,112.046,6.41344,193.561,8692
57852.4,29756.3,129281,59867.8,41725.4,107057,130.712,-22.7155,193.59,8693
66446.3,35480,129087,62929.1,47724.4,107435,168.942,-11.1195,193.597,8694
70517.8,36815.2,131725,82570.8,60477.1,112435,238.008,35.3916,193.62,8696
47097.8,26934.1,120243,59469.7,46859.6,99911.4,74.8127,12.2647,193.642,8699
31654.8,16335.8,130422,79368.1,50859.4,118419,196.22,-3.0711,193.685,8700
76089.6,38684,135561,81430.8,53599.3,116895,137.189,-22.5567,193.695,8701
82823.9,43349.7,134485,68378,46710.3,111869,227.394,9.73286,193.717,8702
64828.5,35798.3,127662,56222.3,39607.8,104880,196.449,0.731334,193.762,8703
56128.4,31771.6,124756,53508.7,38673.1,106959,59.9246,-2.7534,193.777,8704
65214.6,36296.9,127004,53947,38172,105561,93.0239,-12.2844,193.829,8705
65656.4,37059.7,124944,57259.9,41879.4,106656,123.241,34.7726,193.867,8706
69549.8,35961.1,130880,59662.6,41197.6,110992,75.3389,-33.5173,193.87,8707
52243.6,25713.8,133487,93707.1,59978.1,117006,209.978,19.9169,193.892,8708
56191.7,28841.8,134223,65061.3,42650,114279,222.562,-2.7534,193.952,8711
69966.5,36360.5,131699,65419.7,47686.4,108527,219.661,9.73286,194.019,8712
75815.1,40517.6,127905,64969.4,46868.8,110604,157.726,23.8557,194.066,8715
69921.4,35214.2,134203,82478.9,50709.2,118440,250.808,32.9718,194.072,8716
68154.4,36061.3,129511,65164.7,43857.5,109462,285.532,51.431,194.078,8717
57637.9,32299.8,121353,49624.9,35171.1,103904,114.136,-27.0045,194.099,8719
53292.4,27754.9,128518,62683.1,45665.9,112430,194.62,1.80022,194.134,8721
62628.4,33607.7,132022,66102.1,43286.4,112073,105.015,-11.1724,194.176,8723
55048.6,28647.6,127650,53586.1,37097.7,107708,148.621,-43.8955,194.202,8725
57305.3,32937.7,121745,45280.8,35275.2,98275.9,70.1335,-18.6384,194.225,8726
53723,30320.8,120611,39754,29313.3,98221.3,31.4702,-2.118,194.251,8728
52291.2,29023.3,121343,39067.3,28487.2,98068.7,97.9748,55.9899,194.251,8729
68837.5,38617.7,125157,50811.2,36427.2,103128,102.165,-2.7534,194.278,8731
55563,30189.4,133842,78164.4,52123.9,119283,188.269,-4.5537,194.289,8735
68514.4,36624.3,128156,56577.2,38468.1,110578,137.247,84.772,194.398,8737
47944.8,23869.8,144961,75298.4,48925.2,127941,152.714,-26.6868,194.402,8738
56782.9,30163.1,134250,77763.3,50913.3,117730,153.406,-6.2481,194.473,8739
77752.1,39508.5,134720,70563.6,48355.1,112105,167.103,16.147,194.517,8742
21036.7,13212.8,106971,52275,39099.2,100015,244.752,-0.15885,194.522,8743
75146.4,41254.3,128246,75094.9,51327.4,114086,216.131,-2.38275,194.592,8745
20656.8,11404.1,141503,40181.1,30703.5,115325,168.252,-2.06505,194.63,8746
71311.7,37684.1,131365,67509.7,49188.9,110338,98.4987,7.81996,194.711,8748
56337.1,28923.1,129117,50859.9,33773.7,110186,163.711,-32.7761,194.721,8749
27913.7,18851.6,104793,28242.8,22784.5,90397.8,50.0835,34.2098,194.825,8750
54059.6,28429.8,128679,61599.6,42183.1,107852,129.265,14.459,194.854,8751
54632.6,30293.8,127009,74994.2,53285.5,111620,185.578,-7.04235,194.854,8752
62696,35690.6,122734,47883,38392.7,97781.2,64.6675,-24.4099,194.899,8754
71473,34983.3,141841,93304.3,50215.4,123436,217.327,-1.5885,194.969,8755
63902.7,37077.2,122645,40298.9,29462.6,98365.8,123.821,-9.2133,195.043,8758
70740.3,38373.4,130992,73500.1,53435,112896,145.505,-59.0392,195.059,8759
72987.8,37794,131617,69791.1,46768.3,114255,176.004,20.1419,195.084,8760
56898.4,31557.4,124222,48271.5,34649.9,104169,139.154,-15.5673,195.087,8761
58370,34406.9,123504,48632.1,34110.7,103786,99.7211,-13.8729,195.154,8762
79898.8,44770.4,132121,80129,53910.7,111551,169.516,10.5768,195.189,8763
59660.7,34721.8,127074,56916.6,40754.4,104407,173.766,33.1406,195.192,8765
46136.5,31977.5,111457,43720.3,39266.9,90043,112.452,0.450051,195.202,8766
56299,31985.9,119990,47089.9,34823.2,100449,122.488,2.19402,195.227,8767
62069.4,35513.4,122455,45102.9,33634.4,102748,115.935,-12.4432,195.239,8768
62147.4,36102.8,125422,52733.5,37887.9,104633,97.3343,-0.7413,195.241,8769
62965.6,36897.8,128869,61300.9,44616,111271,90.7508,43.1579,195.241,8770
52966.9,28971.6,121641,45495.8,33594.3,102339,102.572,-2.2239,195.288,8771
59331.2,34110.1,121541,47443.4,34098.2,102443,77.7353,-26.475,195.292,8772
53113.2,27932.7,126911,56359.7,38489.7,107333,131.984,8.15753,195.302,8773
46644.6,26280.5,121315,44194,29741.5,105220,81.8242,-20.068,195.361,8775
42053.4,24971.9,121971,65022.4,46194.8,123447,142.677,55.2582,195.397,8776
40679.8,20876.2,185886,57792.4,42411.5,153318,329.888,-18.003,195.422,8777
57082.8,31717.2,124410,45191.8,31855.9,103777,108.27,8.7764,195.434,8779
50876.2,29071.4,121117,41390.7,30561.1,97565.8,68.0265,-8.52495,195.437,8780
49398.1,27348.8,124069,56279.3,41174.4,105397,82.4081,-10.1135,195.454,8781
53317.9,27998.4,129276,63053.3,41631.2,108305,134.009,-37.8592,195.469,8782
72031.8,35373.1,135480,74547.3,47734.9,116361,111.755,-64.8108,195.485,8783
53503.2,25589.3,141887,65604.1,42672.8,121135,170.837,-6.19515,195.56,8785
57421.6,33899.8,121749,43708.3,31724.3,103525,99.2555,7.48239,195.6,8786
61234.5,35055.6,126962,52286.7,36625.2,105110,114.6,-0.15885,195.615,8787
72123.3,38086.6,131114,60545.8,41291.2,109647,123.183,-2.27685,195.698,8791
60090.9,33656,128609,61715.5,46257,107988,144.351,37.1362,195.76,8792
49860.7,29232.2,117650,46482.7,34406.8,100882,82.5248,22.8991,195.774,8793
69175.9,39058.8,127002,57640.6,42761.9,104557,143.312,-5.7186,195.787,8794
72169.7,40425.3,129343,59575.1,41134.8,106822,65.6161,22.4489,195.848,8796
72771.1,40450.2,126652,59456,43268.7,104768,118.951,10.9144,195.85,8797
45848.1,21027.4,137693,84052.9,48862.6,162566,238.179,11.5895,195.961,8798
52739.5,30874.4,118011,43716,34617.2,96414.4,146.371,-17.1558,195.973,8799
63098,35610.8,123702,47497.7,35441.7,101116,106.526,26.1065,196.018,8800
71215.9,37113,128525,62177.8,44761.1,108751,144.871,14.0651,196.019,8801
79746.8,45384.1,131975,71685.2,54714.6,105345,162.445,4.55687,196.117,8803
44765.7,21812.3,201681,68199.5,45797.7,161235,207.868,38.0929,196.122,8804
55861.4,29817,125271,65240.3,49030.9,106702,157.265,-3.6006,196.134,8805
81383.4,42505.5,135212,77878.8,55367.4,111771,139.154,-53.4795,196.169,8806
66541,37617.4,122481,45503.4,34529.4,100843,116.979,5.85084,196.195,8807
77120.9,42231.9,131588,65727.7,42722.2,111535,223.415,-24.3041,196.197,8808
76294.7,42581.6,130958,62396.7,44925.7,109639,244.978,28.3011,196.211,8809
62497.2,30448.6,137661,78625.8,57059.7,113886,131.522,-3.0711,196.308,8811
51901.8,26885.2,128989,65784.2,40891.5,111674,34.9674,-25.6278,196.313,8812
73803.4,40191.8,129123,59223.6,40583.7,107225,122.488,-22.4508,196.343,8813
74224.3,40506,131645,70022.6,46879.3,113559,169.689,20.8172,196.368,8814
63931,36940.8,127181,51016.4,36210.5,105309,117.269,18.6227,196.398,8815
58208,31490.7,125361,46626.5,33608.6,103882,104.898,-1.53555,196.409,8816
34387.5,19138,122130,62824.6,42695.4,110681,186.666,29.6517,196.481,8817
78686.2,41286.3,134650,74138.9,52476.6,111292,189.7,7.93248,196.483,8818
47087.8,25851.7,121298,55263,41229.8,103231,125.443,-6.9894,196.49,8820
74484.5,43024.9,124704,57368.1,44857.7,100757,97.2179,24.137,196.494,8821
59393.3,34003.6,125451,47287.7,34172.3,103474,75.865,-4.81845,196.494,8822
58064,34691.6,118718,49445.9,38352.2,98401.6,62.4146,10.7456,196.501,8823
70204.5,37109.6,130627,60035.9,40495.5,110398,205.643,-20.9153,196.502,8824
70176.6,37268.2,137804,82885.9,49748.9,117480,161.467,10.6331,196.513,8825
21534.7,11319.8,119950,40958.6,27994.5,104189,237.498,-12.6021,196.541,8827
73217.3,40730.8,127747,74347.3,54398.9,108670,210.833,-9.2133,196.544,8828
34841.9,18872.9,117876,56798.7,40548.7,111800,151.273,-43.5779,196.546,8829
52241,26349.5,131743,78694.4,49198.9,128960,192.847,-11.4372,196.574,8830
74413.7,38004.7,135057,76461.6,50650.4,116540,207.868,-15.1437,196.579,8831
72607.4,41083.8,127016,55099.2,40068.5,102903,107.747,53.8512,196.626,8833
57660.5,29864.3,132694,71479,44424.3,115473,270.905,-6.2481,196.666,8834
60465,34807.3,120089,48573.5,36939.7,99892.4,46.8823,16.4846,196.677,8835
58421.8,32824.2,124990,45319.4,33490.5,101286,71.3037,-28.2753,196.702,8837
65685.3,38237.5,120363,44807.8,33845.8,99194,74.5204,-7.57185,196.703,8838
78871.5,41500.5,133607,77001.4,53876.5,115105,182.025,10.0142,196.705,8839
65183.7,36356.1,126671,52447.1,40222.4,103700,93.4901,-7.99545,196.756,8840
74221.2,39229.2,131468,65852.6,45648.3,110942,138.114,-0.4236,196.775,8841
70818,34647.8,142273,84312.5,54233.7,122806,166.47,-2.38275,196.786,8842
76539.3,40726,131260,75836.3,51948.5,112118,182.599,65.4712,196.809,8844
39381,21172.8,121576,55297.5,38676.9,110983,195.42,-5.24205,196.813,8845
72305.3,38070.4,130649,56486.1,39014.5,108360,56.4861,-32.829,196.821,8846
51717.3,28540.9,123911,54060.1,41908.2,102507,125.443,8.55136,196.838,8847
39765.5,22547.9,123626,58247.7,39269.4,111447,135.166,16.4846,196.95,8850
57464.7,29453.3,135144,104802,61916.8,123862,203.589,-2.38275,196.953,8851
65742.1,36261,125133,49629.4,36852.4,103655,66.3275,-4.236,196.976,8852
44171.3,23391,130815,55185.7,38242.5,111289,33.7819,-21.5506,197.006,8854
55193.9,26728.6,135474,74045,43002,119309,235.796,12.0959,197.007,8855
64162.9,33242.2,129004,57258.2,41963.6,107964,97.1014,57.6784,197.024,8856
66199.8,37676.7,122050,44524.6,34296.4,100118,79.6633,5.96336,197.028,8858
47903.5,25897,121993,51255.5,35771.3,107598,72.883,-3.0711,197.05,8859
69521.2,37455.3,128494,54971.5,39177.9,105432,121.213,9.33902,197.143,8862
77813.3,41927.8,136319,81356.3,53835.2,117281,139.616,-0.05295,197.16,8864
59172.8,32108.4,124021,56268,42687.1,103524,92.0332,-12.3903,197.216,8865
39341.7,20467,124116,57100.1,37343,110928,99.8957,-28.7518,197.254,8868
45740.4,25843.3,120971,36735.1,27123.9,98427.7,87.2519,27.2319,197.284,8870
71072.9,36534.8,133885,56584.3,35901.4,111900,173.192,6.24466,197.287,8871
37221.6,22488.4,163297,42401.7,31133.6,120312,74.5204,1.40642,197.343,8872
63886.9,33069.7,135362,71821,45151.8,114389,141.407,9.56407,197.346,8873
44639.9,23301.3,128478,68561.5,43092.2,117409,206.442,-26.1573,197.358,8874
64795.4,36781.1,125516,66734.9,48827.3,106683,184.26,-5.6127,197.412,8875
43330.7,24601.2,120537,41708.2,30522,100638,65.1418,6.58222,197.414,8876
50892.2,26933.8,124495,51002.4,36208.8,103321,81.2402,-9.9546,197.435,8878
68094.7,36177.8,130402,55519.5,38100.5,106887,110.942,-18.3207,197.442,8880
57636.3,30535.6,131732,74319.2,53051.4,113654,175.373,36.9111,197.443,8881
52934.4,27458.4,127602,73143.5,48100,114158,190.387,-24.8335,197.574,8884
63767.2,35802.2,124067,42726.4,31898.1,100404,111.523,2.36279,197.696,8885
72001.2,42236.4,121512,58921.1,46496.6,99941.3,78.4949,10.5768,197.71,8886
51390.4,27728,133945,58510.3,40335.7,114353,115.877,6.97605,197.712,8887
63280.8,33561.5,128421,49311.4,33676.3,107112,74.0526,12.7711,197.763,8888
59980.5,35269.3,120828,45053.9,32864.9,99893.3,107.456,-28.8577,197.834,8890
65240.8,35228.9,127665,63072.3,45861.5,106600,131.406,-19.9092,197.842,8891
56886.4,33125.5,120689,54061.5,40396.5,101784,66.9727,-1.11195,197.907,8892
66484.2,35211.4,132879,73483.7,49423.8,113318,181.739,19.523,197.916,8893
35873.2,18272.5,123912,48180.2,33017.7,108175,122.894,1.51893,197.958,8894
71448.7,41193.6,123767,71805.8,53849.6,105358,157.668,6.80726,198.076,8896
59977,33723.2,121393,42007.4,31771.1,99855.1,102.049,-30.0226,198.15,8898
61472.4,34399.9,124596,50229.1,35449.6,105325,136.726,-17.3146,198.153,8899
53453.7,28913.7,127297,53349.2,37876.4,105484,135.975,-22.3979,198.195,8901
56749.2,31346.5,124187,38852.2,27356.9,101605,78.7286,48.5607,198.244,8903
55474.4,32559.9,117588,49194.5,37599.3,98237.6,107.747,3.76925,198.304,8904
66537,38354.9,124684,61968.7,45603.2,103579,102.339,-27.0575,198.33,8905
37077.9,21248.9,155889,56014.3,34855.2,127471,182.713,-16.997,198.352,8907
56806.8,31553,122568,45548.8,33466.7,101196,156.805,-21.1271,198.394,8908
38857,19807.4,127870,79333.3,52660,115073,150.524,-6.93645,198.417,8909
49874.7,25423,127411,85542.7,60970,116480,235.967,12.2647,198.435,8911
64875,31992.4,138455,93408.5,56368.3,121668,261.713,5.9071,198.463,8912
24216.3,15303.7,121680,62935.8,36611.1,159464,290.081,1.12513,198.489,8914
60858.1,35662.9,122809,46496.8,32917.8,103672,151.907,-10.7488,198.492,8915
29851,13669.4,141455,62106.3,41370.7,120414,179.618,0.78759,198.589,8918
77747.2,41775.1,131610,69653.2,48022.6,110774,168.654,-19.0091,198.643,8920
66482.7,40950,121779,47316.3,38272.9,98572.2,106.933,-6.40695,198.647,8921
53687.7,31072.1,121339,45741.7,34609.3,100029,91.9166,43.2141,198.651,8922
53522.4,28106.5,126570,65197.9,46924.2,106735,65.5568,-6.83055,198.66,8924
49454.4,28398.1,122084,48180.9,37879.1,100006,136.9,26.4441,198.665,8925
46961.5,24448.8,125227,59029.1,39362.8,110405,166.988,-2.118,198.672,8926
62879.1,35636.5,122313,39756.6,30056.8,98044.6,73.117,-29.9697,198.679,8927
61179.5,34012.6,137803,90738.5,60058.2,120219,144.697,-8.3661,198.693,8928
61314.5,33950.1,123827,49993.6,35471.6,104296,150.754,-21.6566,198.747,8930
60233,31938.9,127590,74780.8,53167.3,111461,233.186,21.9425,198.816,8932
62395.8,33896.9,135490,77746.8,50912.4,115213,83.1087,12.0959,198.817,8933
65945.1,36780.7,124989,54741.8,38977.6,103272,135.859,-6.61875,198.854,8936
59408.3,33961.6,122133,41372.8,30547.9,97944.3,88.1852,-2.70045,198.856,8937
70315,38709.5,125384,52632.9,39280.3,104758,87.6602,4.78191,198.857,8938
60841.7,35273.9,124062,51512.4,37438.3,102500,134.587,-39.13,198.874,8939
59429.1,33215.5,125156,54415.8,38773.1,107514,161.525,26.7818,198.973,8942
54685.8,28109.3,134430,78925.9,47749.8,117734,183.63,10.6331,198.975,8943
62792.4,34126,126979,52763,36262.2,108216,188.899,30.4958,199.048,8944
73009.1,41059.3,126319,52534.7,39899.4,104071,86.7852,-21.3388,199.062,8945
74983.5,39867.9,129321,64713.6,48094.5,105147,193.076,37.1925,199.096,8948
53915.6,30238.2,124541,51799.7,37380.9,104178,73.4679,-17.9501,199.181,8950
76099.8,38261.8,136214,78013.4,52040.4,114390,186.151,34.1536,199.202,8951
70642.2,39652.6,127204,55650.5,39561,106631,105.015,7.08857,199.225,8954
68536.7,39591.5,127162,55865.3,41581,104739,115.355,-21.7624,199.229,8955
70194.5,38696.8,128185,64361.6,44681.3,111231,188.784,-2.17095,199.232,8956
74998.3,41358.6,131167,72357.4,51008.4,114299,180.076,-26.6339,199.237,8957
75299,40087,134872,67805.3,43533.2,112678,184.776,12.2647,199.282,8958
79551.7,42047.1,130388,76005.8,51482.6,111279,193.304,2.0815,199.292,8959
76388.3,41191,128957,62551.6,44723.3,106609,100.07,52.1627,199.314,8961
62356.4,32059.5,135284,91934,63101.9,117170,161.87,-14.4024,199.352,8962
53438,27940.8,127985,59935.6,40657.3,106928,144.293,-11.1724,199.362,8963
66005.5,36027.3,130795,56831.2,39871.9,108334,142.908,-22.6626,199.422,8964
66347.8,37196.3,124454,51160.1,36062.7,104670,174.971,2.53157,199.424,8965
53384.8,29243.7,129110,56352.8,38145,110411,100.128,-17.6853,199.457,8966
61155.1,34174.7,129272,69441.9,46653.5,112532,227.28,-5.03025,199.481,8968
56649.8,30483.1,128382,58174,41209.7,107559,104.84,29.933,199.484,8970
59143.6,34055,134469,77951.8,49613.5,115537,172.043,-2.3298,199.489,8971
59614.4,32966.7,124646,45954.5,32608.2,104226,152.196,21.6049,199.499,8972
57575.4,28561.8,138505,83528.3,49853.2,121425,220.742,-11.4372,199.528,8973
57205.3,32437.6,122263,50778.1,38794.2,101028,57.2568,6.1884,199.667,8976
65345.3,32028.8,139424,80486.9,51984.6,118206,301.126,138.083,199.667,8977
56957.5,29876.5,143980,107741,64342.9,126172,438.275,-2.59455,199.673,8978
42104.4,22773.4,124251,56162.1,39033.8,107714,60.221,1.80022,199.677,8979
52865.8,27422.9,131581,72053.7,48831.2,116997,183.573,14.1777,199.681,8980
76190.8,43142.6,128259,63160.5,48040.6,104738,194.734,49.5175,199.716,8982
68479.5,35230,130728,70805.5,49459,111583,123.125,-46.7548,199.745,8983
75089.3,38732.2,133771,68191.2,46152.4,113083,145.101,26.838,199.753,8984
55201.4,28333.6,135030,71182.4,47331,114000,172.273,-0.47655,199.768,8985
59154.9,31006.3,128054,56551.9,39192.6,107459,123.995,56.4965,199.816,8986
58797.3,32457.3,124881,51233.2,37888.9,103203,155.825,55.0894,199.82,8987
56943.2,31251.4,125113,52656.1,34482.9,104547,167.275,1.74396,199.845,8988
71212.7,41310.5,124623,54666.2,39978.8,104027,181.739,-12.6021,199.872,8989
66121.6,33469.5,141059,80459.4,50627.6,117666,171.986,131.175,199.906,8990
67068,35273.5,128254,67407.6,47299.1,107778,139.269,14.6841,199.926,8991
77759.8,40548.7,130860,62895.4,44001.8,109219,131.174,11.477,199.946,8992
34403.1,17738.4,152151,64786.9,37574.4,130900,162.733,21.9988,199.948,8993
50887.8,28287.7,124391,52251.3,34377.5,107509,159.913,35.054,199.981,8994
60213.4,33331.4,127532,52253.5,35642.3,105734,91.8583,4.50061,199.988,8995
56396.4,33773.2,120385,55520.5,41400.3,104375,164.113,-12.2315,200.111,8998
70365.6,37344.3,129331,58472.8,40579.4,107663,74.4035,-18.4796,200.116,8999
49083.2,26542,127101,60467.2,41177,141370,144.928,-0.15885,200.129,9001
47684.9,24800,128592,55905.6,37545,116517,121.966,-20.2799,200.16,9003
78366,41858.2,130780,67413.8,45452.6,111038,179.962,-32.3524,200.169,9004
65921.4,37487.9,125729,52932.3,38132.2,103895,117.385,-0.1059,200.223,9005
67401.6,35750.8,136423,83417.1,49230.9,120057,261.882,14.7403,200.25,9007
23004.4,13166.3,119297,40861.3,26984.8,104604,166.068,-12.9727,200.301,9008
72888.8,39333.9,129117,56282.1,37455.9,109890,237.668,-1.42965,200.309,9009
76828.9,41385.3,128854,65895.8,44483.9,111328,151.907,1.85647,200.309,9010
69228.6,39381.7,127153,54605.9,39710.9,104949,150.005,3.88176,200.318,9011
44305.3,24241.3,123442,46232.2,32975,104797,102.339,-15.4614,200.393,9013
73864,41523.1,130406,63343,46205.7,107844,179.102,-0.5295,200.396,9014
61826.8,32476.8,133964,60708.5,42414.5,109267,101.06,-21.6566,200.425,9015
71631.9,36825.1,131845,77743.8,51481.4,111611,216.359,-30.2874,200.464,9017
49316.3,26545.9,122205,56438.4,42432.7,108144,196.62,0.281281,200.49,9018
47842.2,25612.2,134784,83443.2,50657.5,121291,191.989,29.2015,200.494,9019
22040,14383.4,152668,73825.2,38642.1,138501,148.275,-2.80635,200.574,9021
29978.5,22581.7,111769,67714.7,55804.5,104904,238.008,-11.7549,200.643,9022
56277.8,31025.3,127246,52002.2,35084.6,104994,110.071,-10.7488,200.717,9023
46247.3,24674.3,129041,92166.4,62056.8,120438,352.889,41.4132,200.722,9024
26522.8,15070.1,138203,52150.2,31802.8,120585,115.122,53.3446,200.724,9025
63705.3,34981.5,126988,50456.4,33918.5,104765,109.49,-31.0817,200.731,9026
52533.8,29608.1,123822,54219.9,40464.8,108511,182.255,1.23765,200.735,9027
73924.4,40445.9,126588,55336,39985.5,104427,47.0602,-10.3253,200.779,9028
58249.9,28834.9,134153,82708.1,56103.8,114331,134.067,-36.5885,200.781,9029
71537.1,37905.5,132273,63676.6,44651,108655,80.189,11.4207,200.796,9030
79694,41800.3,132406,77957.3,55587.9,108802,93.4901,55.9336,200.874,9031
57484.6,31829.8,125289,55614.5,40294.6,106913,89.1766,43.2704,200.884,9033
74213.3,44218.6,128495,55104.7,42443.3,102579,124.11,73.411,200.945,9036
61415.1,35842.5,128146,69780.3,53470.1,107520,190.272,-65.3403,200.998,9038
33554.1,18375.6,127875,67264.7,43414.4,116999,117.791,-14.8789,201,9039
52378.6,27351.7,134562,86130.9,52889.7,117683,197.192,-46.1724,201.027,9040
57339.1,33017.2,127250,54751.6,40248.8,105129,130.596,19.4104,201.035,9041
63016.1,34835.5,127740,65101.8,46218.5,109330,239.142,-16.4675,201.067,9043
60656.1,33813.8,123538,47268.6,35795.5,100883,159.626,-6.0363,201.115,9044
66710.2,35907.9,127821,56353.1,40821.9,108267,99.0808,-5.45385,201.149,9045
51050.3,26193.6,128680,74638.3,50629.1,111518,219.262,-35.1059,201.16,9046
46800.5,27608,118109,44067.1,32354.3,100732,89.1766,67.5823,201.166,9047
61826.9,36382.8,119849,46548.8,35948.2,96522.8,107.282,22.9554,201.166,9048
61624.9,34060.3,134010,72891.5,44662.6,117995,158.647,-27.2693,201.186,9049
75623.3,39558.7,134830,77800.2,54988.1,111291,109.722,40.0063,201.219,9050
56747.5,32614.2,121098,43336.6,31988.3,99804.2,70.1335,-22.4508,201.251,9051
51111.3,26570.4,128531,67951.8,48944.7,124903,202.162,42.4262,201.268,9052
63497.8,35798.7,123957,40803.6,30473.1,100375,141.176,0.337538,201.286,9054
81850.3,45590.2,131353,74676,55545.4,106738,78.6702,-14.826,201.352,9055
50415.1,25965.5,128522,75415.4,53768.1,111300,188.498,1.01262,201.363,9056
69795.1,37624.2,127655,53120.4,39395.5,104311,115.645,-2.8593,201.41,9058
50207.1,24811.2,135729,65124.2,35326.5,121389,204.103,32.2965,201.418,9059
65235.4,37402.6,121803,58548,47005.9,100611,127.528,4.44435,201.423,9060
51889.2,32585.9,114461,38854.7,29806.8,93763.9,48.4236,-20.068,201.43,9061
41556.5,23434.3,121765,62565.7,48092.2,105484,262.108,2.19402,201.46,9062
59016.5,32858.2,124482,54709.3,38406.8,105302,89.2932,-48.8199,201.502,9064
36076.3,20500.2,119915,38520.8,26798.1,103136,94.83,26.2753,201.528,9065
61333.7,33558.4,130563,65719,45895.7,111213,159.223,-16.2556,201.545,9067
69033,38725.6,128002,58738.9,44326.9,104309,220.969,-17.9501,201.578,9068
66522.5,37617.1,123753,57663,44337,103881,147.236,-5.03025,201.62,9069
79363.9,43040.7,131212,67424.1,47519.9,110636,170.608,-8.84265,201.625,9070
76843.7,40056.9,134588,75325.5,50857.1,118228,212.486,30.552,201.648,9071
66205.1,38651.1,121576,44021,34082,97463.7,135.744,-3.3888,201.65,9072
80675.1,43924.2,134647,72032.7,50271.7,110060,135.686,-5.13615,201.685,9073
69169.7,36611.8,136047,77872.3,49620.2,117825,203.988,-0.5295,201.716,9074
64928.3,35818.1,128092,48121.5,32221.2,106975,126.659,9.67659,201.747,9075
46199.7,25531.6,126862,55068.8,40348.2,103558,164.171,38.4305,201.772,9076
20318.4,15994.9,99357.1,34241.8,27852.1,93132.9,183.458,-2.118,201.796,9077
51488.7,28340.5,123805,44738.3,30257.8,105028,75.6312,-6.7776,201.809,9078
67356.9,34985.5,133725,76922,51416.6,115462,150.351,-14.2435,201.833,9079
58457.6,30145.9,130785,76803.2,53898.9,111792,229.155,-12.5491,201.834,9080
55512.3,30825.7,130525,82586,56404.1,117304,198.678,6.63848,201.84,9081
48929.4,27262.3,121234,38022.9,27966.7,98181.2,29.7512,-20.4387,201.862,9082
58847.7,33173.3,124167,48288.5,34291.1,104420,148.736,-32.3524,201.884,9083
21349.6,11249,122440,42579.8,29550.6,112644,139.154,-13.8729,201.92,9084
42149.9,20700.6,130417,78230.6,53925.4,115367,173.077,8.38257,201.947,9085
71768.5,38665.8,128546,62308,41288.5,110614,129.959,-8.10135,201.954,9086
51740.6,24910.2,136650,70257.3,45347.9,120573,98.6734,2.58782,201.954,9087
47207.7,27733.6,118299,31673.1,23596.9,93775.8,96.8103,-2.17095,201.973,9090
47800.8,26442.4,120436,52513.8,38889.8,103494,218.807,-10.643,201.975,9091
68524.5,37614.3,125173,54202,38653.2,104674,133.199,-1.059,202.044,9092
71627.5,39379.1,127915,69186.5,50577.9,106811,146.544,10.6331,202.086,9093
56817,31061.8,125435,67339.4,50971.2,107732,122.256,-47.7609,202.186,9094
65726.1,37840.8,124669,51464.7,36297.8,105029,160.201,36.0669,202.215,9096
70448.6,37549.6,128308,60804.8,42976,107720,253.578,19.523,202.338,9099
56301.1,31250.8,127952,56885.6,39340.7,108071,133.836,-33.1467,202.366,9100
66237.9,39158.8,125435,43745.3,31489.7,101328,108.851,-3.8124,202.416,9101
70983.3,38277.1,131307,60588.1,47984.6,102954,183.745,-0.15885,202.418,9102
66098.3,35163.7,132859,81873.6,59943.8,110920,169.229,-11.2254,202.458,9104
75459.3,38023.5,141468,80834.6,47651.8,120269,205.244,2.58782,202.488,9105
73760.5,41602.5,128834,57547.2,41266.5,107221,104.433,17.3848,202.633,9108
63403.6,35611.1,122110,52067.7,39475.8,103138,136.322,-52.95,202.648,9109
58203.2,34914.2,146609,92361.2,57703.9,127225,285.027,0.900104,202.65,9110
40589.9,21893.1,127566,65714.9,46144.9,110008,146.256,41.357,202.712,9111
43945.4,25121.9,119876,38991.4,28132.7,102840,53.5812,20.5358,202.714,9112
40244.3,22546.2,121184,62362.7,44427.1,108220,114.658,-2.59455,202.753,9113
56799.8,30732.9,123696,58641.4,43678.2,105228,98.9644,-8.20725,202.835,9114
59515.8,35033.8,120381,43766.8,33302.4,97451.8,116.515,46.0281,202.842,9115
65727.2,36667.3,124612,52455.7,39189.4,102484,84.1594,13.1087,202.878,9116
40769.3,22348.7,121715,56585.1,38355.6,107804,163.078,11.7583,202.91,9118
51403.9,28704.6,121899,45644.2,33099.6,102706,80.5394,28.5825,202.932,9119
38661.4,20825.7,141653,45775.6,33244.7,111477,139.269,-6.0363,203.067,9121
77231.1,42366.4,131280,77946.8,55400.3,110448,165.263,-19.9622,203.12,9122
69246.4,39622.8,129090,70460.3,50799.4,106876,159.108,6.41344,203.125,9123
70163.7,40193.7,124572,60937.2,44911.6,104423,111.233,43.8895,203.129,9124
55788,28209.1,131982,73840.5,52048.4,111624,120.227,-8.84265,203.157,9125
67972.6,35708.4,131228,67758.7,49400.8,109906,98.2659,14.1214,203.168,9128
37271,16033.8,159060,50990.5,34663.7,124231,116.225,20.2545,203.204,9129
61568.1,32775.4,127088,62174.3,46281.4,104001,81.5906,-26.6339,203.216,9130
57721.9,33433.8,122578,57779.8,42320.3,103879,139.963,16.0344,203.224,9131
40261.6,21933.1,120865,58863.8,42117.6,107914,143.485,-16.7322,203.289,9133
60369.3,31676.4,128573,61233,39767.6,114219,223.301,-13.2905,203.368,9135
69821.2,39302.8,127508,53472.7,37041.2,104335,124.168,12.2647,203.412,9137
63085.6,34270.7,127592,55298,42865.3,104773,188.899,19.0728,203.42,9138
63588.2,35252.3,127212,55619.2,40316.9,104320,212.372,-49.1376,203.432,9139
67064.6,36183.5,128956,57062.6,38416.6,107665,124.922,-23.0862,203.463,9140
57678.4,30210.1,131411,79995,57228.8,115371,87.4853,-61.2631,203.661,9144
58741.5,31295.4,126440,50484.2,34690.1,104515,85.9101,-25.469,203.673,9145
56204.9,31914.6,124042,41008.1,30641.5,97202.2,96.2279,26.838,203.698,9146
77237.6,40619.6,131802,65049.8,44052.4,111371,165.896,-24.9924,203.796,9151
75082.8,39347,130934,60765.2,42148.8,109744,96.8685,-7.36005,203.889,9154
55738.2,30980,124812,56001.6,40490.5,107434,165.551,22.674,203.914,9156
68986.5,33642.8,144816,96427.2,55682.7,127175,219.148,-9.79575,203.917,9157
65505.7,37210.3,127398,46269.3,32718.4,104363,70.1335,-12.6021,203.92,9158
57532.6,31841.5,124939,54792.8,39704.5,106412,206.499,-32.1936,203.923,9159
32441.4,19355.1,166476,37931.2,27099.8,138043,251.656,-55.068,203.927,9160
64078.8,36126.7,124190,50740.8,37019.3,108414,132.042,-0.79425,203.933,9161
68713.6,39445.3,124854,64504,47425.8,103999,91.5669,-8.6838,203.938,9162
76419.3,44030.3,129260,66632.1,47842.2,108174,179.56,-1.53555,204.037,9164
61177.3,35997.6,121984,45798.3,33565.8,100613,131.753,-0.8472,204.116,9166
71830,37780.1,134542,57729.6,38865,113694,184.547,8.27005,204.118,9167
49039,26639.5,122569,50457.6,38526.5,100943,124.516,-8.41905,204.159,9168
39936.4,21645.7,122084,61849.1,43711.9,107883,87.0186,-6.72465,204.297,9169
57752.9,30726,134654,87794.9,54293.8,120534,302.135,2.58782,204.313,9171
43501.4,23928.4,121652,47187.6,34665.3,100989,128.975,4.66939,204.34,9172
73962.4,39495.3,130720,57793.2,41069.6,107803,117.153,-3.01815,204.418,9175
70293.8,37375.5,129394,52707.5,39078,104048,105.247,-1.9062,204.447,9176
54031.4,33483.9,121102,52246.3,41043.2,100417,78.0274,12.1522,204.451,9177
72162.6,40805.5,126814,56170.3,40942.9,105735,201.362,6.80726,204.494,9178
74789.9,37456.5,134758,87777.8,56274.8,117381,192.618,-2.80635,204.506,9179
45381.1,23943.7,123977,57269,42768.1,107077,100.361,-25.1512,204.507,9180
41327.6,23354.3,124804,62417.9,42773.1,111074,116.457,-13.3963,204.515,9181
60850.6,31829.1,134852,90646.8,59134.1,120830,193.19,-10.2723,204.522,9182
63791.2,33697.3,134696,83619.2,57618.2,114861,134.067,-19.4326,204.557,9183
63413.2,35396,131840,65735.7,44829.3,114097,129.67,6.52596,204.707,9185
75082.3,38131.7,139224,73853.3,46730,117122,176.865,-3.33585,204.712,9186
69259.2,38691,127101,49944.5,36607.2,104392,124.458,-0.79425,204.745,9187
67390.9,38209.9,127873,58349,42012.4,105112,212.6,69.3593,204.764,9188
72429.7,37068.1,131224,69650.5,47035.8,112051,193.476,3.54421,204.775,9190
62886,36772.8,122186,64652.9,48592.1,104010,169.746,4.05054,204.797,9191
55229.4,28154.2,128821,59211.7,38654.3,114045,131.811,-9.37215,204.8,9192
66944,36127.3,128564,66434.7,47667.6,108315,148.506,0.281281,204.839,9193
72734.5,41363.9,124975,52036.8,39650.2,100771,112.742,-13.5552,204.847,9194
74020.5,39552.3,127940,54574.6,38539.6,105154,221.936,0.281281,204.851,9195
66010.9,35466.5,127632,67385.3,47371.5,106490,158.474,1.6877,204.869,9196
69414.4,36291.4,132452,73652,54118.4,110738,148.679,-44.6898,204.885,9197
67402.7,37736.2,124701,50069,36152,104515,93.9562,-0.68835,204.952,9199
52920.8,27356.1,128185,68029,47078.5,114183,105.829,11.8708,204.97,9200
75577.5,41410,129702,63855.4,42814.4,110538,181.108,112.653,204.999,9201
61902.2,38276.8,123471,44922.3,33753.2,101689,62.5925,3.65673,205.042,9203
56271.1,31199.4,128172,57106.7,39141.3,107361,107.34,-4.07715,205.046,9204
59345,33149.2,124391,45020.6,34953.3,97301.3,100.419,34.2098,205.089,9205
76789.2,41412.8,130889,74325.3,49667.2,111107,166.585,-11.2254,205.129,9206
48946,28618,117794,44945.2,35112.5,97558.9,113.265,-32.4584,205.144,9209
57555.1,31543.6,133284,84695,59328.5,117606,295.411,-7.2012,205.17,9210
57733.6,32251.6,124217,53495.8,40006.8,104857,105.305,-1.64145,205.231,9211
55824.8,29444.4,127474,54165.7,36413.7,110014,65.5568,20.1419,205.248,9212
68612.8,36930.6,132317,69670.1,44866.4,112022,105.131,27.2882,205.309,9213
66811.4,36534.3,127214,44145.5,32665.4,102796,137.073,-9.8487,205.367,9214
32541.3,17886.8,120751,67002.9,43207.9,115406,255.105,50.4743,205.394,9215
60657,34042.7,121204,44507.6,31762,103815,78.0859,-30.3404,205.44,9216
61844.2,32878.6,126933,50040.8,35103.5,107970,37.3385,-28.2753,205.465,9220
49561.8,29354,123622,49964,37866.7,104457,72.883,22.3364,205.466,9221
63932.7,34762.5,125122,51630.2,39482.7,102553,138.865,-0.15885,205.471,9222
71771.9,36253.9,136162,93582.5,64864.7,117805,244.922,-30.9228,205.495,9223
64485.1,34737.2,126803,55600.9,40007.2,107364,183.229,45.7467,205.512,9224
49248.9,30385.7,118299,35259.3,26341.5,97162.3,56.3675,9.56407,205.714,9227
74409.9,41081.3,131178,59919.3,41397.6,107483,117.791,-11.5961,205.772,9228
58968.7,34583.9,124125,49418.2,37223.5,102636,68.5533,-5.7186,205.783,9229
69586.9,39678.4,124193,52348.6,39251.7,103120,161.64,-33.1467,205.844,9230
66948.8,36943.8,128148,68447.1,49068.9,110720,149.082,31.6775,205.879,9231
56709,33632.6,124177,42789.9,32408.2,100214,143.485,-2.48865,205.947,9233
64284.3,36167.6,124883,56658.9,40285.4,106663,116.283,-14.4024,205.957,9234
61133.5,31564.8,131958,84200.6,60142.2,111644,153.291,-17.7383,205.967,9236
53952,29530.6,127837,50883,35243.1,107330,76.0404,1.01262,206.033,9237
74509,43571.2,128375,58896.9,40903.8,108567,154.961,-48.2374,206.107,9239
64294.2,31687.3,135440,91347.9,63182.6,117971,245.318,29.0889,206.115,9241
63000.6,35136.3,123464,56707.1,41597.3,101505,102.747,7.25735,206.129,9242
73845.3,42837.8,127458,65952,46249.8,110974,179.331,39.7812,206.13,9243
29029.5,15394.7,123897,64145.9,44502.7,110683,132.563,3.60047,206.159,9245
75296.1,40942.1,128172,62663.3,43309.7,109573,87.7769,13.9526,206.304,9247
55655.9,33607.9,120330,47266.8,35685.6,100291,183.573,-4.9773,206.388,9250
67567.3,37596.5,126874,56732.9,41752.4,105203,118.023,-6.9894,206.396,9251
47222.4,23268.4,130882,69428,45896.6,114344,202.79,-7.5189,206.399,9252
47230.1,24907.1,132531,76263.8,54489.6,114144,125.79,-2.3298,206.402,9253
26335.8,17469.2,118094,44416.5,31781.5,104465,212.429,14.0089,206.404,9254
58998.1,34204.7,125065,65141.1,48993.5,104486,82.0578,34.3787,206.465,9256
75295.3,38696.9,138050,82084.6,51964.8,119924,207.583,-11.1724,206.472,9257
61987,30040.4,141892,89024,50472.5,124168,198.963,-27.534,206.493,9258
51081.9,29307.7,120480,40718.1,31086.7,97456.2,76.5664,-0.58245,206.507,9259
78822,41962.6,131073,73796.8,50873.2,111141,127.586,-23.5098,206.508,9260
67208.1,37093.6,125827,49137.4,36260.8,102416,126.196,25.994,206.509,9261
58141.4,33750.6,121918,43308,32017,100440,98.9062,-15.5673,206.512,9263
65680.9,32791.9,134168,65821.2,42045.4,113746,136.206,68.0821,206.514,9264
53361.6,32469.3,117863,32818.1,26187.5,91597.2,134.24,-9.4251,206.547,9265
66523.2,33213.5,138886,85731.8,54880.7,117520,184.89,10.9706,206.618,9266
50693.7,30321.4,117110,44133.9,34128.1,97643.3,94.364,2.13776,206.703,9270
72080.8,39684.2,132527,75984.9,54867.4,111012,134.414,-3.0711,206.707,9271
58521.5,31283.5,127009,49342.2,36711.7,103912,129.496,-19.2208,206.819,9272
65726.5,36741.8,124123,50163.1,37566.8,100619,98.2077,10.183,206.928,9275
71274.6,35212.9,136278,69357.1,44941.9,115502,197.706,-0.47655,206.952,9276
25422.4,13060.1,124663,68759.1,48344.5,111995,191.073,45.7467,206.955,9277
65744.1,35977.3,127740,57262.2,41391.5,107802,148.159,13.2212,206.955,9278
53365.6,30685.7,121571,53068.7,40206,100602,125.848,-42.36,206.969,9280
64064.7,34877.5,128383,47610.8,34422.3,104314,174.168,-11.4372,206.983,9281
53135.6,28752,128374,67322.7,44544,111067,151.158,21.9425,206.993,9282
24565.7,12414.4,123403,48093.3,29589.4,111396,187.926,-12.0197,206.998,9283
64649.4,34191.8,128120,61260.5,43367.6,107113,93.3735,-12.4962,207.004,9284
59636,34770.2,123926,44283.8,31401.3,102557,141.638,52.7255,207.02,9285
64665,33638.7,135746,87590.2,54398.9,119933,219.888,-3.177,207.051,9286
60802.4,32956.8,127171,66264.3,50519.5,107196,115.703,-46.8078,207.052,9287
62975,34184.6,127768,49105.6,34643.3,105742,83.9843,-12.8139,207.103,9288
56573.2,31071.1,122026,52367.1,37528.8,103808,131.753,-34.5764,207.104,9289
36721.6,20833.6,128561,65472.6,43624.4,110134,256.065,-3.177,207.108,9291
55223.5,30343.5,124193,50986.1,36017.2,104464,136.206,39.0496,207.18,9292
73713,37311.4,134379,74989.5,48820.1,117567,236.874,18.3414,207.235,9294
70667,39782.5,129612,54507.2,39173.8,107292,162.963,-23.5627,207.24,9295
66771.6,34582.1,131561,65146,40553.2,111531,109.955,-32.882,207.286,9296
74141.7,39988.5,129181,57704.5,40317.7,106456,166.298,9.00145,207.317,9299
56043.2,31462.8,120974,42834.6,32247.7,99492.2,121.097,5.28824,207.342,9300
77542,40748.6,133940,60223.8,38465.6,110428,147.41,-59.0392,207.347,9301
57823.8,32485,123995,45297.8,33356.2,102870,107.631,-30.9757,207.366,9302
57207.3,29928.3,131758,65942.8,45448.6,110987,190.959,2.47531,207.372,9303
65340.4,34659,132196,61155.7,43198.6,108907,93.257,-0.8472,207.385,9304
40537.5,23450.8,117857,44618.8,33694.1,99425.2,124.226,20.0294,207.42,9305
61017.4,33300,125782,49993.6,36132.9,103846,129.554,-7.67775,207.433,9306
54739,33344.4,120513,48487.3,36761.4,101547,131.579,-11.5431,207.534,9311
24191,13885.9,131211,36218.1,23884.1,106995,225.803,12.8836,207.538,9312
24065.4,12371,131437,66022.6,34342.4,128094,214.48,25.2062,207.625,9314
78106.1,41837.9,132286,77674.5,48772,114900,222.676,-16.2556,207.655,9315
67065.9,36377.9,127258,59074.2,41590.7,107668,152.484,-11.0136,207.72,9316
50612.1,29160.3,126499,56767,38320,110117,114.078,-3.2829,207.748,9318
77979.3,39770.3,134862,70377.3,49678.1,111721,217.896,-1.32375,207.761,9319
70108.8,37505.4,135119,80113.6,56190.9,114142,157.841,1.2939,207.769,9320
58401,32456.6,122135,52093.8,36609.1,108600,78.1443,-3.6006,207.778,9321
60435,33147.3,124125,52343.3,37979.8,108059,157.265,15.4155,207.841,9323
70926.3,38871.5,132600,58550,41896,108747,162.675,61.4494,207.85,9324
74090.4,39996.4,128876,69647.1,52857.8,106909,86.3768,82.3357,207.855,9325
42822.9,23402.2,124691,57907.3,41547.6,108313,185.921,-5.1891,207.869,9327
62267,37101.8,122736,53565.5,39702,103531,138.114,-2.8593,207.891,9329
48095,24616.6,130573,84691.4,57650.4,120555,286.6,2.58782,207.905,9330
49021.6,25377.7,129342,64088,42854.4,112559,186.666,8.83266,207.918,9332
64432.6,32382.9,134038,71964.6,49242.8,112593,160.719,0.450051,208.005,9333
60506.1,31791,129495,77947.2,55011.4,109657,72.4151,-23.8804,208.026,9334
61459.2,32630.9,135088,83170.5,58104.8,114995,250.921,3.37544,208.034,9335
69608.2,37389.5,128425,49399.8,36593.3,102870,150.812,25.8252,208.061,9336
79682,43071.8,128151,75066.1,53883.4,107164,139.5,84.772,208.071,9337
47849.9,25077.4,124687,57578.6,40720.3,108422,138.171,29.314,208.141,9338
73142.8,37908,135334,76085.4,47381.4,115166,139.327,-14.826,208.158,9339
63237,31269.4,139332,90434.1,60555.7,120894,180.764,46.0281,208.165,9340
50306.8,31688.9,117467,35828.3,28364.1,93874.5,71.1866,-4.60665,208.29,9342
63737.9,33800.7,126413,56057,40913.7,105467,131.174,9.45155,208.305,9343
76088.5,38347.7,135142,76817,50716.6,115000,120.575,9.62033,208.309,9344
36714.9,19931.9,124884,55722.9,40735.4,111051,219.661,-16.5204,208.329,9346
50341.5,28624.4,119942,40579.9,29766.5,97894.4,98.9062,14.459,208.329,9347
55686.3,28899.6,130941,64623.5,44076.3,109645,206.043,6.97605,208.34,9348
48088.3,25333.9,124275,56089.3,39519.5,109824,214.935,5.3445,208.367,9349
58673.7,32573.4,124874,60583.1,42693.6,107297,144.582,62.0686,208.372,9350
64327,37023.5,124568,54383.6,37887.4,107126,187.926,-19.2738,208.395,9351
33127,19206.3,122100,63025.5,46514.7,107002,189.528,11.7583,208.398,9352
56686.9,30994.6,126457,49694.4,36245.8,103394,67.7338,68.3598,208.446,9354
60108.6,35209.6,119529,41215.7,30918.9,98674,155.019,-16.6792,208.509,9355
69535.3,38155.6,128077,67697.4,49050.7,108606,209.636,-4.8714,208.512,9356
32581.2,17439.9,119750,50943.6,35467.3,104094,148.794,-8.63085,208.521,9357
54618.3,29943.8,124127,61964.2,47226.4,103912,49.3129,-5.6127,208.538,9358
23054.5,17544.1,100154,64231.7,57769.5,94404.6,436.696,4.83817,208.604,9359
77385.5,39719.8,134165,63344.2,44326.9,111092,110.187,11.7021,208.619,9360
73723,40948.7,126426,59920.4,43494.8,106632,196.049,6.80726,208.648,9361
68033.4,36577.1,126667,57339.9,42417.4,108283,150.581,26.5567,208.656,9362
54262.4,30465.9,122315,52165.3,37538.8,107667,82.9335,11.1394,208.665,9363
71899.5,36337.5,134276,78397.7,51197.1,114743,190.845,-5.8245,208.666,9364
54984.7,29138.7,130702,70994.6,46996.7,113649,98.033,-1.8003,208.67,9365
48508.3,26735.1,125227,58081.4,43241.8,104524,84.9181,0,208.701,9366
52292.6,28505.5,126336,61312.5,46417.5,107220,148.044,-17.0499,208.74,9368
63601.5,33107.7,141081,83897.7,51638.5,123645,218.352,5.3445,208.775,9369
56721.7,29230.9,128878,54520.2,35993.4,109943,156.113,-20.174,208.785,9370
52175.5,26406.7,137882,98544.8,59534.2,123186,254.935,-0.2118,208.802,9372
54570.1,32009.7,121164,62562.4,46904.8,103413,37.9312,-6.08925,208.821,9373
83072.2,43900.9,134396,75335.3,56742,111772,114.02,-4.81845,208.836,9374
69617.9,36608,131134,61955.2,43340.4,109963,169.057,-6.40695,208.901,9376
66253.7,37640.2,123831,62608.8,47169.4,103962,160.201,7.14483,208.914,9377
79289.5,39045.8,138536,82002.6,54778.8,115901,157.783,6.01962,208.944,9378
70954.5,39294,128515,56954,40134.8,106582,105.887,27.6821,208.964,9379
49747.7,25868.5,130812,64261.7,41520.9,113982,128.049,53.9637,208.985,9380
68065.9,38042.8,127603,46484.8,33440,103366,146.256,21.7737,209.013,9381
69374.1,35449.3,131332,70946.8,49991.4,111995,155.653,3.1504,209.016,9382
59833.2,34600.5,122545,42257.6,31228.4,100398,66.6799,41.0756,209.026,9383
66134,35369.7,128734,55846.1,40524.1,106893,201.134,-0.15885,209.037,9384
73344.1,39352.7,133969,82879.6,59214,115273,79.7801,12.9961,209.075,9385
73105.1,36645.3,134761,74995.3,48661.6,115926,164.228,-19.1679,209.092,9386
39286.5,21983,123659,59647.4,46364.9,104674,136.148,0,209.134,9387
52371.9,28469.8,126949,55826.3,46486,100578,165.493,-15.885,209.274,9390
69046.4,38934,128629,64458.5,48051.7,107172,109.258,-0.68835,209.316,9391
74303.1,37227.1,138337,84892.9,56592.6,117927,239.256,-9.37215,209.371,9392
68400.8,34662.5,134374,79866.1,57458.1,110958,275.072,12.2647,209.387,9394
77732.8,42159.3,133244,78517.6,53823,111504,235.626,-11.5431,209.39,9395
57734.6,30644.6,127153,53677.4,39258.6,104204,76.4495,2.70034,209.447,9398
61649.6,36792.8,121274,45115.3,34048.2,100145,111.523,12.6023,209.485,9399
73151.8,38827.5,132273,77221.6,50167.3,114045,153.579,28.4699,209.559,9401
74955.1,41689,126463,67227.8,51308.4,104680,81.5906,10.9706,209.576,9402
73906.2,38431.4,131634,66650.7,43845.8,110227,103.619,-7.88955,209.594,9403
33719.6,19368.3,117133,32187.3,22605.8,100258,114.252,40.0063,209.638,9404
68253.9,36894.6,127274,52881.4,38072.1,103839,172.216,-3.0711,209.685,9406
30413.9,18994,122184,42001.4,31307.3,103158,138.345,11.8146,209.703,9407
50218.7,26715.1,124802,59370.7,41709.5,106976,193.133,-6.0363,209.817,9409
66444.7,37692.3,124036,44483.7,33833.3,100972,149.198,24.0808,209.826,9410
78755.8,42481.4,128840,66000,46531.9,107590,172.101,-47.6021,209.83,9411
63856.7,36094.7,125824,43692.5,33007.5,98866.8,129.323,5.9071,209.861,9412
56146.3,33613.6,120607,34915.4,25527.3,96087.7,93.3153,-29.3873,209.935,9415
78711.2,44886.2,127879,61756,48266.4,103992,148.967,1.12513,210.047,9416
49545.1,27208.8,124623,55186.8,41419.9,104814,98.7898,-2.2239,210.068,9418
79080.3,43821.6,132253,64454.9,46131.2,107667,140.945,-51.0438,210.087,9420
46079.2,22937.9,139774,54973.6,36456.1,118177,140.598,1.85647,210.093,9421
47010.8,25388.7,121678,42846,31173.6,102185,155.134,-0.68835,210.161,9424
62835.8,33312.5,128048,52504.2,35434.3,106390,134.472,-3.22995,210.251,9426
54386.6,28556.7,124151,52085.4,36620.8,107102,128.686,6.01962,210.286,9427
72487,41260.5,127130,53810.3,39299.8,105483,55.7747,-12.761,210.292,9428
59888.9,31651.3,126221,52640.1,37981.6,104955,122.198,1.6877,210.301,9429
67921.6,34533.9,136482,99165.6,61174.2,119978,267.016,2.13776,210.349,9430
71198.3,37540.6,135071,73507.2,49385.5,114614,217.042,43.0453,210.356,9431
26974.2,16498.6,135658,68076.6,45086.9,123536,178.471,-37.3827,210.36,9432
57676.8,32688.9,123930,56356.3,39672,104889,190.33,36.9673,210.362,9433
31497.4,16108.6,129214,47344,33920.7,107141,122.024,-4.0242,210.418,9434
76777.9,41541.5,132105,72630.7,49127.5,112771,108.27,-78.6837,210.423,9435
80531.4,41271.5,136013,71553.3,46543.5,114138,74.2281,-26.8456,210.457,9436
76919.5,42022.2,127913,80937.7,61878.8,108530,125.327,-3.8124,210.488,9437
44313.7,22047,139563,58893.5,39392.3,118504,145.044,5.6258,210.49,9438
62865.5,34561.2,127830,45138,33299,104382,122.43,-2.27685,210.51,9439
64943.8,35076.7,132385,65359,48086.2,110824,131.695,-6.5658,210.577,9441
72605,40139.9,130617,72266.5,50157.4,110965,132.737,-2.118,210.583,9442
64356,36283.5,125208,51777.7,37369.4,103958,92.616,15.1905,210.618,9443
35481.1,18617.2,120989,37082.3,27300.8,97454.3,68.7874,21.211,210.624,9444
38941.2,19698,125190,55476,36655.5,112298,131.522,2.47531,210.645,9445
59067.9,32109.5,124920,52476,37344.7,104809,150.87,-3.4947,210.887,9447
71093.4,38901,128597,64211.9,46169.4,109669,169.861,-0.26475,210.971,9449
76398.8,40303.3,131473,65141.4,47419.4,107936,97.9748,-0.8472,210.977,9450
55115.5,30148.8,131370,70175.2,45956.7,113902,202.047,-30.3933,210.982,9451
68503.9,40759.1,125340,49534.5,36235.7,103932,102.107,-6.4599,210.987,9453
46165.8,27891.6,122362,51130.5,37829.6,103153,91.6835,-11.0666,211.071,9454
46339.4,23335.9,140084,81398.5,43963.5,132119,157.611,-2.7534,211.086,9455
29716.1,17880.6,131220,67585.9,45151.6,120838,225.234,-6.30105,211.103,9456
72298.3,40096,128311,61701.7,43881.6,107030,101.234,10.183,211.137,9457
23101.1,12263.9,128140,35853.5,27913,100466,137.247,12.0959,211.221,9458
56127,32347.7,122860,45286.9,33637.7,99869.3,137.882,78.9561,211.222,9459
21489.6,10533.9,124691,70728.3,43746.1,119896,203.874,-20.7034,211.228,9461
63759.9,32389.1,134277,77124.2,53025.7,113334,257.873,-43.3131,211.26,9462
55656.1,31415.9,129010,67697,47591.5,111130,123.531,0.843847,211.266,9463
68322.8,36918.9,136255,75791.2,48448.1,115046,114.31,3.03789,211.27,9464
71447.4,35682.2,135474,73551.8,48445.2,114350,87.8352,9.2265,211.275,9465
67526.5,36516.6,128043,49951.6,37469.8,103124,139.963,-15.5143,211.288,9466
35367.6,17217,131183,70176.4,49234.8,109751,223.927,51.1496,211.308,9467
58445.6,32705.6,125125,59905,45687.6,103971,89.818,-4.71255,211.311,9468
68875,36948.7,127740,56879.5,38644,107867,171.297,29.314,211.315,9469
27360.1,19383.4,106916,32408,28349.9,87379.2,123.067,1.23765,211.322,9470
35935.8,19324,118654,40405.3,31156.8,100155,125.443,9.11397,211.341,9471
33488.8,17379.4,120477,63410.1,42096.9,110474,171.469,0.281281,211.418,9472
58807.8,31517.6,127278,44721.4,31748.6,103565,111.058,8.43883,211.459,9473
72339.8,38549.4,128640,60834.2,45705.6,103223,90.1095,-41.4069,211.478,9474
53394.5,29995.9,121683,54072.3,41013.6,101731,177.725,8.43883,211.481,9475
71570.8,36221.4,135754,91864.8,58926,117623,290.979,47.4351,211.505,9476
21757,15007,118569,47899.8,36029,101512,179.331,7.25735,211.558,9477
62375.5,33987.1,129401,56379.7,39139.8,110254,182.025,1.85647,211.61,9479
63394.9,36410.2,128084,55617.2,38259.5,107016,146.948,14.0089,211.699,9482
51597.8,30090.5,121563,49487.6,36678.6,101576,86.0268,-34.5764,211.765,9483
62902.6,33715.4,131449,51513.9,33900,113812,159.741,-8.6838,211.768,9484
59231.7,29740.6,131689,78911.9,49682.8,117503,111.349,-1.1649,211.771,9485
52183.2,27248,134479,45683.4,30079.5,111494,130.538,45.9155,211.788,9487
75268.1,41735.6,128708,57177.4,39815.5,108292,143.197,-0.2118,211.806,9488
76151.4,44904.3,126717,69501.2,55076.6,104454,160.662,12.7711,211.838,9489
51538.8,28439.9,125247,46749.5,33838.6,102568,118.893,14.9091,211.841,9490
72218.7,42285.3,125217,56759.5,42307.3,104128,91.2172,-19.1679,211.842,9491
63579.1,33855.9,128343,63534.9,40434.1,110684,130.191,-9.531,211.884,9492
82472.8,43718.4,132264,68177,50763,107413,104.84,13.9526,211.89,9493
27667.5,14676.3,120101,33945.2,26313.2,93095.9,149.486,29.2577,211.891,9494
79583.4,43270.2,128912,63171.2,45178.3,107090,227.508,12.4897,211.917,9496
28944.5,15298.1,130777,46274.4,29794,117430,196.735,3.88176,211.92,9497
75300.1,38897,132014,75761.5,54758.5,110835,189.185,-19.6974,211.921,9498
58203,33156.9,121768,45691,33121.7,99646.8,173.192,-9.37215,212,9501
59883.5,35573.5,120069,35130.4,25965.4,97449,82.2913,15.6968,212.007,9502
36295.3,21780.6,125332,64019.2,43147.5,115017,188.956,44.8462,212.024,9503
31486.5,16024.2,124395,59451.9,42688.3,110874,167.965,-8.31315,212.067,9504
29633.5,14841.6,127650,82164.4,53736.3,124196,220.912,-0.37065,212.067,9505
72581.8,37117.1,131302,58455.9,38037.9,110895,128.57,-3.33585,212.093,9506
25251.9,13603.6,114993,44152.3,31867.8,103928,98.0912,9.62033,212.096,9507
55289.4,33092.9,121372,44937.8,33671.3,101063,63.0667,23.6869,212.106,9508
58875.2,34355.4,121373,63788.7,46303.9,105010,162.33,26.613,212.123,9509
56342.7,33553.8,119755,37651.6,28542.8,96300.5,62.4739,-15.9909,212.149,9512
53635.7,31125,122208,40831.2,32295,98069.5,109.955,-26.8456,212.195,9513
54510.7,28946.9,126527,60423.2,41727,106953,111.697,17.6099,212.216,9514
27245.2,13513.8,128756,45378.9,29108.3,111417,120.459,2.0815,212.216,9515
57839.2,32657,125325,72234.7,50050.4,106269,132.852,-8.63085,212.218,9516
52935.8,27987.5,135737,80652.6,55291.9,114428,264.703,4.66939,212.234,9518
61959,33231.8,129362,66335.7,45287.1,111581,122.256,6.63848,212.288,9520
66308.9,40893.3,123397,52074.5,39714.8,103080,127.933,-1.85325,212.327,9521
67648.2,33601.1,140614,70121.4,42549.7,120444,302.582,23.2367,212.334,9522
62877.6,35418.5,124341,48626.7,34463.1,103936,148.159,-15.2496,212.352,9524
38456.9,21343.2,132046,73125.6,45537.6,118174,154.846,-2.3298,212.355,9525
42452.4,24120.2,120848,46821.3,34805.5,103254,70.2505,20.8734,212.359,9526
70815.1,35373.7,138060,89334.5,59229.8,121443,223.188,7.53865,212.383,9527
58171.4,33310,128105,54891.8,37169,109659,84.101,11.252,212.439,9530
64205.1,32003.4,133925,75592.6,51320.9,114252,149.428,-1.3767,212.453,9532
70434.2,38944,125027,51401.5,35246.2,104386,120.227,17.4974,212.523,9534
68641.9,34604.7,136863,79475.6,51178.2,120509,191.016,-7.46595,212.531,9535
62738.2,36879,120853,48869.2,36975.1,100769,101.118,-16.997,212.62,9536
52868.7,29060.4,127149,63848.4,46100.8,110528,101.001,-19.3268,212.703,9540
59620,32903.8,125290,63873.5,44521.3,108258,102.572,6.69474,212.705,9542
42471,22127.5,125752,51934.3,34695.2,112770,162.1,-3.54765,212.705,9543
55826.5,32902.4,122423,55240.3,41301.1,102495,163.596,-18.3207,212.849,9546
63621.9,35349.9,131175,80584.1,53609.6,114611,209.807,56.609,212.923,9547
56618.5,29945.3,126680,59792.5,41352.6,108743,170.78,12.2084,212.943,9548
45957.8,23720.6,131421,62612.1,38007.4,114996,206.727,-0.9531,212.945,9549
63355.2,36617.5,122203,44698.6,33603.9,99862.7,201.134,-0.7413,212.973,9550
81685.2,43499.3,134021,68403.5,47707.6,110561,201.248,28.3574,212.984,9551
60187.4,31092.4,129171,52000.2,35457.1,108133,124.574,-2.27685,212.995,9552
57290.9,32441.6,123875,47834.4,33557.1,107119,141.464,-30.6581,213.024,9554
51523.5,28844.5,126762,57378.5,40441.9,108374,115.18,13.1649,213.041,9555
58796,31380.2,128496,54300.6,37237.3,107827,120.459,36.1232,213.159,9559
75258.9,40111.9,130810,64522.6,46110.9,108223,211.688,0.225025,213.217,9560
63257,30674.1,134614,84982.2,53460,119517,228.644,-1.9062,213.22,9561
71665,41183.3,129328,65938.4,48728.2,108538,197.192,-2.80635,213.242,9562
71891.5,40430.8,128367,59162.4,42656.5,108531,151.792,3.76925,213.251,9563
59131.2,30046.1,135060,100653,66932.1,117025,183.229,11.3082,213.285,9565
55703.6,32055.2,119391,43110.1,33501.8,98112.1,75.4558,-16.6263,213.341,9566
44519.9,26651.9,119697,46037.4,35166,102554,74.345,4.38809,213.373,9567
56703.3,30966,127305,56715.2,40235.3,105001,124.4,-2.27685,213.494,9569
33015.5,17841.1,156112,56340,39212,131721,165.838,-8.8956,213.524,9570
67282.6,34956.5,131451,58503.6,41387,106715,118.835,18.8478,213.591,9571
76753.1,39067.5,135050,67337.7,43667.2,111904,168.597,-5.24205,213.596,9572
41482.4,22853.9,137769,46466,29485.3,122685,144.236,40.2314,213.624,9573
52792.2,32897.6,117509,42830.8,33314.4,97046.4,63.8375,-8.31315,213.628,9574
58782.1,32286.2,125736,40721.7,28073.3,103712,106.933,-23.7745,213.657,9575
60360.5,33941.1,121686,47377.9,37740.3,97739.2,52.9884,-13.9788,213.883,9578
53807.8,31921.9,131287,48797.8,34497.7,107616,127.18,-21.0741,213.899,9579
66612.8,34321,132696,63909.3,43911.9,111447,111.407,-16.3086,213.899,9580
68135.4,38268.3,127449,49009.4,34677.9,103625,172.675,-29.9697,213.901,9581
65805.8,34345.8,130272,60394.7,38361.3,114299,206.841,0.393794,214.019,9583
47648.2,23940.9,130547,88017.1,63087.4,114330,251.599,-0.6354,214.025,9584
49196.1,28430.1,127149,70499.1,49030.7,110303,134.472,21.0422,214.056,9587
47244.5,25113.5,127552,74928.3,47022,114310,176.004,-11.0666,214.056,9588
67461.9,35507.9,128882,57235.4,42015.6,106959,212.999,-8.8956,214.097,9589
63093.7,35184.2,126607,53413.1,38586.8,104477,156.977,44.1709,214.111,9590
68728.6,34405.6,133998,72830.2,52043.1,111527,147.813,-24.4629,214.127,9591
83011.2,43130.4,133501,70831.8,46807.4,111093,174.627,-1.1649,214.231,9593
55016.3,30887,121890,54101.4,39695.1,103145,71.2452,4.61313,214.287,9594
50587.1,28207.9,128540,51007.5,38654.2,104885,87.1352,11.5895,214.376,9595
64319.4,38945.1,124131,49886.1,38083.5,100891,150.063,-14.5612,214.398,9597
71169,40842.7,128173,64274.6,44593.3,108616,185.807,-15.7261,214.449,9598
65132.6,35274.3,127145,52414.7,38911.7,102716,95.8203,36.2358,214.482,9599
22954,11450.9,122000,52455.9,34525,111181,72.7076,-2.6475,214.55,9600
71114.7,35527.5,135151,83415.9,53569.1,117680,183.114,4.72565,214.562,9601
51551.8,27836.7,124781,61574.6,44825.6,108081,120.169,66.9713,214.584,9602
69336.6,36280,131161,70941.4,49610.6,109551,91.1006,-46.2783,214.662,9604
79141.3,39438.9,136556,71621.3,45348.5,117029,177.553,-2.48865,214.695,9605
56711.9,31287.3,126811,60054.3,43526.9,104900,172.503,-4.7655,214.715,9606
71858,38283.2,127787,56829.7,39807.6,106321,97.509,10.183,214.752,9607
37220.4,20939,128572,70557.3,46690.4,114287,198.049,-1.1649,214.756,9608
36745.6,20352.9,125775,84185.2,57191.1,123765,264.816,-14.5083,214.761,9609
47828.9,26795.7,121792,46609.7,32426.1,105878,143.37,-7.5189,214.785,9610
68498.9,36247.6,130811,72147.8,51428.9,108535,363.962,-5.03025,214.791,9611
40297.1,19751.2,147795,45124.2,30020.7,112263,193.419,-5.13615,214.831,9612
64394,32164.6,134528,87436.2,55648.7,122079,198.963,-23.0332,214.901,9613
45617,24746,130936,65653.6,43907.4,114294,150.351,-1.74735,214.912,9614
46390.3,25535.6,128118,71686.6,48861.8,111889,209.693,5.51328,214.949,9616
72229.3,38954.3,128617,69502.7,48646.8,110283,156.401,-30.2344,215.056,9619
71732.8,36742.1,136240,75775.8,52790.5,114762,126.485,45.5216,215.076,9620
68420.8,37428.7,124838,58794.9,40157.5,108107,190.73,-1.21785,215.11,9621
58690.4,32541.8,123821,41923.1,30965.8,100497,79.5465,-21.7095,215.113,9622
46999,23643.9,126803,56844.7,38782.1,112028,174.397,-1.059,215.2,9624
56855.7,33997,120126,43465.5,33288.3,97121.2,66.6214,6.24466,215.299,9625
61352.6,36795.5,120805,37998.3,28969.8,96936.5,76.2158,-1.1649,215.312,9626
66766.4,34818.2,128766,55071.2,39084.2,103903,118.023,-17.6324,215.341,9628
66508.3,37340,127437,53063.5,38190.5,105378,158.532,-11.0666,215.362,9629
57509.1,33052.8,122412,41717.2,30767.9,102674,121.445,-13.714,215.37,9630
51838.5,26240.5,133882,63444.3,44664.4,111564,169.689,10.9706,215.37,9631
59390.2,30188.2,130728,89909.4,62251.7,114252,287.161,31.0022,215.401,9632
68272.1,34652.7,135069,62030.9,40332.7,110479,142.273,14.8529,215.408,9633
44237.2,24119.8,125113,61008.2,43226,108295,125.733,-4.39485,215.483,9634
75711.8,41668.3,131636,69941.2,47229.8,110143,171.182,0.112512,215.509,9635
54920.2,28286.1,128724,60641.1,44730.3,107005,87.1352,-15.885,215.514,9636
78318.1,39552.2,135259,74115.3,46139.3,117899,153.694,-0.37065,215.535,9638
54174.7,34299.9,117350,40186,30698.2,96826.2,51.2099,-8.5779,215.563,9639
66021.8,36553.8,127451,47730.2,35222.1,103996,53.8776,-14.1377,215.607,9641
72441.6,34685.4,142420,90811.8,53308.3,122864,200.963,-14.7731,215.669,9643
76863.6,40865.4,132253,64929.7,47079,107287,113.207,-4.28895,215.682,9645
52382.9,27465,126648,80373.1,60735.4,110245,159.856,0.61882,215.693,9647
52439.9,29856.4,121557,38657.4,29637,99825.3,94.0727,11.9271,215.694,9648
60879,34672.6,124588,52953.6,38407.8,104571,141.869,8.83266,215.707,9649
42646.1,23433.3,124113,56735.6,41370.1,106877,149.544,7.59491,215.707,9650
53744.8,30286.4,128708,60850,42432.1,110375,162.905,23.2367,215.737,9653
58858.4,33454.1,121908,49653.7,38515.1,99693.7,51.9213,-45.7488,215.763,9654
62741.8,36756.9,127508,51433.1,37683.1,105258,31.4702,32.6904,215.764,9655
38033,20730.2,118116,46873.4,34449.4,100072,66.1529,-2.27685,215.766,9656
36315.3,19269.3,119905,51435.6,38279,104118,88.6517,1.85647,215.766,9657
49983.3,26803,128786,78568.7,57069.3,118552,231.881,32.2965,215.767,9658
56912.6,33175.4,121213,56740.6,42113.8,104209,127.644,-10.8018,215.771,9660
70196.3,41062.3,131613,71030.3,51224.2,109881,135.975,0.731334,215.799,9662
69783.9,40017.3,124080,48976.2,38174.4,100185,75.222,41.9197,215.884,9663
29398,18283.5,121222,58471.7,34627.3,124899,207.925,22.3927,215.918,9664
67485.3,37333,127900,58669.4,43271.4,107145,144.005,-20.5446,215.926,9665
57976.1,32540.6,126286,54042.9,38722.4,105059,70.309,-37.4886,216.004,9668
60610.8,33840,127887,63401.6,44298,110030,102.107,-14.0318,216.039,9669
43998,22569.1,130837,78532.2,51592.7,117648,152.08,-1.9062,216.18,9673
81375.1,41173,136240,70825.8,49244.3,111595,91.7418,-24.1982,216.193,9674
68895.4,42425.4,122568,50095.6,39194.7,96304.3,106.061,-18.9032,216.196,9675
67705.3,36839,127498,64242.9,49988.1,105243,55.4783,-3.01815,216.388,9678
56092.6,32831.3,126801,49972.3,29416.7,215819,242.713,-35.6883,216.407,9679
69893.5,38053.4,127985,63497.6,48299.6,103824,162.215,-42.5188,216.421,9680
55789.6,29497.9,128761,59707.7,44771,106669,72.0056,1.23765,216.43,9681
70640.4,37115.5,129449,57747.5,41120,107166,59.6282,31.79,216.435,9682
49318.4,24859.9,127953,54613.9,35811.9,109871,125.559,-37.065,216.468,9683
52884.3,31827.4,124017,46549.7,32911,105220,158.417,-4.7655,216.492,9685
58511.9,30430.9,131195,72255.7,51129,110063,181.567,6.63848,216.511,9686
64219.9,35156.8,126628,50021.1,35748.2,103858,182.427,-12.6551,216.535,9687
68654.1,38915.4,127099,57330.4,40168.7,107433,118.371,1.80022,216.54,9688
80719.2,46300.1,132367,77483.2,49721.6,114619,183.687,22.2239,216.565,9690
59415.7,31671,126718,52443.6,36887.7,106476,91.1589,0.843847,216.652,9694
39299.9,21701.7,121394,47769.2,36237,100957,111.465,-16.2556,216.719,9695
40517.1,22570.8,124016,58902.5,41241.3,107353,167.448,-8.1543,216.727,9696
78797,41997.4,132493,65738.6,46665.7,107771,192.504,-14.1377,216.737,9697
65455.1,38308.8,125239,52930,39991.5,104181,90.2261,34.8289,216.746,9698
67843.9,36991.9,126879,55725.2,39806.6,105067,219.547,43.1016,216.778,9699
72629.4,41012.2,126532,60073.7,43643.6,103732,113.845,-2.6475,216.791,9700
45356.1,24448.4,124356,49312.6,34790.1,105297,21.3347,-13.714,216.87,9701
51700.5,29506.8,125108,74115.2,55185.2,108581,162.273,18.5102,216.926,9703
79690.1,41620.9,134767,73689.7,47599.5,118292,258.89,-9.05445,216.927,9704
49849.1,27416.1,125147,62191.8,43571.8,107120,167.448,-33.4644,217.033,9705
80334.9,41210.4,138746,76061.8,52589.6,117129,144.351,44.8462,217.038,9707
45570.7,25184.8,127043,62345.6,40308.5,119720,294.401,62.9146,217.045,9709
63258.9,34490.3,125166,49005.9,34404.5,106825,124.748,-18.9032,217.073,9710
69892.2,38076.8,127515,54986,38347.6,104397,116.399,1.35016,217.074,9711
58621.4,30570.3,130752,51305.9,33968.4,109874,116.805,-11.0666,217.178,9713
31413.7,17950,121963,72257.4,50346.4,111536,114.02,0.731334,217.182,9714
47469.3,25468.3,132186,53179.4,32755,113987,161.87,-13.82,217.184,9715
28313.8,14691.7,125475,70505.8,45120.3,115305,158.417,47.9416,217.255,9717
28398.1,14714.3,124981,73373.3,48352,117914,138.98,43.8895,217.277,9718
72638.5,38503.6,130537,76150.9,53457.8,111777,181.051,-6.51285,217.303,9719
32194.1,17765.5,119980,47658.3,31896.9,103958,196.506,-3.75945,217.368,9721
58591.9,32229,124235,53327.8,38759.8,102652,96.8103,18.3976,217.379,9722
72643.2,40719.3,128159,57272.2,39526.4,106897,85.6183,-0.6354,217.412,9723
60135.7,31994,135722,79312.9,52502.4,117252,186.494,-11.9667,217.427,9724
45709.3,24075.5,123688,57104.3,39072.4,113338,221.652,2.30654,217.476,9726
56014.3,31496.2,126062,50551.2,35466.1,105101,70.7186,8.32631,217.491,9727
72886.4,35820.9,137434,80871.1,50895.8,120816,229.325,19.7481,217.497,9728
56949.2,30943,127269,60613.8,41407.9,107359,111.755,-43.2602,217.565,9730
49945.7,27884.5,123649,49537.9,36292.7,103112,86.6102,2.98163,217.581,9731
58740.3,35310.7,127275,69170.7,49785.3,111567,153.752,-1.4826,217.581,9732
64880.5,34476.8,131922,62107.3,40216.2,113980,169.057,-19.062,217.662,9733
62810.4,35213.6,125155,40394.2,28536.4,103834,96.6938,-35.9531,217.68,9734
65017.1,34187.9,133434,76446.6,48564.7,117281,159.223,18.3976,217.702,9735
58980.2,31408.2,131401,72498.1,47868.2,113282,136.148,-16.6263,217.704,9736
69960.2,38596.3,129872,72040.5,49181.3,111044,150.754,9.28276,217.75,9737
49996.4,26201.8,125650,61483.9,47102.6,105568,102.63,-12.708,217.756,9738
78953.1,43066.4,134660,71152.8,45629.9,145670,167.448,-2.91225,217.837,9739
58482.5,32465.8,124370,51411.2,38855.6,101015,94.364,-32.3524,217.904,9742
65765.4,36941.6,123345,56678,40531.5,103672,96.6938,18.679,217.913,9743
70926.4,40098.9,130393,77492.8,55201.5,111852,170.493,-1.4826,217.918,9744
60966.4,32414.8,130595,60141.4,40936.5,110405,216.929,-4.60665,217.923,9745
50344.3,31216.4,116653,39331.8,30706.4,96895.5,74.6373,12.6023,217.974,9747
58198.2,33445.9,125451,64008.9,46851.2,107662,143.197,1.46267,217.977,9748
68433.3,40227.5,124020,46691.3,36398.8,100889,140.945,-12.708,218.044,9749
53538.1,27521.7,128199,58459.9,41169.2,106739,158.071,1.63145,218.115,9751
74724.1,42586.2,128822,61273.1,43457.8,106857,131.232,-8.73675,218.115,9752
76094.9,40713.4,130235,66989.5,46184.8,109747,189.414,-47.7609,218.134,9754
52235.8,28872.3,128417,67486.8,47628.7,111585,106.236,-0.6354,218.143,9755
63317.6,33300.5,128610,55758.2,38682.3,104960,153.521,-3.7065,218.144,9756
77203.9,40457.7,131485,70475,49143.3,112021,223.188,-6.61875,218.148,9757
61023.3,34485.8,123453,59346.4,43813.9,105321,87.1936,13.6713,218.197,9760
61882.8,31352,135662,87637.5,56031.8,118726,201.705,-21.0741,218.249,9761
70652.8,38499.9,127186,64952.9,48656.2,106786,133.431,-4.28895,218.256,9762
28935.3,14230.9,122618,54422.5,33759.2,112357,109.141,-0.79425,218.261,9764
71753.1,40333.8,128280,60894.7,42718.1,111234,192.218,10.1267,218.285,9765
52407.5,27543.7,127595,82365.4,54834.4,114985,204.901,15.8656,218.29,9766
70153.2,37767.1,128219,61692.5,45487.3,105583,105.189,0.225025,218.325,9767
57177.9,30425.8,134929,89459,57576.2,118611,108.677,53.5135,218.329,9768
52483.1,30278.7,132886,77942.1,54131.1,127489,237.611,-15.0378,218.351,9769
67001.6,35243.3,131646,46964.9,30377.5,107653,149.89,-4.7655,218.445,9771
73264.4,37166.2,135388,72939.4,46810,115890,136.553,-8.1543,218.465,9773
71557.8,39551.8,126957,66420.1,50802.4,107661,167.85,2.81286,218.471,9774
21775.4,11127.5,122404,54350.7,37597.7,107848,216.473,4.66939,218.482,9775
70414.2,36740.8,131797,66306.3,45571.2,114107,255.952,56.4965,218.526,9777
66557.5,37511.6,124690,59906.1,43520.7,104535,209.921,33.9847,218.535,9778
57243.6,30780.6,125005,57303.6,42575.6,104660,114.89,21.211,218.646,9784
62347.6,34648.5,124206,60169.9,42414.8,104410,61.1103,3.03789,218.708,9785
36153.3,20828.9,145550,85679.5,53354,135232,180.306,-20.0151,218.723,9786
61047.9,32654.7,126796,54674,37429.7,106916,120.923,-12.8669,218.769,9788
64503.4,36696.2,121717,47783.2,35593.4,102258,103.735,-6.8835,218.796,9790
74408.6,39572,127914,55049.2,38030.2,106932,178.184,-29.2284,218.808,9792
72745.9,38497.5,128078,64621.4,47834.8,107747,174.742,-20.6505,218.849,9795
63610.8,36715.3,120602,51791.6,39569.4,100235,92.9074,-4.60665,218.908,9796
52660.8,28478.4,127697,77093.8,55016.6,111058,264.534,-20.068,218.988,9798
57063.3,34152.7,119226,38909.5,30803,95391.3,91.0423,-7.14825,219.143,9801
73162.6,40229.3,126602,57546.2,39952.4,106929,166.126,73.6884,219.145,9802
62956.4,36131.4,123920,50036,37733,101554,127.759,18.4539,219.184,9803
21335.2,10869.6,120339,45939.1,31336,104723,141.638,27.6258,219.195,9804
68394.7,37694.8,128833,67910.4,43294.3,110427,212.144,4.78191,219.249,9806
37955.9,21376.8,139286,87838.1,54180.3,124360,157.15,23.0116,219.282,9807
64431.2,38355.4,122264,58931.1,47752,103234,105.364,7.81996,219.374,9808
41148.3,20717.3,132056,83120.5,51140.3,121000,162.963,-10.3782,219.434,9809
47047.3,26238.9,127290,61698.6,40530.4,111338,185.635,12.0959,219.466,9810
27665.5,14767.8,131605,73012,43631.9,124733,319.966,18.3414,219.494,9811
56521.3,31758.9,129681,80484.6,55501.2,120432,298.381,72.2457,219.543,9812
68376.6,39342.6,129104,74923.9,52346.9,111192,188.555,13.0524,219.559,9813
58302.3,32136.9,126998,56822.7,40196.5,105121,94.2475,-0.37065,219.572,9815
78881.9,42142.7,131137,71620.5,46978.4,111752,173.307,34.4349,219.636,9816
60033.1,33351.5,124981,57514.5,40926.5,111852,187.639,-7.99545,219.739,9817
61402.5,36326.4,121082,48385.4,36027.5,98230.5,163.135,21.9988,219.881,9819
56392.1,32551.1,128449,60921.3,44404.3,108710,80.9482,47.7165,219.951,9821
48989.7,24536.3,128606,57160.3,39285.2,111553,154.558,-6.61875,219.964,9824
56826.5,32353.7,121595,43590.1,30892.4,101894,49.6093,-49.1376,220.031,9826
41280.1,21492.2,128554,73605,50892.4,113439,204.959,47.7728,220.044,9827
45034.9,22552.6,133787,73320,42467.5,119997,295.074,-22.9803,220.047,9828
72840.1,43986.4,124332,52931.7,40416,102882,109.78,47.0974,220.118,9829
32124.4,17984,133493,68846.3,49296.4,117653,261.092,-31.8229,220.179,9830
53602.5,29966.1,125261,51541.8,37675.7,103075,41.0729,-19.3797,220.203,9831
58719.7,30837.3,129248,58952.6,40234.3,108454,164.401,52.3878,220.204,9832
57494.7,33481.6,127033,54568.3,40457.3,105781,117.559,46.1407,220.206,9833
47414.5,25844.3,125651,53578.8,39000.4,108305,125.095,-11.4902,220.209,9834
48900.8,25511.5,127799,64796.9,47346.2,110428,129.728,14.0089,220.242,9835
78406.1,39604.4,139132,66763.9,42827.3,113359,107.805,11.3645,220.294,9837
59279.3,32060,127714,62408.5,46682.9,107340,116.051,-4.3419,220.305,9838
59866.1,31885.8,139087,99906,58470.7,123842,320.579,28.2448,220.307,9839
41065.5,22370.6,124043,63880,49196.2,104509,97.6255,-13.2905,220.313,9840
55726,31346.8,128753,72113,45208.6,115350,118.661,2.64408,220.358,9843
69604.4,37765.3,129318,64671.5,41018.9,112153,112.104,-1.64145,220.376,9844
74912.8,38017,135875,79684.9,55449.2,112075,191.131,4.89443,220.398,9845
66775.5,34863.8,130525,50803.5,35012.2,108564,141.233,9.45155,220.404,9846
59597,34591.8,120830,46574.2,36081.7,97945.7,35.3823,64.3598,220.404,9847
42903.8,22088.9,127703,63880.1,44836.6,111950,101.001,-1.6944,220.455,9848
64155.1,34905.3,126744,66632.1,44803.4,109569,162.675,-17.9501,220.465,9849
39926.1,25204.1,112664,37485.1,29196.8,93473,100.245,11.0832,220.475,9850
63433.4,33585.6,126925,60446.1,41892.5,107704,105.771,-24.5159,220.498,9851
65961.9,33014.5,138370,79667.4,52562.8,115457,191.417,12.9399,220.511,9853
67260.3,37505,127182,53274.1,38467,104506,142.966,0.168769,220.566,9854
71292.3,35630.9,139428,79533.2,51826.3,117885,166.183,0.0562562,220.673,9855
45939,25068.7,124906,45954.4,32489.3,114441,92.5577,-45.4841,220.7,9856
72228.3,39346,127490,64081.9,45044.3,108359,30.2847,-9.8487,220.725,9857
59229.6,35039.7,125043,48100.3,37200.9,99570.2,141.638,-6.19515,220.833,9858
53796,27890.5,128655,61446.3,43456.3,109212,146.948,3.1504,220.933,9859
54118.9,28848.9,124672,47982.9,35743.7,103397,130.885,6.4697,220.963,9861
59761.6,33596.8,124996,60330.9,44640.8,104866,145.967,-22.5037,220.967,9862
59885,34081.5,129353,62940.8,41651.5,111555,113.033,-20.4387,220.975,9863
68648.1,38314,127587,55501.8,40743.2,106909,160.431,25.0936,220.996,9864
75327,44315.5,129007,66522.8,47494.1,108229,223.756,40.9067,221.006,9865
21548.1,11256.5,114074,29338,21311.4,94403.6,114.194,-9.1074,221.036,9867
53049.5,29877.2,123895,51887.7,37575.8,107660,23.4684,-17.7383,221.073,9869
50322.4,28279.1,124006,42253.9,31309.7,100314,117.385,-14.1906,221.079,9870
75789.2,38645.1,133865,69266,46836.7,110939,209.009,20.4795,221.122,9872
75052.8,39205.3,133796,78680,53427.8,114922,183.745,-6.2481,221.124,9873
55345.4,28381.1,128171,59509.9,42451.6,108248,193.648,1.91273,221.132,9875
80262.1,41384.9,135975,77190.5,50086.7,117111,167.85,-9.90165,221.138,9876
57643.1,30661.5,127060,56946.1,41363.1,107760,152.138,-7.88955,221.161,9877
70319.1,36939.1,129296,55025.4,37061.1,106426,88.7684,-4.07715,221.167,9878
30565.5,18435.8,135572,81790.6,54644.7,120681,169.401,18.6227,221.223,9880
62042.1,34191.2,124545,38142,27479,100264,120.401,7.14483,221.289,9881
57116.5,29892.6,128970,73370.3,52751.9,110020,198.963,-6.6717,221.297,9883
62265.1,37800.3,122759,45383.2,33493.6,102815,115.529,-21.9213,221.349,9884
52610.5,28471.2,127902,53530.1,37249.4,107885,147.236,4.83817,221.445,9885
53151.1,27700.6,124649,63734.8,46975.2,106772,163.941,6.24466,221.471,9886
56551,34065.4,121356,33877,24106.9,98401.3,112.51,-0.15885,221.498,9887
65526,36586.2,123585,59903,41618.3,107296,138.114,6.24466,221.526,9888
55242,30677.1,130684,69638.8,46734.5,111643,141.811,0.168769,221.532,9889
52623.7,29218.4,127475,60064.7,42494.9,107942,164.343,-47.4432,221.569,9890
61727,39098.4,117092,44811.9,35628,96578.7,102.979,-5.55975,221.628,9892
81068.1,44860.9,126781,64650.3,48371.9,105192,129.265,15.6968,221.631,9893
45501,23757.9,126775,71938.3,47978.3,112023,207.298,29.933,221.634,9894
64583.6,36285.8,138172,87658.6,53890.5,122058,189.471,-22.7155,221.635,9895
20139.9,10415.1,114914,30899.4,20746.8,99417.9,150.178,-12.2315,221.704,9897
60801.2,31666.5,128321,69971.3,54323.8,107489,177.553,5.40076,221.71,9899
58424.7,33992.1,126431,51045.9,36439.4,103407,58.0868,10.6893,221.724,9900
69300.9,36934.2,128531,59029.5,42119.6,105641,73.0585,-0.37065,221.786,9901
71383.6,37601.3,127563,82308.6,61893.5,108436,106.584,12.7711,221.831,9902
63809.1,32909,129088,69974.5,50451.2,109492,140.945,-13.1316,221.907,9903
67471.1,35386.4,131908,61314.2,41629.3,110152,145.39,5.40076,221.931,9905
75918,41909.7,127211,61584.8,45679.3,105296,157.38,-0.5295,221.978,9907
39771.3,22802,121302,42028.1,30560.7,100757,107.514,12.7711,222.077,9909
26360.2,16739.4,114159,41228.5,30219.5,100599,211.973,27.5696,222.078,9910
22142.7,14571.2,119687,47546.6,31301.1,107841,187.239,5.17572,222.086,9911
63544.7,35117.9,128827,63023.4,45266.8,108012,134.529,0.112512,222.099,9913
53325.9,29144.8,124435,50058,37074.3,103272,67.4996,-44.8487,222.127,9914
67202.2,37657.1,125229,47910.9,34825.3,103289,75.7481,-0.47655,222.205,9915
59871.9,30544.3,132271,80711.9,53705.1,121601,245.148,10.2392,222.283,9916
61093.3,34102.1,127551,53216.2,37999.5,105043,72.5906,15.303,222.348,9918
68032.3,34968.1,134509,75522.4,52993.7,111972,149.025,59.1981,222.39,9920
66043.4,36014,128359,57205.7,40164.2,107600,109.49,28.0198,222.405,9922
44682.8,22514.8,127565,55527.9,37911.7,113737,208.153,-24.4629,222.419,9923
39072.3,18676.7,175696,45310.6,28445.5,143464,274.115,-15.1967,222.421,9925
62540.4,35501,124882,61450.8,44880,107485,99.4883,-2.17095,222.465,9926
37314.7,24129.5,143392,80319.9,52351.8,127605,194.62,6.751,222.47,9927
50384.8,25260.2,129329,86483.6,55439.7,117238,173.594,-1.6944,222.506,9928
48686.5,27440.8,123961,49833.5,37038.1,102509,152.83,-3.86535,222.59,9930
51411.4,27029.5,128289,60147.3,45283.6,107363,109.025,44.1146,222.627,9931
52061.1,28339.5,123584,54117.9,39620.6,104988,112.859,9.84538,222.637,9932
61343.8,35175,120960,42680.1,31400.7,98508.9,115.877,13.9526,222.695,9934
27500.8,19971.2,144271,71274.4,46608.2,135254,202.333,15.6968,222.745,9935
60923.8,35611,121692,42799.6,31402.5,99447.5,93.3153,7.70744,222.763,9936
56651.9,31509.5,121456,42054.2,29119.8,100173,137.651,96.0531,222.783,9937
37490.3,20723.6,119928,51093.2,36443,107259,192.561,12.4335,222.831,9939
54807.7,31787.5,122078,61635.2,43823.4,106791,125.385,-11.7549,222.833,9940
26124.5,14172.6,162700,31881.3,18658.3,183195,181.108,21.2673,222.852,9941
62791.4,36342.5,124818,50209.4,36311,104201,94.0144,-14.1377,222.882,9943
71157.9,38389.3,128759,49645.5,34351.4,106762,77.2678,-18.1618,222.901,9944
61564.4,36054.9,123897,48683.1,37895.1,102633,107.921,-38.6535,222.983,9945
73764.2,40195.2,133618,75623.3,55312.1,110486,33.7226,-33.1996,223.156,9946
68727.2,36210.5,128885,60812.3,40536.9,111057,135.686,-30.0226,223.189,9947
57293.1,32106.7,121993,48218.7,35010.4,103658,75.0466,-13.6611,223.193,9948
47510.6,25037.3,128946,68978.8,49656.7,109607,212.543,-34.947,223.275,9952
57110.5,29241.5,131581,63607.6,42539.4,112390,137.015,-14.2965,223.296,9953
51029.6,29310.8,121818,52486.8,37978.4,102744,94.4805,-13.3434,223.318,9954
67959.6,37008.6,131622,67540.2,43698.2,111665,237.555,34.1536,223.439,9955
50098.6,25435.6,127650,58151.7,39472.6,109307,144.928,-21.0211,223.448,9956
40613,20604.3,132175,78266.7,49548.5,116313,222.846,8.43883,223.483,9957
65084.8,35345.8,129025,47365,31719.3,107105,78.787,-27.4281,223.509,9958
56649.9,30963,124708,66769.8,48705.3,107048,157.035,36.6297,223.575,9959
69671.9,37791.3,126633,51323.5,37777.4,102498,126.833,7.25735,223.615,9960
59086,34167.8,120896,35904.8,28032.4,95411.8,95.8203,-12.9198,223.632,9961
54179.8,28948.3,126764,56750.3,39922.8,108416,89.0016,2.25028,223.634,9962
48001.6,26477.2,126957,54047.7,37778.2,107000,165.781,-8.472,223.637,9963
53829.6,30542.6,121404,48765,37272.2,97422.4,44.9854,-9.26625,223.735,9964
28578.8,15508.5,121967,59109.4,37519,116311,193.59,5.0632,223.763,9965
68383.8,37455.4,127404,51297.4,38436.1,103508,58.5611,9.2265,223.766,9967
54764,29459,126353,49928.2,36426.5,104251,146.486,2.92537,223.767,9968
46089.2,26107.3,145894,96171.3,54994.3,128962,225.973,26.3879,223.772,9969
36035.7,23616.6,136351,73411.2,50197.6,117444,206.955,7.81996,223.857,9972
60567.2,31389.5,128539,66422.4,43612.4,109311,182.083,16.0907,223.9,9973
55315.1,32205.9,124172,57808.6,40646.2,106538,83.5757,-0.1059,223.954,9974
58038.2,29543.1,131658,69232.1,49648,112614,272.933,24.6997,224.004,9975
60367.1,35254.4,122528,45192.4,35298.7,97605.3,102.223,-22.6096,224.102,9977
66989.9,38678,127693,53338,39218.1,104926,142.273,25.994,224.149,9979
64721.3,37227,122116,48472,36962.3,99302.4,54.2926,8.88893,224.231,9983
74485,44766.1,127355,58269.7,44889.8,103116,110.768,-10.7488,224.236,9984
67924.8,38003.4,126785,45643.2,33651.8,103229,172.618,-47.2843,224.251,9985
68858.9,36587.7,128370,69019.2,47869.1,109447,116.225,-0.9531,224.296,9986
51602,26924.9,128744,59287.5,40221.7,110009,255.839,32.4091,224.335,9988
63237.6,36009.1,124141,52014.6,40000.5,103168,111.523,1.23765,224.443,9989
48942.4,25548.1,128610,65375.5,43589.4,111065,80.5394,-5.13615,224.451,9990
73443.9,39785,127929,61718.9,42385.4,110770,115.413,12.9399,224.467,9992
57282,27334,136731,91982,58845.2,121100,150.697,-7.67775,224.473,9993
68390.7,37270.1,130351,62452.7,43602.4,108163,169.516,40.0626,224.486,9994
57218.8,30040.8,132737,65690.5,44161.8,112535,178.413,-16.944,224.504,9996
48116.1,25263.4,127918,57248.3,37721.1,110652,94.3057,4.1068,224.512,9997
58415.8,32996.4,123747,51613.6,37578.6,103253,87.3103,-22.1331,224.522,9998
65130.3,38897.3,122083,47075.8,35256,100167,66.8556,13.8401,224.611,9999
24420.3,12603.9,132157,73531.7,46470.8,116727,155.307,-6.4599,224.638,10000
55195.1,33465.3,122375,47045.6,36169.6,99494.7,62.2367,-5.03025,224.664,10002
44236.5,23243,136241,86587.7,56615.3,120036,259.116,2.30654,224.688,10004
61631.6,33452.4,125200,51098.1,36348.9,105687,143.832,-8.5779,224.732,10005
73707.9,39561.9,131403,67299.8,50372,107227,187.296,-1.42965,224.788,10006
59092.6,33845.8,128088,62677.4,47568.5,106499,168.654,11.7021,224.827,10007
63898.9,35284.4,127332,44379,31542.5,104131,101.525,31.2273,224.879,10008
54560,30502.2,124053,47498.9,35840.9,103558,53.5219,-0.5295,224.912,10009
56861,31443.1,124270,48493.8,35632.4,103724,98.6152,-32.3524,224.927,10010
47340.5,25516.8,125182,55842.6,38066.8,111317,143.485,-1.74735,224.961,10012
40686.4,26857,110570,37617.3,31111.9,93329.4,56.7825,2.25028,224.967,10013
66016.8,33697.1,131945,69579.6,44027.1,113460,76.9756,-27.534,224.976,10014
65238.2,34408.9,131950,54833.6,39024.6,107277,99.6629,-19.1679,225.006,10015
51829.7,31150.8,117184,37123.7,28009.5,98551,151.1,27.457,225.065,10016
60212.8,34898.2,121527,42601.3,33148.6,96664.6,45.6967,11.5333,225.099,10017
75427.3,40897.8,129161,61722.9,43894.2,107487,139.154,-35.6883,225.1,10018
62497.3,31131.7,136075,85603.8,56169.5,117233,261.882,-48.1845,225.102,10019
68004.2,34181.1,138218,68353.1,46941.6,114640,193.247,14.6278,225.142,10020
50669,25571.4,128526,64769.5,46998,108531,173.364,-26.9515,225.296,10022
59356.6,33488.6,122180,46179.2,32877.7,102758,83.2254,-19.3268,225.32,10023
74819.2,42444.6,124215,55493.7,40651.5,102600,115.761,-11.4372,225.348,10024
72928.7,38301.1,130654,61926.4,44616.5,107655,104.491,17.0472,225.379,10026
57603.1,32572.8,125361,46470.7,34001.2,102986,112.626,-1.5885,225.402,10027
58242.1,32902.3,122438,40028.7,29601,100367,53.9369,-28.4871,225.417,10028
50300.2,27584,125350,60502,43329.1,107596,185.177,-5.0832,225.45,10030
48573.4,25596.7,127829,62021.5,42955.1,109893,111.465,15.8094,225.451,10031
22770.9,13639.7,117758,60845.5,39862.8,111658,105.654,-31.9818,225.454,10033
53651.7,30333.3,122201,38666.3,29053.3,100293,38.5833,-8.2602,225.504,10035
59797.9,31321.3,127752,47755.3,32851.7,106630,109.606,59.3669,225.526,10036
77905.8,42925.2,128789,60538.2,43400.3,107467,166.183,1.74396,225.631,10037
62338.2,31014.1,139142,86547.1,58680.9,118668,222.789,3.20666,225.636,10038
62060.8,36121.6,122053,50607.7,36444.6,101161,130.885,14.1214,225.688,10040
45414.5,26209.6,131128,68106.5,46550,110222,130.191,30.8897,225.734,10041
66589.5,37539.7,127132,46082.8,31613.7,104195,139.847,-3.6006,225.804,10042
82253.8,41597,135488,75314,47929.5,114971,199.078,-4.7655,225.839,10043
57048.3,28989.1,134722,73795.2,48941.7,118075,181.567,-11.4372,225.889,10045
70799.9,36616.5,130117,65148,46263.1,107835,94.8883,-2.38275,225.899,10046
69481.6,39193.7,124303,52915.3,37995.7,103616,69.4312,9.78912,225.899,10047
72742.1,37883.8,130596,67995.3,47927.5,109261,89.5848,-19.115,225.943,10049
64400.7,35217.9,126751,51665,38085.5,105060,138.229,6.35718,225.944,10050
56181.6,27572.1,141632,90085.9,51147.7,125028,202.847,-56.4447,226.044,10052
43573,22436.2,123117,48437.5,33768.5,104218,160.662,7.81996,226.156,10053
69974.8,36532.8,131904,79353.2,57470.1,110504,49.965,-20.2799,226.181,10055
57286,33761.3,122163,42765,32777.5,97337.3,106.352,12.0396,226.198,10056
22525.6,11609.1,115054,34130.9,25070,103049,144.063,-0.79425,226.231,10058
69602.2,37117.1,128578,63150.1,45415.4,110090,187.754,-1.95915,226.285,10059
47005.7,26465.2,119590,52904.9,41514.4,100565,108.212,-3.22995,226.304,10060
48075.2,27856.6,119220,47124.4,35874.1,99941,136.842,-44.478,226.326,10061
51074.9,29507.4,121837,41872.4,30354.5,103213,55.3004,9.62033,226.326,10062
64733.8,35498.4,127096,51529.3,38870.5,104298,164.401,-3.8124,226.355,10063
64575,33843.3,129388,54300.2,38187.9,108019,128.454,0.675077,226.361,10064
59763.6,33455.8,123834,52353,38893.8,103842,235.059,5.96336,226.507,10067
37838.9,19262.1,123190,58527.1,40796.1,108778,152.311,0.337538,226.513,10069
56209.1,31921,126783,52215.8,35845.8,106767,155.595,-49.1905,226.523,10070
78287.2,40659,134109,78615.7,52998.9,114348,133.951,54.6954,226.645,10074
62484.4,34086.7,126571,53681.4,38453.7,103814,24.2389,4.05054,226.776,10077
47104.8,24895.4,123529,53885.9,35025.4,119279,284.353,-16.3615,226.868,10080
56016.2,33084,120002,34600.6,26525.2,93908.6,69.3727,-7.46595,226.882,10081
47773.6,26416.5,124008,47922.5,34134.8,103054,132.794,-16.7852,226.916,10082
58557,30637.8,128448,55393.5,39921.1,105266,125.037,-9.58395,226.982,10083
42797,23732.7,124921,66968.9,47531,110833,105.247,-5.55975,226.988,10084
78811.6,40442.3,132220,73415.5,51114.2,110847,192.389,8.43883,227,10085
42683.9,24291,121501,54331,38669,103173,181.166,-10.0605,227.073,10088
41340,22168.2,124000,51764.1,36488,103615,141.869,17.7224,227.089,10089
60758.9,35441.3,124339,48231.6,35808.6,99898.2,53.5812,-20.3857,227.101,10090
57767.2,34703.3,121518,47246.8,36816.5,97504.6,91.3921,31.2836,227.175,10092
46320,23000.7,129313,74917.2,50860.1,111814,158.82,-22.6096,227.18,10093
62462.5,34658.9,124432,55583.5,40423.8,107415,155.537,0.731334,227.182,10094
31308.3,17943.3,128754,47041,32743.5,111865,102.165,-11.0136,227.184,10095
48707.8,25835.1,127134,55695.1,40613.3,109758,143.947,-23.5627,227.223,10096
64264.6,35935.7,124121,47585.9,34954.9,103142,136.264,-15.5143,227.231,10097
44481.4,26025.1,118042,50484,34382.3,103246,62.2367,28.7513,227.242,10098
81686.1,45004.5,132001,78290,55379.9,109598,184.948,4.78191,227.282,10101
70621.7,37434.4,127647,62231.4,44770.6,107738,118.487,-0.1059,227.346,10103
58313.2,31363,127221,63834.5,42345.7,111915,90.984,5.6258,227.363,10104
57996.1,32136.1,124097,55925.2,40913.6,103043,116.051,-10.2723,227.366,10106
52754.5,27638.1,128756,61092.2,41858,111271,117.037,18.8478,227.506,10109
70806,40200.2,124538,54089.4,39564.4,103967,168.712,-15.2496,227.509,10110
48603.6,29261.4,118769,47120.3,34969,99965.6,84.8597,-37.8063,227.548,10111
58771.6,32877.3,137937,91228.7,55621.1,123981,316.449,0.393794,227.55,10113
66620.4,37642,132178,68548.8,50487.6,110334,120.053,-33.9939,227.585,10114
43498.8,24921.7,121212,40788,29258.1,100174,87.7186,29.5391,227.63,10115
55619.9,29204.2,131838,72624.7,49764.2,110888,192.218,-3.86535,227.634,10116
78270.4,43104.1,127746,62144.4,47670,103349,194.791,9.28276,227.653,10118
53520.6,25781.6,135749,103742,59315.9,123505,313.824,1.57519,227.671,10119
49273,29737.7,118195,40254,29507.3,98020.1,118.487,30.2144,227.683,10120
67623.9,38027,128025,58940.9,44696.5,104449,138.807,13.1649,227.723,10122
66268.8,31821.2,138856,90152.4,56493.4,121287,222.903,1.85647,227.725,10123
68428.7,39652.3,123724,46984.8,33802.7,103288,79.6633,-6.51285,227.73,10124
55458.1,29720.7,126333,56376.9,41130.2,106516,101.874,34.0973,227.736,10125
78351.2,41836.7,131410,60967.7,43001.3,107594,96.4026,4.05054,227.781,10126
69247.4,36214.2,132179,77012.8,49440.8,115110,116.921,-37.4886,227.825,10127
70762.4,38772.3,127934,57671.9,43955.8,106507,173.823,18.5664,227.85,10128
70324.1,34326.3,144131,76270.9,45943.3,121046,162.848,18.3976,227.853,10129
80514.6,45427,132172,68645.4,51310.1,111393,140.194,61.0555,227.861,10130
65322.8,38703.4,122117,47513.5,37766.7,100723,101.06,-16.944,227.874,10131
77749.8,40723,131854,64802.9,46411.4,107192,105.596,-1.00605,227.894,10132
36874.2,20310.4,133377,79177.4,52530.6,118267,249.054,-31.3464,227.897,10133
62653.3,31495.7,136573,82807.5,54626.5,117947,159.165,21.0422,227.932,10134
57502.6,31042.1,124960,65889.4,49418.8,104126,142.908,-3.8124,227.94,10135
60119.8,30291.7,134335,80420.5,52334.9,118506,146.429,-0.90015,228.004,10138
65539.5,37605.5,122545,50558.8,39428.8,97292.7,74.5204,6.97605,228.034,10139
64219.1,34827.7,128193,49957.7,35850.5,104403,110.187,6.41344,228.116,10141
68255.7,36269.3,131406,57479.9,37541.2,110567,64.7267,-12.9198,228.14,10143
46608.3,22462.7,146277,70630.5,37611.2,127910,158.705,-32.2995,228.178,10144
49245,22832.8,145203,51079.3,34447.1,121060,137.478,-2.59455,228.208,10145
51664.5,28709.6,121794,41120.8,31479.1,99191.4,205.358,-0.8472,228.239,10147
68555.8,35005.5,133404,75443.8,49254.6,114017,113.671,25.3187,228.297,10150
68236.4,38780.4,128370,55579.9,39791.3,108737,102.747,-10.3253,228.391,10154
68934.3,36735.9,133957,65470.3,46724.4,110199,193.991,11.252,228.41,10155
69908.9,38538.7,124706,49393.8,36111.7,103683,143.254,-10.4841,228.445,10156
22363.9,11119.8,121903,36092.8,21990.6,108680,154.385,4.95069,228.447,10157
67359,36736,126281,57859.5,43407.5,106700,79.8969,-30.2874,228.47,10159
42330.6,32804.1,107250,62803.7,47605.2,104472,137.94,-14.4553,228.691,10161
68653.7,41439,125136,46986,33858.7,103418,126.601,-2.9652,228.723,10163
61326.2,35240.2,120833,41599.3,32439.5,96177.9,129.438,6.80726,228.724,10164
63562.1,34602.7,128508,55483.5,40021.3,104043,132.794,-16.7852,228.727,10165
63671,30594.3,140554,86755.9,50708.7,124695,250.129,15.303,228.734,10166
48050.7,24138.8,127678,53950,35690,111063,142.215,-5.295,228.737,10167
74595.9,39564,131503,61095.5,40964.5,109710,202.961,-5.8245,228.762,10169
67293.9,38042,123718,65905.2,47315.7,107937,139.096,0.675077,228.769,10170
60985.5,30750.2,131732,70935,49237.6,111123,98.2659,-5.24205,228.8,10173
53117.3,30761.4,123213,50043,38292.1,103438,136.726,-20.3328,228.918,10175
68056.3,33202.7,137987,88347.3,58539.4,120369,216.53,2.98163,228.925,10177
78590.1,42086.6,135346,76227.6,51022.6,115560,161.697,-21.8154,228.937,10178
65329.7,32035.5,138662,78922.9,46731.2,120136,174.282,-5.87745,228.961,10179
49532.2,24530.4,166275,63210.8,39840,149150,310.862,-1.85325,228.991,10181
84165.9,44677.5,134026,71892.9,50421.5,112452,161.985,1.18139,229.096,10182
49503.8,27863.8,129456,67069.3,46997.2,110291,256.856,25.8814,229.109,10183
57507.3,29178.9,132367,76333.4,52619.7,115207,116.283,-21.1271,229.111,10184
27227.6,12653.2,135285,64516.8,32071.3,128059,177.897,23.5743,229.132,10185
56467.4,32155.2,122883,49748.4,35862.1,103456,77.6768,-23.1391,229.14,10186
66059,36281.2,128876,68015,47354,109664,143.485,1.57519,229.205,10187
56469.2,28406.5,129776,67748.9,47400.1,110872,196.277,8.045,229.207,10188
67006.9,39134,127955,52028.1,38018,104575,134.876,-30.1815,229.221,10189
55264.3,31870.1,124294,41381.5,27693.5,104220,128.975,9.05771,229.246,10190
63342.1,36285,123918,48282.4,34454.6,103829,148.909,-0.2118,229.287,10191
80321.8,42008.1,137945,72000.9,47830.5,114638,180.076,-0.68835,229.327,10192
74248.5,40834.4,131613,65904.4,47834,106861,148.794,-6.8835,229.379,10193
74174.2,40125.4,127909,60963.8,43737.4,106199,93.6066,-21.7624,229.392,10195
54554.2,31210.1,124453,41947,30887.8,100736,36.2715,-12.761,229.418,10196
73776.4,41677.6,128092,60006.4,42727.8,107390,138.865,-1.95915,229.423,10197
56168.3,30783.2,127338,67274.1,49669.5,110135,133.431,-29.1225,229.425,10198
76642,40416.9,131121,72613.9,53761.1,110540,101.467,0.78759,229.432,10199
58517.7,34315.4,125002,59779.9,47334.2,103296,70.8941,1.74396,229.442,10200
71994.1,37742.3,128875,55508.9,40908.4,105110,187.983,7.59491,229.448,10201
67348.2,34756.3,138474,78523.4,49073.8,117382,351.669,40.4565,229.451,10202
25237.9,13826.2,122116,56564.6,38260.9,111129,154.731,5.28824,229.558,10205
78309.2,41188.5,131717,62258.9,43554.7,109709,137.015,-29.0696,229.575,10206
53932.9,29098.5,127230,52678.3,37953.5,104904,74.0526,-16.8381,229.626,10207
59006.8,34736.4,121428,38850.1,29096.6,97845.7,98.6734,-0.1059,229.636,10208
78137,40540.9,138358,77043,48751.7,115495,91.4503,24.0245,229.645,10209
56531.8,31509.8,121107,53030.7,38813.9,103215,170.837,-51.5204,229.676,10210
59462.8,34726.6,124458,52175.3,36456.2,105273,138.345,-3.65355,229.684,10211
68646.7,38440,124089,46100.2,35408.4,97852.6,108.909,-1.42965,229.685,10212
47158.2,24660,134098,59242.3,35863.6,116658,170.837,-5.4009,229.718,10213
72195.5,39862.7,125247,55383.7,38742,104654,113.265,5.68206,229.723,10214
73876.6,37455.1,134617,80265.1,52999.1,114708,262.729,-33.4114,229.774,10215
48789.1,24497.1,130759,76800.5,53396.2,122348,241.183,23.6869,229.832,10216
76994,42290.3,127720,58334.1,42835.4,104580,185.406,-0.47655,229.922,10218
63057,35282.7,123448,44646.8,32565.1,101287,105.364,19.4667,229.929,10219
64431.4,35314.3,129844,52327.9,38132.9,104742,118.661,15.9782,229.968,10220
65139.2,36224.8,127121,56029.5,36956.7,107758,124.922,3.82551,230.019,10221
71142.5,37873.1,127971,53500.3,38974.5,103428,126.717,9.39528,230.023,10223
61462.3,34900.6,122619,44568.8,33429.7,99233.3,103.677,-1.21785,230.065,10225
46798.8,24920.6,128960,81581.8,51571.8,116516,197.935,-69.947,230.068,10226
31481.3,16879.6,121667,56091.3,39246,107946,146.083,-20.7034,230.137,10227
75504.5,40573.4,129087,57266.2,40449.7,106431,130.133,-32.0877,230.218,10229
56294,30083.6,126624,54354.7,36568.2,109237,133.026,40.7942,230.229,10230
48209.9,25498.3,131829,63803.5,44035.9,115325,110.652,-9.7428,230.26,10231
58408.7,33371.6,121967,42447.2,32332.9,97399.1,115.703,7.81996,230.269,10233
43599.5,21547.8,131599,84098,56416.5,120336,214.366,12.1522,230.273,10234
61546.4,35614.3,124429,44745.1,32417.5,100659,224.097,10.8581,230.452,10238
41329.6,22582,119811,53165.8,39270.5,103193,126.196,18.8478,230.455,10239
69963.1,38760.5,125155,48873,35009.2,103313,108.967,8.32631,230.492,10240
34452.2,16779.4,132529,54782.6,33936.3,118050,139.558,0.675077,230.555,10241
71228.7,36416.8,134627,83740.8,58945.7,114393,188.441,12.321,230.59,10242
69773.5,38902.3,124667,51428.2,38509.3,103004,119.647,1.51893,230.631,10243
56343.1,30570.5,124399,48937.8,34237.7,103691,53.6405,-3.33585,230.649,10244
66595.7,37029.2,124879,49649.5,37645.6,104905,117.965,55.3145,230.652,10245
61659.7,34978.1,123745,60551.3,44831.1,104565,143.139,44.1709,230.7,10246
42288.6,22163.5,131549,45954.2,32253.4,111809,144.928,-8.63085,230.713,10247
73024.3,35588.2,140501,88429.3,55745.1,121827,214.992,25.0374,230.774,10248
71371.5,38326.8,135835,83743.5,59001.9,116158,163.365,22.0551,230.783,10249
58575.4,28221.6,138721,84514.9,56313.2,117564,174.225,25.3187,230.862,10251
73771.6,40323.5,131537,60648,42295.8,109961,82.8168,-7.99545,230.898,10252
56821.5,30766.7,131854,79806.1,56022.2,116723,195.592,16.0907,230.92,10253
73204.1,36833.6,138431,78422.9,51741,117156,139.789,-1.8003,230.934,10254
23510.3,12399.9,136045,69538.3,39897.1,128684,176.635,8.43883,230.947,10255
77023.2,39940,131088,74053.9,54235.8,109577,189.128,1.6877,231.023,10256
70266.6,36980.5,132387,56848.7,38682.3,109385,142.504,16.0907,231.063,10257
24745.1,11448.2,140396,52603,31974.5,122955,149.774,-24.357,231.135,10260
49481.5,26691.4,126955,65333.3,43369.8,107849,199.934,18.06,231.198,10261
75506.2,39961.7,128870,58632.3,40150.3,108595,193.133,-31.3464,231.246,10265
64381.8,35192.3,128557,79286.5,57199.1,109164,155.134,-38.1769,231.253,10266
63177.4,36251.6,122315,44336.6,33501.4,97098.7,112.975,-2.06505,231.28,10267
55910,28575.6,128732,60306.6,42350.4,107721,105.596,-19.2208,231.303,10269
60333.3,35173.6,122401,41369.9,30620.5,100639,91.5669,7.25735,231.438,10272
56227.3,32046.5,124189,56274.3,39373.5,105427,150.812,-32.0347,231.445,10273
40433.3,21172.8,121883,49310.4,34581.5,104432,89.7597,-12.2315,231.465,10275
35442.4,20191.6,194202,58486.9,40386,116888,82.3497,62.4063,231.591,10277
69159.6,33939.7,135470,91137.9,58807.3,120535,234.775,-23.8275,231.612,10280
74641.2,38855.4,134553,79565.6,53696.9,111234,159.453,33.5908,231.679,10282
80616.6,42711.3,134115,70265.4,52124.1,110699,132.505,12.4897,231.706,10283
46707.1,24406.6,127059,71266.7,50044.5,114763,220.343,-4.8714,231.71,10284
73984.7,43439.3,131617,57914.1,41068,110279,110.071,0.337538,231.71,10285
65673.4,34495.2,130247,55024.9,36919.2,110560,138.576,6.751,231.73,10286
74339.3,38042.6,133727,67408,46718.4,112374,162.1,21.1548,231.739,10287
29294.8,15573.8,150662,43667.4,26876.5,127855,130.943,-8.84265,231.752,10288
67171.5,37499.5,127870,51067.3,36389.8,103278,84.8014,-6.5658,231.783,10289
48960.3,26507,121971,61704.3,43814.2,107859,134.819,-36.5355,231.79,10290
54958.3,30029.8,123856,49872.4,37848.9,103498,120.343,6.91979,231.866,10292
62628.2,33288.6,127072,55485.5,41604.6,103494,66.0358,23.6306,231.909,10293
41949.6,21636.6,126845,67547.4,45734,109780,152.426,-18.003,231.939,10295
56879.1,34033.3,121710,38087.5,30465.2,94272.4,26.432,-0.47655,231.958,10296
54322.3,34945.1,116896,57949.7,46288.7,104003,154.328,-25.2042,231.959,10297
71637.4,38069.2,131420,58030.7,40093.6,108476,109.78,-5.87745,232.029,10299
69106.6,38306.7,127296,50441.4,35907.3,104191,139.905,-2.6475,232.161,10302
51453.4,27672.9,123655,38193.9,25963.7,103647,159.626,1.01262,232.17,10303
65614.3,36829.8,123606,63599.4,46378,104945,197.649,-18.3207,232.19,10304
34763.9,19233.6,119810,52142.9,37526.5,106772,97.5672,-8.52495,232.203,10306
59589.7,35506.5,119934,37524.4,28246.9,96505.7,170.435,81.5602,232.21,10307
76646.3,39291.5,132222,70035.7,50124.9,112074,178.413,-0.8472,232.215,10308
39949.6,21423.2,121741,43010.5,30860.7,103372,97.8583,-6.30105,232.293,10311
37373.7,19434.6,121500,59222,43618.9,103849,198.621,-26.3691,232.3,10312
47491.2,24818.4,125265,57667.2,39420.1,110502,182.025,16.4283,232.322,10313
72736,38253.5,130540,57441.7,40667.9,109305,140.54,-10.0605,232.344,10314
51372.9,26855.6,131522,74497,53573.5,114443,169.171,-7.7307,232.407,10315
70403.4,38276.6,128015,55244.6,42653.7,104355,130.364,-12.3373,232.426,10317
49709.5,26310.5,137869,54860.6,36621.7,117151,169.803,5.28824,232.451,10319
58504.8,31962,125062,45429,31225.7,107340,77.8521,17.8912,232.491,10320
56900.3,32819.7,120218,38021.4,27870.5,98402.1,124.806,-1.53555,232.494,10321
79840.8,40913.4,136116,80556.5,50583.3,117232,267.636,0.337538,232.503,10322
67976.1,38069.4,127518,70626.7,51943.2,107382,31.0553,5.28824,232.533,10323
62248.2,34318,129391,57807,42040.9,105573,114.6,12.2647,232.554,10325
45949.3,25935.7,125409,51814,37554.3,104080,52.0398,15.4718,232.612,10328
67617.9,38449,124209,45095.7,32219.7,100384,98.7316,-31.5582,232.666,10329
63053.3,35699.7,122292,47568.3,35145,101289,134.009,7.81996,232.696,10331
75048.7,39937.9,136443,84700.3,53626.7,117690,203.075,-8.2602,232.697,10332
57421.4,31672.1,122208,48337.6,36727.8,100375,82.2329,0.900104,232.87,10334
75489.5,37562.8,134955,83577.6,54991.7,117652,147.063,27.2882,232.896,10335
70863.6,35272.5,134768,65920.7,44661,110990,157.668,-6.5658,232.927,10336
58871.4,32351.8,124611,58830,41649.1,108767,124.458,-22.239,233.038,10339
49842,26326.9,124832,52491.9,37462.5,104887,98.7898,4.83817,233.084,10340
65616.6,35583.3,129718,74282.9,54176.9,110483,153.233,2.30654,233.088,10341
83177.8,46477.1,129211,69283.4,49012.9,110004,219.774,48.2793,233.171,10344
29531.1,16431.6,145404,74406.5,46316.8,129828,183.401,6.97605,233.179,10345
43235.9,23649.9,121571,56688.4,40960.4,107679,105.015,42.7639,233.182,10346
79270.2,41598.9,131337,63585.7,44811.3,108235,166.298,8.66388,233.185,10347
74846.9,40164.2,128901,62224.9,47154.2,104933,176.979,2.02525,233.275,10348
58722.7,32597.8,128297,57781.4,38173,107547,124.574,-5.5068,233.346,10349
59046.2,33839.7,122274,49454.8,37510.1,97693.5,52.4548,20.0294,233.352,10350
65429.2,37980.5,122852,47088,33738.1,104561,117.617,67.1379,233.378,10351
78165.6,39337.1,135762,69247.9,47282.3,114487,131.29,-11.0666,233.407,10352
78135.7,41094.6,135871,71500.6,49820.9,110562,97.9166,11.477,233.43,10353
50334.7,29986.5,119253,47488.5,35169.2,100625,121.676,-33.4114,233.478,10354
66333.7,35798.7,127686,59433.4,44628.2,104759,135.281,-30.0756,233.511,10355
25863.2,13940.4,116982,64969.6,44761.6,117207,193.19,8.38257,233.524,10356
66281.2,35215.5,131108,66417.1,46741.8,108297,159.741,-4.5537,233.529,10357
68827.1,34774,132126,80549.4,57729,111916,127.238,-0.3177,233.532,10358
57935.3,35277.1,120043,33768.9,25357.8,95652,57.5532,-4.60665,233.573,10360
75392.7,38320.4,137843,80309.3,50505.2,120357,226.769,-27.7987,233.618,10361
77064.3,42779,128454,62605.8,47337.3,104687,115.819,-24.5688,233.717,10362
40488.5,21712.9,125138,67289.2,46526.5,111103,145.159,24.6435,233.723,10364
43479.7,22863.8,127686,61069.2,40948.6,111629,166.815,-11.3313,233.725,10365
63486.9,35301.1,126391,47844.4,37948.2,99790.8,130.017,-30.6581,233.725,10366
46415.7,25070.7,128023,65986.8,42481.1,116601,198.906,-15.5673,233.728,10367
54331.4,30831.5,122359,52994.1,38735.4,102980,91.2755,46.0844,233.753,10368
60764.2,30502.7,136466,87561.4,57570.8,117299,257.647,-2.70045,233.759,10369
65825,34589,128318,75713,52844.3,111060,102.107,16.8222,233.792,10370
57433.5,32996.6,123431,47271.2,33485.1,104983,65.9773,-19.5915,233.794,10371
34147.9,21236.2,113719,41143.4,30106.8,97815.9,95.8203,-9.8487,233.799,10372
61117.4,33945.9,123487,40104.6,28135.8,100218,126.949,4.95069,233.867,10373
68900.7,36020,128990,60625.7,42933,106993,78.2027,12.6023,233.869,10374
68145.5,38516.2,121840,52581.7,41740.4,100078,181.051,-27.3752,233.872,10375
61035.1,33544.1,126847,56734.8,37101.6,108401,146.602,14.5715,233.916,10376
57536.1,33978.4,121395,43870.1,30920.4,100234,56.4268,7.36987,233.934,10377
65224.6,35094.7,128079,48308.7,34299.6,103687,119.705,10.7456,233.972,10379
66494,39515,121943,50348.2,39622.9,98202.9,97.9748,-18.7973,233.974,10380
60401.2,29705.8,133947,71754.4,49899.9,115308,176.061,26.6692,233.977,10381
57601.6,30596.6,127429,62590.7,44064.5,106950,138.634,-27.2693,234.018,10382
78228.2,41808.7,136087,73865.3,48018,114057,164.976,-9.79575,234.06,10384
39752.4,21914.6,125569,55700.7,36909.5,111196,199.078,6.86352,234.07,10385
60676.6,31133.1,128925,59922.1,40776.7,111462,112.22,-1.53555,234.083,10387
57429.4,32868.3,126561,61923.1,46467,106298,252.843,60.8866,234.1,10388
59371.9,32452.2,125085,50228.9,36828,104446,135.166,3.1504,234.102,10389
33630.8,16595.8,136908,68189,42656.6,121783,265.831,-3.01815,234.118,10390
69846.3,40609.5,122423,51589.7,38817,100547,132.332,-15.8321,234.122,10391
74075.4,39676.2,128121,55132.8,37925.4,106992,86.4352,-18.7443,234.132,10392
64213.2,36332.7,124270,50573.7,37021.7,101446,106.875,-11.1724,234.315,10396
29563,16519.3,115286,41215.7,29959.4,101667,261.769,-16.8911,234.331,10398
76636.3,43767.4,130905,67236.4,50511.1,107220,87.6019,16.5408,234.334,10399
40727.8,22939.7,121977,77198.4,56310.7,106841,115.993,-8.2602,234.386,10402
72278.1,38265.8,135942,87912.4,63729.4,114290,131.695,8.38257,234.414,10403
42348.8,21471.5,131091,78244.2,48192,120623,275.804,34.8851,234.488,10406
64502.1,38762.7,119939,50340.8,38793.5,101021,104.608,4.55687,234.54,10407
77863.9,41452.3,131397,70004.4,48728.7,110114,186.093,46.1407,234.562,10409
63791.6,35540.9,127000,60239,45211.9,104727,43.5627,-9.9546,234.67,10410
41985.6,23357.7,122160,50032.1,32468.5,107292,99.7793,1.23765,234.701,10413
52034.5,26753.8,134069,89429,58379,118247,190.272,-27.7458,234.722,10414
66661.3,32834.5,137758,100435,64569.6,119765,280.024,25.3187,234.768,10415
68372.1,37855.8,126899,50664.7,36006.8,105775,110.942,-22.1861,234.832,10417
67785.3,37937.1,126717,59348.1,42847.8,105651,65.3789,-28.646,234.887,10420
65138.2,35836.9,126902,54712.4,37661.9,107129,96.4026,-23.0862,234.914,10421
44505.2,26042.8,125858,68868,48424.2,109978,215.505,3.60047,234.932,10422
50883.7,31359.5,119644,32142.2,26334.3,92427.9,93.0822,14.2339,234.965,10423
69229.5,37010.4,130978,85946.9,61098.8,111051,74.2865,-0.7413,234.969,10424
67462.4,37601.7,124079,55776,41022.8,103775,194.448,12.321,234.997,10425
77002.5,39580.2,135328,69929,49336.7,112603,259.341,12.6585,235.002,10426
62589.5,35561.8,122611,47313,35538.7,100119,70.5431,7.20109,235.006,10427
68488.8,36337.6,136710,80780.5,54143.7,114185,251.034,-27.534,235.12,10430
56116.8,31554.2,128028,58178.5,44413,107004,69.3142,-1.8003,235.221,10431
64142.8,38333.3,121881,42887.1,34286.4,95806.2,88.4768,9.73286,235.309,10433
71309.2,37367.8,129273,57398.8,38946.8,108057,116.225,9.05771,235.45,10434
67524,36538.4,129286,62700.9,45619.4,107213,169.057,-36.3766,235.473,10435
49201.7,28500.8,123945,49027.3,36227.3,103057,138.171,-12.1256,235.477,10436
66254.3,37850.7,127752,54879,39466.9,107227,147.813,-57.5567,235.493,10437
21126.1,17200.8,93648,38181.9,33596.4,90816.2,240.163,-21.1271,235.548,10438
41055.2,22377.1,123874,57412,38934.5,106722,174.569,56.7216,235.617,10440
58030.4,33094.1,124221,51230.6,36636,102964,61.6439,-6.4599,235.658,10441
57266.7,32629,120937,41746.1,31498.4,98378.4,54.589,-5.9304,235.658,10442
73164.4,37952.2,132197,61480.4,42173.3,110943,184.318,4.16306,235.658,10443
77677.4,44004,132009,82514.3,54780.5,114799,183.401,2.41905,235.815,10444
73260.5,41158.1,125364,63717,51915,103223,174.569,-4.50075,235.861,10445
55038.1,28474.1,130437,67608.2,48545.9,111687,70.0749,0.78759,235.863,10446
63161.7,33459.7,127859,46716.4,33096.5,104794,103.445,-4.60665,235.869,10447
74092,40855,127932,72003.4,53197.3,110489,159.683,10.6331,235.879,10448
78704.5,41251.9,131044,73619.3,54153,111647,203.76,6.4697,235.882,10449
35516.8,24759,106474,27557.3,21944.3,90203.7,92.616,-13.9258,235.884,10450
44413.6,24538.2,124637,51624.7,34990.1,106522,144.524,12.8273,236.03,10453
79649.6,41033.4,137649,74207.3,46912,114535,161.007,-27.7458,236.042,10454
58429.1,35250.7,119578,47539.3,38036,96241.8,125.211,-0.90015,236.116,10455
68351.6,38725.5,127845,53895.8,37553.8,106662,134.992,3.82551,236.133,10456
59127.2,31086.6,127183,49045.4,36470.3,103870,30.8182,-0.9531,236.179,10457
53121.2,30764.1,131333,73156.7,50596.9,114328,171.067,-2.5416,236.236,10458
58435.7,30860.3,129221,64933,44521.7,109574,162.733,60.0986,236.243,10459
72926.6,39845,126611,70581.7,51676.4,107726,171.871,103.008,236.323,10462
67854.9,38408.9,127328,52945.4,41950.3,102697,70.9526,-33.4644,236.348,10463
61904,34728.7,126699,49637.7,36084.8,104063,85.9101,-33.3055,236.481,10464
71183.8,39008,131007,57937.8,37422.5,109596,109.606,13.6713,236.527,10467
69424.9,36285.2,135876,81136.7,52323,116269,195.706,-9.7428,236.592,10469
28808.6,16999,116611,45719.4,32266.9,103675,151.562,-17.7912,236.639,10470
53254.3,29572.7,121964,47072.1,35338.3,101113,110.71,-1.00605,236.675,10471
74163.6,40901.2,131109,72254,52210.2,107399,182.083,-6.08925,236.735,10473
55227.8,28806.7,127950,65269.6,45869.9,110344,119.647,0.506307,236.757,10474
44067.2,23984.9,123870,54771.5,38389.7,107716,100.71,12.0959,236.759,10475
72779,39653.7,132415,66792,45808.6,109404,101.758,-12.708,236.759,10476
68198.7,34745.3,134477,77290.4,52717.2,114779,136.437,-2.8593,236.762,10477
44861.5,26256.3,124827,51766.5,38134.1,102294,85.0931,1.01262,236.773,10479
41808.5,22871.7,124316,54981.7,40976.9,103958,120.691,-0.90015,236.779,10480
60645.4,33238.7,126921,58075.1,41811.7,107541,72.8245,-1.5885,236.822,10481
48326.5,27793.1,119825,44428.9,31929.5,101928,88.7101,-4.39485,236.833,10483
41855.8,22344.7,126409,73851.9,49712.8,131532,212.03,27.2319,236.835,10484
54948.7,32398.6,120004,41566.6,31636.3,99973.2,62.8296,59.1418,236.853,10485
73551.5,40556,130765,66139.5,46473.2,111304,117.443,23.293,236.875,10486
61803,35077.2,123140,46315.4,34215.9,101151,98.7898,34.7163,236.891,10487
65406.3,36031.2,127437,46975.5,33635.7,103881,137.593,5.79458,236.913,10488
41694.8,26733.8,128465,58042.9,46751.3,104228,328.495,-26.8986,236.919,10489
68159.8,37334.1,129308,61004.3,42881.3,106745,125.501,42.9327,237.065,10490
70714.4,38816.3,127599,51489.9,36940,104374,116.515,-20.0151,237.067,10491
20026.8,10869.8,121004,54597,34538,113893,169.516,3.60047,237.096,10492
60747.4,34543.7,122217,45351.9,33206,100680,61.051,10.6331,237.128,10493
57355.1,33260.4,119583,35999.9,26000,97463.5,116.747,4.27558,237.135,10495
60179.4,35307.2,120768,40987.1,30079.2,97469.6,103.154,9.62033,237.163,10497
63413.6,34235.4,127661,46415.1,33991.5,104208,142.446,-7.57185,237.175,10498
23902.3,14542.3,136488,36738.9,25828.4,116900,208.096,7.31361,237.232,10500
56891.6,30206.5,127564,61085,44302.3,106902,134.356,77.1268,237.302,10502
65697.5,35403.7,131987,63531.3,45793.6,108167,136.669,-15.5673,237.306,10503
55560.2,29885.1,125710,55408.5,38203,105120,89.4681,-3.3888,237.308,10504
75630.4,39952.2,131150,65819.2,45097.6,112553,117.153,-1.9062,237.381,10505
62015.4,32619,134500,79791.8,58262.1,111536,222.789,8.83266,237.45,10508
68020.1,37605.4,125063,56271.6,41627.3,103422,122.546,-1.2708,237.451,10509
67955.4,35463.6,133485,75931.7,46093.9,118775,168.425,-5.24205,237.452,10510
76239.5,40708.9,131689,61274.2,40726.8,110292,103.27,-28.1694,237.455,10511
38855.3,20496.8,128486,61255.6,42254.3,110877,180.191,31.0585,237.458,10512
49895,26642.9,124002,48239.4,34084.6,102446,50.0243,73.7993,237.468,10513
68771.7,39262.8,128566,62826.8,47477.3,103884,176.234,28.7513,237.589,10516
57219.1,33224.7,124973,63234.7,42634.9,107718,138.576,-14.3495,237.618,10519
63038.9,38337.2,126783,61033.5,42872.6,108096,109.606,-17.0499,237.643,10520
60677.8,35114.1,122024,46082.9,32708.4,104591,123.763,32.184,237.654,10521
60419.4,32370.2,127059,39820,29508.8,102747,80.7731,-24.5159,237.705,10522
72388.3,36792.2,134172,71947.8,48766.5,113271,83.167,-19.0091,237.705,10523
75980.5,44205.2,129461,77175.9,54464.2,109742,255.952,1.12513,237.756,10525
43807.1,22048.6,127654,71295.8,49194.3,113410,176.348,-8.94855,237.782,10526
64360,34058.3,129191,66941.6,46408.9,111087,150.697,-34.4175,237.792,10527
55297.1,32145.4,120723,33759.8,25961.5,93758.4,26.9061,-24.6217,237.806,10528
77705.5,44994.7,131725,83562.5,62278.6,110961,206.328,55.0331,237.809,10529
58835.5,33196.4,124439,48634.7,36616.2,102700,111.755,2.7566,237.846,10530
38814.6,21012.9,134819,89332.6,53295.7,121348,148.217,3.09415,237.848,10531
58496.4,33199.4,121336,48439.2,34485,102679,58.0868,12.2084,237.976,10533
59779.7,33440.2,122527,39733.3,30942.4,95616.5,129.38,15.0217,238.037,10534
63282.3,34943.4,124218,39404.9,27545.9,101692,129.438,-0.8472,238.069,10535
61991.4,34077.3,130800,57347.3,38724.5,111395,143.543,-33.0938,238.1,10537
83330.5,44617.4,131066,70578.6,51162.4,110006,214.878,-16.8381,238.155,10539
65302.3,37726.9,123910,48239.3,35417.5,101780,77.6184,9.28276,238.206,10540
64066.8,32668.7,134549,81229.3,54246.5,116923,172.216,-9.79575,238.277,10542
42919.6,24274.8,117067,41599.1,32062.7,98051.2,97.9166,-6.2481,238.29,10544
41402.9,23149.9,118042,47553.2,35698.8,101105,51.1506,14.1777,238.296,10545
58952.7,31500.9,129540,58240.3,38809.2,109572,162.905,-39.2889,238.327,10546
68213.9,37697.2,129150,59251.7,45503.1,104798,215.79,-3.75945,238.329,10547
49464.2,27002.2,127549,54750,35212.5,110306,152.945,2.30654,238.331,10548
20223.7,14948.7,97393.8,60780.2,50333.9,100352,538.448,-19.6974,238.399,10550
51435.2,27586.1,126971,67995.8,51070.1,106390,161.64,57.4533,238.44,10551
51941.1,28585,128887,60948.1,42646.9,110892,207.925,1.2939,238.596,10553
71864.3,36954.9,148963,93298.6,51203.2,159033,346.566,-27.481,238.638,10554
74493.3,42145.7,127042,71936.2,54306.2,105173,124.864,-8.8956,238.643,10555
65990.7,34170.8,140603,92598.9,57369.1,122363,244.695,-3.3888,238.784,10558
60398.7,34033.6,125524,50521.5,36800,104508,191.302,1.63145,238.877,10561
46487.6,25734.1,119742,41170,32009.6,97598.8,42.6142,15.4155,238.989,10562
74522.1,38367.5,132371,63518,41572.6,111375,160.834,-0.1059,239.004,10563
68024.6,36816.4,129250,51254,35501.5,107223,59.1539,-13.1846,239.006,10564
71165.8,37903.5,127440,50780.3,37728.1,104686,116.863,-4.71255,239.04,10565
49289.1,27325.1,121634,42919.1,32264.1,98618,162.905,-2.38275,239.068,10566
73618.1,39855.7,128744,56048.3,39325.5,105077,126.196,21.7174,239.075,10568
57732.3,31751.7,122124,54905.4,39449,104157,84.3928,7.98874,239.095,10570
76044.5,43580.7,130749,68413.1,53559.8,106208,182.025,38.2054,239.203,10573
71962.7,38173.8,129055,66005.8,46531.6,111178,139.385,-13.6611,239.248,10575
63250.1,38040.5,120775,48249,37788.8,98066.7,94.83,-51.1497,239.315,10576
57777.4,36807.6,119839,51480.2,40115.9,97777.7,184.146,0,239.351,10577
64528.7,36387.9,129173,71294.6,46766.6,111458,130.422,15.6406,239.357,10578
71671.3,39111.5,130466,56281.4,39468.4,106672,143.716,-22.9803,239.369,10579
54332.7,32011.6,118229,44241.8,33746,100353,113.207,-0.5295,239.398,10580
66334.9,37287.6,126386,55394.9,39584.9,105212,201.248,9.05771,239.463,10582
39697.7,23290.8,117240,46067.2,35122,100239,190.215,27.4008,239.463,10583
54203.7,26171.6,141645,96369.6,60143,123419,292.662,-31.9818,239.509,10584
70426.9,35792.4,138127,77916.5,50142.6,118448,214.878,22.7866,239.575,10585
47306.7,27532.5,120638,49325.3,37330.7,110786,140.771,-7.99545,239.65,10587
56978.8,31597.3,127587,61101.4,45292.5,103845,151.965,-1.1649,239.681,10588
54668.6,28816.4,127699,65435.2,45083.2,108267,160.892,18.1726,239.689,10589
46213.3,23891.5,124869,60201.5,40139,109278,153.867,55.3708,239.71,10591
55676.8,29978.4,125070,59168,43467.4,104999,109.548,3.20666,239.717,10592
71257.1,39860.9,126894,53485.5,38589.1,105496,134.703,-8.10135,239.725,10593
68375.3,36334.2,131352,57806.1,41349,109623,83.9843,60.0423,239.825,10594
74701.3,38018.8,142363,84875.6,49927.9,120857,263.406,-9.1074,239.829,10595
78569.6,42238.7,138933,74401.8,53241.6,112195,104.026,-0.79425,239.937,10598
73583.8,39059.9,134620,75521.6,54509.4,111317,219.774,-6.6717,239.976,10599
40808.3,23443.6,124170,71603.3,52038.1,109887,125.79,27.9635,240.022,10600
63669.3,35740.8,123762,42769.4,31932.2,100090,109.374,2.0815,240.027,10601
71407.6,38085.4,128476,52662.7,38690.7,104104,142.388,13.615,240.044,10602
69279.8,37104.9,131123,55855.3,39519.3,107790,112.684,0.450051,240.126,10603
69823.2,36932,127663,58942.3,42181.1,106918,142.85,-36.2178,240.133,10604
55839.5,32437.5,127431,68377.1,47086.7,109502,166.183,-39.2889,240.163,10605
59083.6,35596.4,121106,49538.1,38999.5,103166,69.2557,-3.12405,240.167,10606
67494,36001,138169,86421,60659.7,117417,165.033,0.61882,240.172,10607
65069.6,36547,124686,45271.2,32272.3,110674,38.0498,25.8252,240.189,10609
59338,32433.6,125206,56553.7,41716.7,105002,93.5483,6.35718,240.209,10610
71784,40253.8,123769,51443.8,39025.4,100974,161.87,-6.08925,240.268,10612
65059.8,35173.5,126173,50585.7,38161.7,104002,77.9106,-44.7957,240.294,10614
32711.5,19310.2,127722,57849.7,40323.8,118572,93.0239,54.9768,240.378,10616
60365.6,33527.5,125577,49322.3,36411.6,100571,154.731,-37.7533,240.43,10617
54869.2,31174.1,121025,41567.7,30611.5,101112,47.8308,-3.9183,240.532,10618
56007,26905.2,136364,97562.3,63059.3,121168,172.273,-7.78365,240.547,10619
60354,32089.3,128032,53004.6,36343.4,107333,76.2742,-0.47655,240.58,10620
58846.1,34071.8,120617,40809.1,31379.6,97476.3,134.298,20.367,240.585,10621
73964.4,38398.6,131897,63646.7,49506.2,106851,55.7154,-5.45385,240.689,10623
69646.7,39430.8,133896,71110.4,47989.9,111028,158.186,0.168769,240.691,10624
69691.4,38227.7,127172,51920.6,37212.1,105459,122.952,-6.08925,240.81,10626
66329.1,38774,125768,58638.6,42876.8,103714,102.339,-17.4205,240.886,10628
76295.4,39028.6,134669,77924.6,52002.1,114364,160.546,-1.059,240.962,10630
63651.4,36587.4,124118,45728.4,33508,101186,108.212,35.054,240.966,10631
48051.1,22800.4,134639,87132.8,52035.6,124486,195.877,-1.5885,240.971,10632
41244,23359.5,121813,47782.8,34963,104003,138.807,40.1188,240.998,10633
44599.5,23627.4,121090,54816.8,38698.7,107105,122.024,3.09415,241.051,10635
56153.4,30287.8,127010,59770,40509.4,108613,55.8933,6.69474,241.133,10637
73596.9,40628,129723,60996.1,40697.7,107245,155.192,-8.3661,241.143,10638
68136.7,37398.9,128193,62187.1,45064.7,107854,261.656,4.33183,241.172,10639
57659.5,32454.7,121645,46181.5,34427.9,101141,114.484,41.8072,241.181,10640
54210.2,31376.3,125083,67018.1,50110.4,108443,256.969,-27.6929,241.188,10641
66270.4,37356.3,125021,50040.7,38217.4,103779,97.5672,7.14483,241.385,10646
66724.2,36531.4,124974,48789.4,37094.1,103178,140.945,15.6406,241.4,10648
63703.8,36444.2,127333,47974.7,35143.9,103250,155.941,58.185,241.447,10649
42099.3,23737.1,120584,43753.8,34427.5,99637.9,109.083,3.82551,241.458,10650
31966.2,22683.4,103925,68795.9,59043.3,96077.9,324.037,-3.3888,241.46,10651
66273.2,37104,124991,49271.2,34369.4,103355,151.562,37.924,241.508,10652
70729.8,40972.7,123557,54368.6,41640.1,103193,107.514,-11.8078,241.609,10655
37131,20289.7,118024,47447.4,34605.7,102587,186.551,48.9547,241.616,10656
73878.2,42116.7,124993,71272.1,53330.2,105298,122.314,18.2288,241.67,10657
63500.3,30412.9,158872,88595.3,48009.6,134312,181.51,6.41344,241.675,10658
58539.8,32066.8,124129,47937,37067.2,101433,148.852,-10.9607,241.689,10659
40214.8,23127.6,119899,45081.8,32741.9,103326,94.4223,8.88893,241.693,10660
37974.6,22166.9,115542,37959.7,26715.9,101026,112.336,11.252,241.693,10661
53343,28663.6,128394,50560.8,37371.9,105413,122.604,8.66388,241.7,10662
41467.3,28584.2,109650,36844,30310.3,92481.2,155.537,-25.2042,241.767,10663
55734.6,31873.7,120905,58835.5,45771.6,104548,95.063,-10.7488,241.867,10665
43358.9,24812.7,121267,56174.1,40755.8,105574,110.942,-10.537,241.929,10666
73102.3,38358,132250,82533,56272.3,113516,136.9,-6.1422,241.943,10667
58758.6,33131.7,128795,53370.6,34478.7,107600,136.38,-36.6943,241.989,10668
63579.8,36230.3,124313,44616.8,33961.4,99275.8,162.158,21.7737,241.997,10669
66026.5,37555.4,125440,42069.6,29807.2,103657,139.905,10.4643,242.018,10670
28016.8,15206.3,135294,78488.5,46022.5,123766,197.535,-22.6096,242.062,10671
49484.6,27211.6,121129,36708.3,28020.8,97888.8,75.9819,-4.50075,242.106,10673
59469.8,30787.9,130651,71025.6,52711.8,107792,104.433,-3.97125,242.149,10674
70855.9,39523.6,130470,69719.1,50934.5,108050,155.537,25.2624,242.156,10675
58694,34507.7,124565,44480.7,32287.7,101807,85.4433,14.6841,242.186,10678
46138.1,27126.1,117964,42225.6,32182.3,97131.7,54.8854,-40.242,242.193,10679
52247.4,28053.8,128371,55898.3,37351,108282,133.836,-7.3071,242.202,10680
57554,31273.4,124634,56919.1,41998.2,103717,86.0268,0.0562562,242.236,10682
47098,24476.5,127994,67776.4,47554.3,110369,208.21,21.211,242.256,10683
63350.9,35868.9,124416,44664.5,33906.4,99605.9,71.4207,27.1757,242.257,10684
35470.7,18393.5,120847,49645.5,34805.8,104409,160.086,-20.7034,242.258,10685
51011.4,27412.4,127600,71311,46703.1,112272,115.238,-0.26475,242.259,10686
53176.4,27670,127778,68206.8,45922.9,110659,110.303,-0.79425,242.275,10688
44617,21769.1,132187,98579.9,61670.6,120759,224.154,20.4795,242.38,10689
54675.5,31898,124241,49592.7,36414.5,104925,144.697,-4.07715,242.384,10690
55585.4,30228.6,131242,70872.2,51501.3,111379,168.539,-24.3041,242.412,10691
49093.7,27214,121264,44324.7,33059.2,103351,68.3777,-37.5415,242.512,10692
73878.8,38834.5,130760,76627.7,52191.7,111523,101.234,-1.53555,242.567,10693
66990.1,38096.6,124976,47696.4,35020.5,99923.3,74.9297,0.506307,242.58,10694
76582,42017.3,126199,68936.7,52441,107924,136.033,2.64408,242.589,10695
56616.7,30865.4,125138,56931.9,39896.8,105682,99.4883,14.7966,242.619,10697
71662,36515,136900,85757.6,50412.3,119057,191.073,3.82551,242.629,10699
62416.8,33803.8,126978,56672.4,40303.5,108275,142.677,68.3043,242.634,10700
42790,22764.6,123168,68555.8,47141.3,110097,181.166,38.8245,242.634,10701
58714.2,30540.7,128678,60749.8,45922.7,107768,90.5759,0.78759,242.689,10703
55834,28647.4,131416,66088.2,44474.1,109212,251.599,6.41344,242.742,10704
60692.4,34090.8,126369,55427,35705.1,106933,165.493,-1.2708,242.745,10705
60083.4,34447.1,126500,61214.8,43522.8,106923,167.218,6.24466,242.745,10706
60584,32624,125540,52846.1,38007,103565,104.259,46.9286,242.749,10707
57713,32832.7,132388,65585.7,48278.1,111256,184.031,-3.22995,242.75,10708
63559.6,35379.7,123637,42206.9,31606.5,100700,37.2792,12.6023,242.809,10709
82960.2,45638.2,132374,69893.9,48506.1,112022,176.75,-1.1649,242.882,10710
74942,41624.7,133510,66278,48643,110372,170.55,-34.0998,242.917,10713
72298.7,38364.9,132274,60270.9,42590.3,109949,107.689,-42.4129,242.936,10715
45199.7,23368.4,130814,77460.9,46628.9,120218,213.283,14.4027,242.937,10716
80063.2,44992.8,135559,78525.9,53663.9,114682,194.848,4.72565,242.988,10717
42668.2,27197.4,115525,66145.7,49088.9,107985,198.506,0.0562562,243.025,10718
39725.3,21399.5,125005,70398.8,48820,111821,204.502,8.32631,243.071,10720
73147.4,39465.9,127488,61969.2,45271.5,106899,209.864,26.5004,243.17,10722
73401.6,38025.7,131910,70386.9,48145.4,112425,231.427,18.8478,243.18,10723
68963.9,39869.3,125053,50585.7,35190.2,104176,92.7908,-5.295,243.202,10724
51554.8,27850.7,132560,74381.8,49384.2,131544,212.657,65.3045,243.239,10725
69472.3,35761.1,139563,87484.8,58492.1,120051,248.092,-9.531,243.246,10726
72637.8,38812.8,130918,57863.9,40774.8,108032,131.869,73.189,243.259,10727
40055.8,23123.7,120109,42668.7,31637.4,99437.2,115.471,-3.44175,243.336,10728
49727.3,26756.9,128047,81639.1,57756.1,114155,258.381,-4.92435,243.339,10729
60010.4,36702.1,120897,50262.5,37974.6,101298,71.1281,4.16306,243.362,10730
32493,18249.4,121365,55328.2,41566.9,104565,268.594,17.1598,243.448,10732
74371.7,37727.1,141638,86816.8,50640.1,122187,207.811,-2.27685,243.46,10734
63377.8,32366.4,133936,74150.5,44904.1,113478,161.122,-0.79425,243.462,10735
72909.1,40082.8,127072,55377.6,38998.2,106732,121.097,-0.7413,243.528,10736
73182.6,40295.8,129877,52867,37157.5,107653,181.968,-2.91225,243.544,10737
57282,31014.2,124674,43428.4,31656.1,100796,84.3345,-5.45385,243.562,10739
63827.8,35105.7,126819,50164.7,35871.8,103964,149.025,29.7642,243.568,10740
57380.8,35776.9,120470,36769.4,28449.2,95515,56.9604,11.5895,243.575,10741
56817.8,32834.4,127036,59332,44328.9,105662,44.4519,-22.8214,243.605,10742
70427.8,38868.3,124921,54639.3,38996,105017,194.219,-7.25415,243.635,10743
77723.6,43645.5,128055,63412.6,47977.9,105111,166.413,-7.9425,243.779,10744
41251.4,23067.4,128397,65978.1,43334.4,111429,213.169,9.2265,243.853,10747
55023.7,29780.6,123819,44644.2,31317.5,102376,54.3519,-5.66565,243.895,10750
61191.5,35082.8,120954,42331.2,31376,100733,86.0268,14.6278,243.904,10751
61103.6,34415.7,128141,57202.3,40344.6,107940,223.87,34.0973,243.967,10752
57646,31252.3,132610,64130.7,43152.7,117352,164.976,-9.6369,243.974,10753
74092.3,41412.5,127931,57864.9,40242.7,107716,183.458,25.3187,243.977,10754
67747.6,39180.3,126984,55246.5,42292.1,104545,79.1375,-6.83055,243.979,10755
23195.6,13378.5,118264,64876.9,45390.2,115311,144.813,0.675077,243.99,10757
57970.3,31033.4,135568,78970,51360,117824,123.473,9.05771,243.996,10758
47518,24305.1,127078,49520.4,34215.4,107531,81.8826,3.71299,244.016,10759
59770.4,32087.9,134402,88220,59239,114995,190.33,-4.92435,244.036,10760
61897.5,34636.7,122117,51965.2,38409.1,103338,146.775,-5.24205,244.308,10761
52143.8,29459.8,122199,53825.3,40931.5,101658,110.013,6.69474,244.324,10763
64304.7,35231.5,127067,67027.2,48291.7,106645,126.428,-51.1497,244.343,10764
52444,29386.9,122015,44884,33798.2,101415,85.4433,5.40076,244.392,10765
52936,28382.5,131642,79609.2,56004.4,115106,217.555,0.506307,244.402,10766
61549.5,36270.9,121109,49787.9,37441.5,97209.3,121.329,-11.4902,244.46,10768
80421.1,40867.1,135281,73682,49170.8,124274,191.417,-8.7897,244.483,10769
66391,39715.3,123600,47521,35631.6,100496,94.5388,-8.472,244.588,10770
57993.8,30983.3,134570,76405,50257.3,113538,177.897,39.4435,244.619,10771
69093.4,36594.4,132414,57214.2,36765.9,109969,159.395,19.0728,244.627,10772
52539.9,30999.2,120623,48590.8,38124.8,97501.3,86.6686,-6.9894,244.66,10774
30888.3,17490.9,154755,77181.3,51860.7,131616,248.262,2.47531,244.663,10775
56407.4,31024.7,121375,48952.9,36383.3,103090,84.8014,-0.47655,244.7,10776
64100.5,34332.7,127372,59888.2,43314.9,108052,139.327,11.3082,244.706,10777
61313.8,33406.1,129013,57150.8,37806.2,107772,55.5968,-15.3555,244.722,10778
57496.5,32868.4,121493,58330.1,46238.3,101545,177.324,-16.3086,244.834,10780
65143.9,33826.1,138573,99073.4,58398.4,125412,282.835,-11.5961,244.861,10781
54640.5,27689.5,132354,68574.5,47644.5,110295,180.019,-4.81845,244.903,10783
57595.5,30690.8,127057,45423.7,34233.9,102385,106.236,47.1537,244.957,10784
73060.5,40952.9,128748,53581.3,39451.5,104402,86.2018,-3.01815,244.966,10785
71378,39044.3,131985,68939.1,49748.4,111344,167.965,-12.8669,244.986,10786
62731.1,34795.1,125484,57452.3,42204,107803,92.9656,-0.26475,245.007,10787
61564.6,32762.7,126754,67853,50920.7,107608,110.71,-33.1467,245.053,10788
53352.5,28350.3,130932,81235.5,60496.6,112010,186.952,-5.98335,245.136,10790
48524.8,26927.6,126368,57957.3,41193.9,107015,80.5978,1.46267,245.156,10791
60518.6,31594.8,127690,54499.6,39942.9,106854,197.535,16.2595,245.157,10792
75964.9,39960.5,130838,73329.1,54496.6,109199,114.948,1.46267,245.176,10793
53223.4,27129.1,132430,80158.5,57288.8,115510,140.771,17.6099,245.183,10794
55719.8,32666.6,127108,52126,40044.7,102891,126.428,-4.5537,245.189,10795
55792.1,31567,123660,51801.4,37205.1,104189,68.963,-64.8108,245.213,10796
61734.1,35740.4,122517,47578.2,35619.9,101144,64.371,-7.04235,245.274,10797
70739.7,37958.3,127849,59193.8,42639.4,106736,146.544,-1.53555,245.282,10798
43024.3,22768.5,124458,41962.4,29140.3,103642,105.015,0.731334,245.432,10799
65681.3,35542.6,131328,80753.6,56058.9,114096,150.697,-1.059,245.482,10802
61683.1,33091,131485,62032.6,43869,109861,183.859,1.12513,245.569,10804
67970.3,36302,128198,58654.2,42811.1,107452,95.6455,-8.52495,245.574,10805
58804.1,32869.4,126158,73977.9,54735.2,106264,174.856,26.5567,245.575,10806
63718.1,33918.8,128939,51298.3,35013.2,106764,116.225,3.20666,245.674,10807
58636.4,33714.7,122403,55512.2,39953.3,104081,114.658,-5.24205,245.68,10808
72606.8,38930.9,135216,73704.8,51194.7,111899,166.585,29.0889,245.807,10810
46195.3,25204.4,125421,73579.5,52605.8,111149,121.097,13.3337,245.831,10811
36926.4,22672,120684,58077.2,37834.8,131908,263.801,37.3613,245.831,10812
66854.5,36870.4,127549,70425.9,48258,111788,190.501,-38.2299,245.844,10814
62592.2,36684.1,125098,45776.8,33387,102579,96.752,-1.42965,245.913,10815
58047.4,32391.8,127427,79066.5,53861.7,112622,243.789,-22.3979,246.021,10818
61821,34215.5,124595,49514.7,36000.6,103753,134.761,-31.0817,246.075,10819
66105.8,33262.3,133780,86536.6,57883.6,115160,168.827,-11.702,246.105,10820
66744.6,37083.2,125022,61323.8,46652.1,103965,168.367,-20.7564,246.138,10821
52332.1,28699.5,122280,59308.2,44156.8,103058,74.8712,-18.7973,246.14,10822
65335.4,38623.1,122297,52686.7,41972.7,98241.2,175.602,-13.1316,246.178,10824
65543.4,38514.1,124261,43952.5,31876.1,99808.8,136.611,-11.1195,246.262,10829
68156.3,38601.7,124305,50820,36040.2,103920,186.551,-0.7413,246.302,10830
40880.4,20204.5,131796,69723.7,48897.9,113819,206.841,-34.7352,246.327,10833
70543.5,36751.2,131516,67438.4,46548.1,111667,231.767,14.9091,246.33,10834
57762.8,31301.4,127177,56773,39874.8,108323,226.769,57.5096,246.333,10835
60144.9,32329.8,124851,57868.4,41421.2,104633,81.2402,-62.5339,246.363,10836
53419.3,27260.9,129462,58641.9,39052.5,110653,152.253,13.1649,246.481,10837
81202.2,42873.4,132372,65708.1,48217.4,107615,137.189,2.58782,246.496,10839
63026.6,34382.5,125248,59623.7,43764.1,105570,122.488,12.6023,246.506,10840
59144.9,36297.3,132010,76440.5,58737.4,111587,154.731,8.88893,246.579,10842
63283.4,34508.8,126325,69712.7,49863.4,110582,129.38,4.89443,246.611,10843
63053.5,32196.4,133819,74602.5,47683.6,114288,190.101,-18.056,246.636,10844
34464.9,20138.9,117656,42627.2,32208.9,98049.5,86.9603,10.183,246.681,10845
67802.9,38092.9,124513,51931,39470.8,103777,158.705,-10.8018,246.69,10846
63899.6,34584.8,133619,79024.6,50126.7,117592,180.764,12.7148,246.693,10847
57425.1,31906.3,124661,58648,41196.4,109911,151.792,2.25028,246.713,10848
22781.5,13488.7,138535,64534.3,38438.7,127749,310.695,-15.4614,246.767,10850
59555.5,34742.7,121756,49559.6,35081.2,108036,162.388,11.3082,246.77,10851
41244.8,22138.6,127545,73590.9,47791.4,115857,102.514,20.1982,246.793,10852
31312.3,14450.8,143264,50539,31881.6,125164,208.324,8.32631,246.845,10853
59014.8,33080.9,122334,43240.8,31790.9,102663,124.053,30.9459,246.888,10854
61596.7,33694.5,127334,46271.3,33975,102820,87.6019,-13.3434,246.939,10855
73772.3,42149.5,127417,56238.8,41328.9,103198,97.1014,33.1969,246.943,10856
61473.1,36414.9,120621,41113.8,30713.3,99528.8,71.5962,29.314,246.957,10857
53528.5,30612.6,119305,42477,30858.1,98015.5,42.9699,9.84538,246.968,10858
75815.9,39465,130375,60239.4,41434.3,107353,147.41,2.70034,247.085,10860
59012.3,32721,124401,55184.5,42064.5,101417,120.459,11.5333,247.086,10861
48628.9,27052.2,134459,78022.2,49868.6,117687,193.19,-1.95915,247.096,10862
51449.3,26093,132237,79262.1,50830.7,114719,244.978,3.71299,247.208,10864
63002.6,36850.5,121445,43187.1,31054.5,101013,114.716,26.1065,247.231,10865
43459.9,23442.1,120525,42164.9,31946.3,97810.7,63.6003,-18.4266,247.235,10866
39810.4,20507.9,128080,65731.4,44694.9,112286,176.463,1.85647,247.237,10867
47448.1,26284.3,124941,43561.5,29325.7,105094,71.2452,-1.3767,247.263,10868
63375.6,33413.8,131644,70132.6,49323.3,110376,120.865,9.45155,247.434,10873
61684,35991.4,121405,44380.4,33218,98302.8,121.734,-4.236,247.437,10874
68150.4,35468.1,134227,70612.5,41816.8,113916,133.026,-27.9046,247.476,10876
68387.3,40699,124546,51348.3,37429.3,103995,208.666,-2.17095,247.48,10877
68472.4,36853.8,130754,65770.9,47002,111064,150.985,10.0142,247.482,10878
62606,31440.5,141596,79494.6,50446.6,121528,186.38,32.0151,247.513,10879
53810.6,30473.8,121138,45976.1,31599.6,104404,102.514,-21.9743,247.522,10880
51790.8,28738.6,125268,46003.8,32384.3,103952,45.8746,-0.90015,247.526,10881
68137.3,34901.2,130843,70782.7,50248.1,110174,62.711,16.0344,247.604,10883
48799.9,26229.2,125134,59554.6,42080.4,107451,175.143,-41.8305,247.613,10884
66455.8,35071.8,130847,64296.7,44701.9,109859,165.723,-0.4236,247.718,10886
60520.6,32892,126405,40648.8,28953.7,101221,65.9773,-9.37215,247.796,10889
57948.7,28995.3,141480,101232,54009.2,130661,178.586,4.95069,247.8,10891
66540.1,33090.2,134235,79451.8,54076.6,121294,138.287,27.7384,247.818,10892
45741.8,24471,124993,45565.9,32013.2,104849,132.737,-23.298,247.909,10894
44805.1,23878.1,124400,61512,47230.4,107376,193.076,-5.4009,247.972,10895
65817.5,34134.8,139696,87386.5,53447.2,119226,237.158,-9.531,247.975,10896
53286,30328.9,129412,88717.9,61605.3,112471,191.817,-12.1785,248.029,10897
78573,42362.9,131828,63684,45267.6,109751,153.867,31.3398,248.06,10898
69329.3,35494.8,132586,72122.4,49455.6,113921,153.579,41.357,248.067,10899
67299.3,37745.4,129523,69351.7,51944.2,110138,87.4269,-13.6611,248.091,10900
49451,28365.7,120303,63265.4,46242.4,104936,269.552,-5.24205,248.151,10902
65694.9,38595.6,124404,41682.5,31240.2,98381.6,95.1795,-49.8259,248.18,10903
34834.1,19363.2,122229,52602.4,37902.3,107200,155.134,-7.78365,248.222,10904
67562.1,37882.3,127056,58772.3,41693.8,105801,118.197,-18.003,248.252,10905
59714.3,35876.2,119964,32970.1,26479,92520.6,95.0048,6.13214,248.267,10907
45250.1,25379.3,120327,41339.5,31812.3,99567.8,37.9905,-0.4236,248.307,10908
65053.8,38633.1,123949,43951.9,33021.5,99974.7,96.5191,0.675077,248.31,10909
67732.1,36798.8,128388,54407.4,39382.6,104954,160.086,60.5489,248.32,10910
56649.1,28805.7,131222,77158.2,55099.9,111892,233.867,10.3517,248.343,10911
59225.5,35856.2,120944,40903.3,31524,97092.7,105.189,0.112512,248.431,10912
67477.8,36843.8,128764,51240.1,37162.8,103883,95.4708,34.8851,248.432,10913
58343.3,32274.1,130446,53590.1,34078.8,110577,102.223,-13.5023,248.433,10914
54014.2,31640.2,120185,44813.8,36105,95896.6,141.984,2.64408,248.436,10915
49594.2,26037.9,134756,85357.5,53071.4,118166,249.789,-13.0786,248.447,10916
75207.8,40094.2,129247,57480.1,38751.4,107725,186.551,-3.01815,248.522,10919
42822.1,21260.6,127682,79870.1,52942.9,114191,188.613,-3.65355,248.523,10920
79054.1,39896.1,137712,74695.6,49398.3,117323,186.895,9.00145,248.571,10921
45795.7,24686.8,129147,81246,53443.7,119567,211.46,-20.3328,248.575,10922
55563.7,31784,120928,48558.9,35023.9,103459,88.885,0.506307,248.692,10924
60105.8,33112.8,125151,47553.6,34694.4,101351,129.554,-0.2118,248.703,10925
82015.7,41204.1,136327,70359.7,45646.1,114476,174.569,28.0198,248.75,10926
67227.7,36601.4,126638,45319,31291.6,104766,163.538,15.1905,248.756,10927
24189.1,14733.9,112020,38161.8,27517.5,100765,109.664,4.78191,248.774,10928
41385.1,22368.2,121031,46333.8,32617.4,104889,96.1115,20.367,248.786,10929
68952.7,42853.9,121988,47018.4,37026,96510.3,55.2411,9.28276,248.833,10930
60862.7,33743.7,121919,52432.8,37378.7,102741,107.166,20.1419,248.85,10931
72819.8,36320.4,136365,85990,58914,113293,192.675,-42.6777,248.88,10932
71810.2,41102.3,126616,55226.5,39242.9,106718,153.521,-34.947,248.888,10933
76416.7,42520.6,130396,78443.3,54267.8,111650,105.131,-14.4553,248.928,10935
74358.4,37618.1,135503,67038.8,42146,115450,108.677,29.2577,249.046,10937
77400.4,41781.9,129491,75644.8,55401.8,107478,198.163,0.562564,249.106,10938
40944.7,23427.4,115315,38808.8,30393.4,96257.5,120.285,-16.5204,249.114,10939
46553.5,24639.1,123419,48516.1,35819.1,103195,157.38,-14.0847,249.137,10940
62448.6,38247.8,122194,42799.3,32268.8,98977.3,91.8583,6.30092,249.18,10941
69084.5,39609,128107,52715.7,39987,104217,196.506,47.6039,249.213,10942
64921.8,34737.7,128778,55754.5,39911,104919,207.868,-10.9077,249.215,10943
35020.6,18911.5,119102,52937.2,37828.2,108277,185.578,6.24466,249.268,10945
56510.6,32010.5,124974,61873.5,46644.8,103695,89.7597,-8.472,249.292,10947
68482.9,38055.8,124811,50054.6,34894,103427,137.882,-16.4675,249.312,10948
58874.9,35426.7,120977,34773.7,27272.5,95696.9,111.465,-16.4675,249.418,10951
21006,10314,120398,61412.5,35750,120045,73.5848,40.8505,249.456,10952
66306.2,37382.6,122728,62821.1,49986.9,103093,97.5672,51.7125,249.48,10953
54794.2,32138.2,121078,35128.6,25160.1,98444.6,48.7793,16.2595,249.501,10954
54214.4,27920.3,133357,80236.3,54013.3,116445,161.467,-15.0907,249.576,10955
67135.6,39270.1,124276,51492.1,39386.4,100741,114.542,-4.39485,249.62,10957
58757,32207.3,129175,63837.7,42621.3,110853,140.887,-4.39485,249.646,10958
59804.6,31820.9,127538,60624.5,43257.5,106383,129.438,-10.1664,249.734,10960
83303.1,44323,135778,72826.3,48591.7,114696,119.009,0.225025,249.735,10961
67788.3,35957.3,130572,58271.4,40886.9,107908,99.6629,21.4924,249.755,10962
69406,35364.7,136280,62677.2,41812.6,111096,117.849,-14.3495,249.76,10963
69040.2,37493.1,127033,46506.2,32867,102662,118.719,-31.5582,249.903,10966
50810.5,29809.1,120080,49186.4,36794.2,100402,59.806,89.4201,249.913,10967
60221.3,36005.6,119529,35403.8,28203.6,93884.5,89.9929,-46.9137,249.927,10968
36113.2,19367.2,159262,54270.8,37639.7,142162,84.9764,-4.4478,249.927,10969
43032,22706.1,125721,55051.3,38851,106762,108.27,-6.72465,249.927,10970
69272.1,35728.7,148422,94372.9,55482.3,129308,205.529,-2.3298,249.941,10971
68293.2,39670.9,125128,51941,36839.9,104147,95.1795,22.3364,249.967,10972
61326.3,35649.6,131326,65811.1,44653.7,120973,142.792,-3.3888,249.971,10973
30609.3,14011.3,129352,59624.3,35909.9,121878,162.273,0.0562562,249.971,10974
71272.7,36366.6,133708,69936.4,49295.5,111050,171.125,-3.01815,249.986,10975
64643.2,37233.9,124066,48105.7,35857.7,100543,181.567,-7.67775,250.002,10976
72216.1,38196.4,131515,60196.1,41541.5,110161,263.857,-1.11195,250.065,10977
49072.4,27191.8,120776,48875.6,36068.4,103236,99.0808,-8.6838,250.07,10978
58213,33083.1,121782,45367.8,33943.8,99844.7,47.0602,4.72565,250.077,10979
68435.7,39651,126991,49310.5,35132.6,103373,160.546,-1.1649,250.145,10980
48389.1,25391.3,125834,72082.6,51347.8,106925,177.152,3.54421,250.161,10983
48431.4,29977.1,116312,36146.3,28117.2,94149.1,61.7624,-6.72465,250.261,10986
51215.4,30809,117115,44116.2,36639.2,94003.4,93.8979,-3.01815,250.261,10987
69439.1,38784.2,125787,51690.4,39357.9,100900,158.186,13.39,250.361,10992
65876.1,36610.5,131004,82595.3,58458.6,110912,183.687,2.81286,250.375,10993
65184.5,37345.8,127055,64798.7,44312.1,108028,122.488,-0.47655,250.438,10995
58532.6,32754.6,124552,49302.8,35355.4,103215,25.9578,2.41905,250.475,10997
71141.1,37445.2,128374,63909.1,45471.2,109694,131.348,23.4055,250.489,10998
64337.8,36676.2,123925,47186.4,34631.4,100389,131.579,-5.66565,250.496,10999
53792.7,30310.6,124698,75109.6,48921.4,111672,122.778,-13.714,250.505,11000
71265.5,38262.2,130524,56148.6,38458.7,110018,186.723,19.4667,250.592,11001
69560.3,38752.9,128646,61850.7,44534.4,107251,140.656,24.8123,250.601,11002
63193.8,34091.6,131839,72030,51906.3,109741,154.846,8.66388,250.63,11003
71179.8,37089.2,133731,75179.4,52830.6,110140,173.134,-0.47655,250.648,11004
38838.2,21175.7,140389,48256.8,34875.5,104489,77.4431,46.7597,250.664,11005
70436.8,39422.5,126266,53978.4,40050.9,103597,82.7584,0.168769,250.742,11007
43194.5,22888.4,124854,58791.5,41263,106885,101.932,36.3483,250.821,11009
45979.6,23142.3,129111,72133.9,47628.9,117201,195.935,-6.30105,250.921,11010
36642.7,18606.9,131415,83427.1,50350.3,120578,267.128,-13.9258,250.925,11011
74892.4,40420.4,130524,68906.8,44588.8,112429,253.748,39.6686,250.945,11012
51955.7,28607.1,121101,47791.9,35414.7,102920,157.611,-0.37065,251.028,11014
62669.5,34375,128787,51001.9,35483.3,104354,154.904,14.7966,251.06,11016
63422.4,36315.7,122038,41279.1,31645.2,97721.2,89.9929,-5.24205,251.164,11020
80532.1,42817.8,131283,67501.8,45933.8,111144,186.838,43.9458,251.181,11021
70196.3,38492.1,128424,63661,46315.4,107751,152.08,-11.3313,251.204,11022
66072.8,35055.2,129582,57830.3,41051.7,107993,75.2804,-18.1089,251.276,11023
55609.2,28238.7,129079,72202.4,48779.5,110010,44.7483,-20.5976,251.316,11024
66080.9,37103.3,125585,49470.6,36345.9,102550,99.3719,-27.4281,251.323,11025
72829.1,38416.6,131494,55511.4,39129.6,106750,107.979,-3.8124,251.356,11026
56904.9,28559.4,130611,70952.9,49801.3,113587,168.942,25.375,251.366,11027
80627.9,43483.6,129053,65100.5,49377.7,105759,108.212,42.5951,251.374,11028
40835.3,20878.8,126705,72940.7,54251.3,109721,259.341,-3.6006,251.378,11029
41461.6,21215.6,124553,55861.7,38052.3,109918,98.4987,-16.0438,251.393,11031
68344.4,39570.9,124662,51442.8,37689.5,104391,139.558,30.7771,251.44,11032
57866.4,31720.9,122080,53363.9,39172.1,104208,81.649,-24.2511,251.457,11033
49465.3,29046.9,118233,39406.1,31122.7,95353.3,57.4939,-30.711,251.472,11034
74060.1,38732.9,136645,70696.9,49910.4,113493,130.306,-7.5189,251.534,11035
60458.8,33203.5,127249,56223.4,41996.9,107034,104.026,48.3919,251.547,11036
63441.5,36399.8,122226,40302.7,29985.6,96671.8,101.001,15.6968,251.626,11038
61396.4,36072.6,121518,41929,32836.2,96631.7,51.3877,-16.5204,251.656,11040
49262.6,25293.6,128466,65053.1,45563.4,108140,112.917,-13.1316,251.773,11043
60552,34074.2,129001,59122.1,41304.1,105099,135.455,-32.2466,251.941,11051
69902.9,38891.5,124292,55867.8,39036.4,107286,141.869,-1.5885,251.947,11052
55304.5,30749.3,125522,44348,33727.4,100375,125.037,7.59491,251.98,11053
49402.8,27722.6,119644,54746,39518.5,100563,62.7703,23.6869,252.002,11054
62967.3,36089.7,123655,42787.2,32325.6,101370,140.194,13.1649,252.005,11055
43513.4,22433.2,127726,53026.2,36848.9,108693,57.6718,-10.7488,252.018,11056
38030.7,23154.9,111248,43573.9,34250.5,100285,142.157,31.3398,252.098,11058
56267.9,30195.8,124092,44997.7,33684.8,101815,115.529,-22.4508,252.099,11059
51451.4,26393.2,136153,94766.1,49740.3,123604,203.189,2.92537,252.103,11060
58209.7,32315.8,124289,49749.2,36235.9,100622,124.748,5.28824,252.158,11062
79008.6,42838,129748,69779.2,51129.9,107745,210.263,21.9425,252.189,11063
73198.5,35804.9,139583,80538.2,47605.1,119937,179.102,20.8734,252.21,11064
43482.4,25367.3,120239,49851.5,36961,103200,161.179,1.57519,252.336,11070
52832.4,29268.9,122133,44678.4,32411.4,102461,137.073,-8.5779,252.405,11071
70415.6,38196.8,131384,84567.8,55487.8,115281,281.149,42.9327,252.418,11072
69759.8,40322.5,127332,55587.4,39776.5,103631,124.632,-10.537,252.449,11073
68779.6,38039.3,131500,61230.7,44603.3,108240,120.459,-23.0862,252.457,11074
67530.6,40070.3,124439,53183.9,38799.7,100924,65.3196,84.4952,252.471,11075
61487.4,32101,134206,55967.4,38410.9,139838,205.13,-9.2133,252.493,11077
42876.9,24101.1,121153,49037.3,35703.6,104431,208.495,18.679,252.494,11078
43105.2,21098.8,135983,83718,43455.7,149001,251.599,0.562564,252.501,11079
53260.6,30369.6,120289,36781.2,28560.2,93750.5,51.862,-11.5431,252.542,11080
24686.5,14316.2,135726,39028.8,27793.7,106800,162.618,-9.7428,252.557,11083
52340.3,27163.6,134977,81580.7,55024.4,116920,174.799,1.80022,252.572,11084
47757.4,26958.5,132308,78730.4,50654.9,120628,298.83,21.211,252.677,11085
42582,24139.1,123795,49131.5,34290.6,107747,78.8454,36.2358,252.689,11086
38288.5,20824.5,119951,52619.6,35523.5,108146,83.8675,20.4795,252.693,11087
71442.3,38611.8,127032,71101.6,55042.1,104861,66.6799,-34.947,252.695,11088
50254,25895.5,127824,64514.3,45551.1,109734,183.458,-19.8563,252.735,11090
48763.7,24671.1,133850,68938.8,43148.7,115888,138.865,-0.15885,252.738,11091
63242.6,33939.6,131828,64505.3,44133.3,107010,178.012,-19.8563,252.754,11092
71444.7,36922.3,134565,64576.9,45669.7,109598,158.474,5.17572,252.761,11093
24826.9,13555.7,120697,60880.9,41220.3,110139,272.876,-1.1649,252.791,11094
58210.7,32092.6,125094,54106.1,36816.3,106888,132.505,12.6023,252.796,11095
73209.1,35910.5,139182,81773,52784.9,129189,257.873,61.3369,252.797,11096
51549.5,29646,124543,49122.8,34564.8,104844,153.463,0.506307,252.817,11098
59832,32227.5,125512,56380,40061.7,110220,140.309,-6.9894,252.903,11099
79358.2,41769.2,131869,68411.2,48063.1,111465,171.641,-0.1059,252.98,11101
62581.1,35253.2,124889,58182.5,44910.1,100641,109.2,-6.354,253.041,11103
56606.3,30481.7,124849,43999.6,30346.6,104530,46.9416,0.562564,253.109,11104
46399.8,23978.9,124754,48242.1,34286.5,105548,137.651,18.3414,253.27,11106
52577,28407.5,125191,53291.7,41133.5,102607,81.7658,-46.8078,253.283,11107
78761.5,42512.2,127999,68868.2,49781.7,109835,244.072,-0.7413,253.289,11108
51221.2,28697.6,132159,66582.7,45032.2,120433,272.482,7.7637,253.291,11109
72132.5,40462.3,124904,53908.2,40502.6,101096,214.594,2.19402,253.296,11110
56954,29968.5,130747,75848.6,53559.2,110863,106.119,5.85084,253.299,11111
72493.9,37636.8,129567,65566.4,46932.4,107916,133.72,-52.6852,253.3,11112
50989.3,28244.8,121990,48567.6,37244.4,104189,138.634,-3.54765,253.313,11114
67910,34596.6,132652,77089.6,56237.3,109911,59.0946,1.35016,253.323,11115
44783.1,24348.5,126879,55686.6,41821.1,111518,133.373,-12.0197,253.33,11116
62320.9,36757.4,121597,51601.1,38568.7,100742,133.257,56.1025,253.382,11118
46537.8,26465.2,121451,49101.2,37104,102940,212.942,97.0473,253.382,11119
60869.1,34484.7,126998,56295.2,41626.3,104199,124.69,2.25028,253.385,11120
59654.8,31261.6,128419,66402.3,50884.1,104559,79.3128,15.5843,253.412,11122
73408.2,40813.9,127072,61197,45322.9,103722,143.543,-2.17095,253.443,11123
47403.2,25934.5,121216,56948.5,37402.5,107989,248.431,16.2595,253.461,11124
61863.8,34247.2,124192,51544.5,37926.6,100211,168.654,-29.9697,253.487,11125
44334,23377.9,127322,66120.6,44526.5,112133,162.388,-19.8563,253.502,11126
41116.6,23669.1,116557,50421,38244.1,103792,140.945,41.357,253.505,11127
66561.5,37660,126929,59831.4,40158.6,107721,172.56,-1.5885,253.514,11128
65617.7,32445.6,142526,78337.2,42693.9,123695,199.535,-2.59455,253.516,11129
61063.1,35098.5,122085,35915.6,28351.3,94015.7,129.033,11.1394,253.548,11130
67874,37493.5,127725,54992.8,39739.9,104108,81.0651,-21.7624,253.55,11131
68522,36258.2,131978,60064,40613.3,111202,129.265,-70.7942,253.555,11132
63342.2,36281.8,127705,53699.8,43423.1,99959.6,125.443,15.1905,253.582,11133
65222.7,37069.2,124366,52066.8,37840.8,103801,145.621,14.5715,253.598,11134
57810.4,30231.2,128166,60685.8,44117.2,108478,115.587,-13.2905,253.637,11135
57091.9,32992.4,121584,41680.4,29918.2,97412.3,114.31,60.7177,253.639,11136
58641.5,33540.2,122008,45806.8,36096.2,98055,114.542,-7.67775,253.65,11137
68916.7,39784.1,127362,51099.3,38325.2,103250,122.082,-54.5914,253.674,11138
50184.1,27736.8,129643,64221.9,45092,112188,111.116,-13.2375,253.715,11141
48669.2,28814,117010,42513.9,32057.4,97932,106.41,32.7467,253.738,11142
64392.4,37515.8,130583,74164.4,49541.3,112271,162.273,-18.9561,253.746,11143
67554.6,35658.4,128609,66225.4,41821.2,111277,169.803,13.1649,253.747,11144
55572.3,28645.7,155790,87104.7,50349.3,131710,203.931,16.3158,253.859,11145
62468.3,34897.9,123403,58960.5,42855.4,104238,106.352,3.60047,253.859,11146
41445.5,22864.5,122318,50444.9,35543.5,104999,140.598,22.4489,253.863,11147
79789.3,42078.9,130495,63075.6,44457.3,109935,137.593,10.8581,253.864,11148
52844.8,32779.2,123873,52293,40834.8,103147,165.206,3.26292,253.88,11149
60968.8,32677.2,126113,48535.7,35307.4,102058,69.8994,-11.702,253.897,11150
59855.4,35924.7,124489,50211.5,37004.2,100862,58.1461,-0.6354,253.908,11151
54544,33419.3,118011,39256.8,31334.6,93715.4,97.1597,-18.2148,253.919,11152
42731.6,22654.9,124472,43666,29939.8,104954,102.805,-19.115,253.923,11153
55959.3,30547.4,125386,53572.8,40225.4,103087,90.0512,10.6893,253.927,11154
54421.3,28532.2,126458,71243.8,50463.9,111478,130.943,-4.236,253.934,11155
65148,35952.8,129041,58457.7,43491.8,108091,86.7269,15.0779,253.943,11156
71286.3,37939.5,128536,58134.5,43573.3,106796,87.3686,-15.7791,253.988,11157
56719.1,31771.7,121316,45309.5,33341.6,101344,88.0685,67.8044,254,11158
67376.3,35097.4,128183,62351,41758.4,110904,189.986,3.82551,254.003,11159
62455.8,35227.2,125346,55752.1,40256.6,106996,128.338,-31.9289,254.009,11160
52345.1,29756.9,122045,45418.1,32423.9,100692,108.154,19.8043,254.038,11161
73677.4,40139.8,127761,56966.2,37357.2,111847,141.176,-8.6838,254.186,11167
65002.4,38175.7,128525,63058.5,51856.1,106924,156.171,-8.63085,254.204,11168
59570.2,32633.2,126792,65762.4,48433.9,107000,156.344,-0.79425,254.205,11169
66699.7,37985.2,127748,53824.3,41949.5,103165,229.269,54.4703,254.323,11171
71600.3,38059,128730,74609.9,54338.2,111336,134.125,-12.3373,254.346,11172
74873.6,39863.1,131600,65772.2,45120.1,110808,138.98,31.0585,254.354,11173
61036.5,35279.6,124102,45855.6,33817.7,102724,74.9881,3.88176,254.407,11174
71618,39515.3,126947,51950.3,36804.4,104164,89.818,-25.5219,254.527,11178
60188.5,34686.7,124761,50664.5,35188,104470,47.8308,7.70744,254.533,11179
75085.5,40671.8,132354,77047.7,52964.9,111985,199.934,0.78759,254.596,11181
67513,36469.4,128722,74575.1,53254.9,110318,99.6629,-10.2723,254.605,11182
70820.5,38795,128180,52267.8,39980.4,105899,40.7766,23.6306,254.802,11184
60625.6,35750.1,122305,57500.2,42110.5,100594,97.5672,-8.1543,254.826,11185
70527.4,38475.6,130978,56272.3,36952.4,108033,101.641,19.6918,254.967,11189
53955.1,25970.7,141008,95381.4,68204.6,121139,243.053,-8.52495,255.002,11190
73070.3,37537.6,133639,76101.3,51329.6,113980,164.343,1.96899,255.009,11191
63846,33483.8,127314,69884.9,51291.2,110508,139.154,-10.9607,255.034,11192
60724.8,34265.2,121918,44971.3,31728.3,101871,137.94,2.13776,255.099,11193
67219.7,34684.6,128859,82728.4,57879.9,111105,123.531,-9.3192,255.101,11194
59486.6,34557.1,125237,55425.7,43418.9,102348,84.3928,-28.4341,255.107,11195
35471.1,18955.3,122138,52284.5,35635.2,108040,170.78,16.8222,255.144,11196
69957.4,36456.1,134963,62665.8,43402.9,114816,248.035,-0.1059,255.144,11197
33067.2,20032.9,120425,51241.9,34551.1,108259,92.3246,-7.14825,255.144,11198
54191.1,30147.5,123776,44015.4,32588.2,100882,68.085,15.8094,255.163,11199
72434.2,39795.8,131118,64698.6,43603.1,110709,156.344,52.1064,255.165,11200
47205.6,25359.2,125491,47461,33368.7,103666,86.8436,34.2661,255.195,11201
60388,31623.3,127841,54009.8,36805,110099,78.5533,-21.2859,255.258,11203
56767.9,31244,124866,62042.5,46561.3,107701,148.159,28.4137,255.343,11206
63164.9,31834.2,142738,92362.2,58645.7,120732,254.2,-21.7624,255.349,11207
58487.1,29369.2,132328,80791.2,54295.3,117058,256.687,-13.82,255.399,11210
69235.5,37875.3,127754,55343.9,40518.1,104147,182.197,0.281281,255.499,11211
75285.6,39861.5,131296,77037.6,59005,107330,126.659,27.9072,255.567,11212
57712.5,30267.1,127152,49215.1,36212,104145,147.121,0.562564,255.576,11213
63947,36973.7,127070,43617.6,31150.6,102661,230.518,23.6869,255.578,11214
47570.3,25798.8,129428,66901.8,38813.8,116665,104.724,-0.79425,255.585,11215
81761.2,41542.1,134834,67737.5,46179.7,112863,250.525,36.9673,255.636,11216
70270.1,38970.7,124786,54342.8,39208.1,103610,109.2,-12.6551,255.65,11218
47183.9,25179.5,126490,69288.4,48021.6,113601,166.241,-45.8547,255.668,11219
55373.8,32607.9,119999,42134.6,32724.3,97293.5,64.7267,38.5994,255.682,11220
62132,33753.9,126502,53880.9,37140.1,107169,93.5483,-3.4947,255.703,11221
61967.9,36439.7,122284,43521.1,33604.4,97381.1,123.995,28.5825,255.735,11222
54545.1,31675.9,123602,46066.7,32623.4,104910,92.3246,-20.7034,255.811,11224
75329.4,39494.5,130519,61181.3,44764,104977,167.275,0.225025,255.912,11226
68055.2,36977.2,127525,52290.8,37260,103795,169.401,10.9706,255.93,11227
69730.6,39479.7,124527,58690.5,46241.6,101584,108.677,8.21379,255.973,11229
60402.6,33461.9,122672,45461,32291.8,102522,112.975,5.3445,255.99,11230
40520.6,23760.3,145011,80968,44128.2,130950,90.984,-16.8381,255.998,11231
58747.6,31637.7,132608,71386.1,47646.5,113328,115.064,9.95791,256.009,11232
56031.5,31327,122046,58828.8,42157.1,103696,139.963,-29.0166,256.022,11233
50803.2,28403.3,125253,54108.2,39346.6,104574,134.356,18.7915,256.044,11234
51907,29272.7,124819,54042.3,38659,106796,161.122,-0.26475,256.162,11237
75290.4,40415.6,129321,57264.4,41179.7,107386,156.747,7.53865,256.171,11238
63293.2,33998.5,131195,63396.6,42031.5,109817,169.918,9.45155,256.197,11240
64454.7,33130,131759,69523.3,48526,110806,95.6455,-0.90015,256.201,11241
58183.8,34241.8,122186,46224.4,34810.9,100790,93.6066,9.50781,256.249,11242
57203.1,31797.2,123750,66163.5,49889.4,103199,118.023,5.00695,256.307,11243
43056.1,26961.9,117069,64252.5,48578.8,107194,153.694,-0.68835,256.342,11244
54058,29772.5,124306,47923,35668.5,102981,149.313,-10.1135,256.45,11246
52584.8,27989.9,128100,68929.5,50168.6,107815,132.794,-4.8714,256.494,11247
78904.8,46307.7,127145,63451.6,50232.7,103970,98.4987,-6.08925,256.531,11249
38619.8,21262.5,120723,48345.8,32134.9,103770,206.556,65.8602,256.537,11250
67876.8,39749.9,123852,45670,32706.8,105682,107.572,14.0651,256.544,11251
52740.9,29194.8,123941,51750.9,36563.5,106809,138.229,-16.8381,256.552,11252
52195.6,27381.4,126865,54725,37085.3,107919,100.943,24.8686,256.646,11253
63614.1,36701.8,126953,67351.7,51967.1,106428,156.805,1.74396,256.685,11254
66732.5,35877.8,124875,52764.6,37393,104983,150.466,18.679,256.707,11256
53641,28433.9,127227,62192.4,43499.9,110351,100.536,-27.3222,256.744,11257
66950,36785.2,131090,70953.6,50673.1,115487,178.127,-8.2602,256.808,11259
74983.7,40090.6,130982,60525.5,44126.7,107301,179.618,-8.94855,256.835,11260
55097.5,31441.7,120689,46560.5,35833.1,102971,107.456,0.562564,256.974,11263
64037.1,38004.9,125722,51562.5,38651.9,102584,154.731,-19.115,256.99,11264
70601.8,38887.6,125057,50444.2,37473.3,103187,112.975,-10.0075,257.009,11266
75002.7,40191.3,128430,61652,45795.8,104178,173.536,2.02525,257.03,11267
61853.7,36009,120969,41520.9,30189.9,100258,89.8763,11.3082,257.05,11268
68262.4,37244.8,128723,48370,34909.8,104763,146.66,-1.00605,257.111,11270
77574.5,45443.5,132216,70574.3,54644.9,107976,148.159,-17.5264,257.145,11271
79372.5,41309.1,134687,71744.2,52511.2,110887,201.305,15.4155,257.215,11272
57201.4,33593.6,120496,39643.4,30801.1,98215.3,79.8969,3.1504,257.217,11273
59266.2,34123.8,123110,49186.2,36637.1,100700,122.952,12.6023,257.224,11274
58664.1,32886.8,124075,53716.2,39447.1,104951,113.729,-8.84265,257.237,11275
74012.7,40823.8,128486,62969,47244.4,104873,172.445,-9.3192,257.314,11277
32547,22253.3,133764,31558.1,23697,113620,173.594,-33.9939,257.384,11278
55254.8,29971.7,125590,55173.8,39449.4,107206,214.594,-3.65355,257.456,11281
54078.2,30276.8,129268,74741.8,48531.7,115239,177.783,-3.177,257.46,11282
60967.6,30696.4,131784,69282.6,44790.3,114387,171.125,78.0138,257.462,11283
80415.6,45740.8,129399,65109.4,48882.8,106197,153.348,-13.6611,257.483,11284
73223.8,38509.4,133705,62569.3,40315.1,114014,340.068,72.3567,257.497,11286
40941.1,24319.6,119734,55467.7,40933.6,104120,75.7481,2.41905,257.503,11288
53102.2,29205.7,122647,49269.7,35469.8,112023,117.559,-25.1512,257.507,11289
55679.1,29381.3,128452,63436.2,46057.7,108157,233.357,37.4176,257.637,11291
67120.1,36740.7,132424,68218.7,46652.3,110834,138.403,10.4643,257.762,11293
29683.2,15758.7,121544,37053.3,26914.7,101203,130.133,35.8418,257.763,11294
67629.6,37679.9,127113,49924.5,34769.5,103835,135.802,-9.8487,257.774,11296
65285,38500.9,121120,46914.5,35413.1,101016,422.018,242.563,257.791,11298
75717.3,40325.3,130578,64753.3,44860.2,111423,162.158,-10.4312,257.798,11299
70262.2,43745.3,124527,55600.7,44376.9,100907,170.206,-0.1059,257.812,11300
69330.8,38853.5,126989,58247.3,38787.1,107080,205.814,-20.4916,257.844,11301
25519.9,14695.6,121588,52848.5,34851.7,110387,157.208,-6.08925,257.899,11302
70507.2,38004.4,127615,66959.8,49145.5,109877,228.757,-20.0151,257.902,11303
25526,15263.4,112150,37720,27777.8,97488.6,41.1915,-34.3645,257.968,11304
53214.4,27171.3,131571,86500.7,56353.4,116917,227.394,-14.6142,257.968,11305
28403.1,15957.4,118106,42014.6,28610.3,102781,121.792,3.93802,258.027,11307
55116.4,28476.4,133845,53394.4,32583.7,113584,253.013,25.7689,258.1,11308
69009.6,36342.3,131429,71420.7,45734,112367,168.827,-3.75945,258.138,11309
64281.6,34335.5,130946,58750.1,41099.1,108381,154.212,22.7866,258.139,11310
64428.3,34781.5,128461,83863.4,58981.2,114290,219.376,-60.1512,258.146,11311
59147.7,34589.9,121942,45236.7,34568.1,100232,91.3921,-5.1891,258.269,11313
63997.1,34256,134182,68986.7,47491.1,112119,86.8436,-27.481,258.373,11315
77542.8,44549.4,127181,62624.4,45888.2,106861,149.601,7.36987,258.381,11316
69703.7,39533.5,124367,49589.7,37138.6,101625,114.136,-47.0725,258.466,11317
57816.8,31774,130981,71276.9,51288.9,110875,147.063,-25.6807,258.496,11318
59497.4,33663.3,124264,59442.4,44740.5,104054,120.343,41.6946,258.515,11319
65335.3,36886.2,124943,65912.8,47591.8,107775,209.294,-9.26625,258.576,11320
31153.9,14098,131029,81380.5,52160.8,116923,140.425,-1.5885,258.628,11321
55853.3,29975.3,127503,62772.1,46606.4,107894,176.291,-4.6596,258.645,11322
64044.6,37338,128127,53905.9,39955.6,106711,156.344,45.2402,258.667,11323
67047.2,34433.1,131717,65198.9,44478.2,109917,121.213,-11.5961,258.712,11324
48227,26209.1,121800,58644.7,45066.6,107398,130.827,9.78912,258.721,11325
68748,38159.5,129549,55783.8,41309.6,105224,146.486,-25.3101,258.739,11326
48865.2,25589.6,127438,66867.4,45577.8,112048,206.556,17.9475,258.746,11327
56286.3,30352.6,126860,43072.7,30923.8,100267,46.9416,-56.4447,258.771,11328
56197.7,30760.4,123824,57570.9,42755.9,104018,115.471,5.40076,258.82,11330
45957.2,23536.4,129302,67092.3,44743.2,112007,189.757,15.4155,258.929,11332
60711,32008.8,131720,84430.2,62543.5,110883,193.876,-3.0711,258.939,11333
62053.3,33868.2,125678,57925.7,41356.2,105083,132.968,22.2801,258.958,11334
71309.5,40418.3,127384,60269,46100.5,104498,185.062,13.5588,258.996,11335
35114.7,19621.5,117955,45673.8,33349.6,101133,38.7611,-20.4387,259.012,11336
34491,20455.9,121955,65709.1,48011.6,105119,131.637,50.5868,259.074,11337
81556,42299.3,134623,74573.9,53398.7,111731,230.688,17.835,259.106,11338
54551.7,30919,121866,47408.9,35847.3,97751.4,113.091,0.0562562,259.108,11339
66979.1,37388.5,125168,54934.5,39173.8,106270,127.817,-33.0408,259.114,11340
75334,41423.3,129164,71534.7,51950.7,108157,191.817,8.66388,259.117,11341
50675.2,27661.9,131371,78405.6,57243.7,113888,268.425,22.6178,259.154,11343
69591.4,37282.4,127367,68789.5,50073.5,107903,134.587,-5.0832,259.273,11346
29114.8,15514.3,127678,51515.6,34254.7,129401,203.246,19.4667,259.28,11347
47643.5,24171.3,126413,61931.9,41127.2,107734,57.9089,-15.3026,259.29,11348
47335.6,25128.8,124823,61300.6,44571.2,107418,108.851,-1.74735,259.366,11349
74012.4,40179.8,129131,59245.7,43334,104727,127.296,-0.26475,259.403,11350
80673.3,39742.2,137834,78340.5,50110.1,114828,219.092,-28.8048,259.404,11351
31859.9,14864.1,141875,65466.5,45652.1,120770,210.491,-7.9425,259.539,11354
77028.4,41176.9,129503,67283.3,46107.7,108656,127.412,-9.6369,259.659,11358
60043.1,34932,120090,40040.1,30094.5,97392.2,69.8409,-19.0091,259.716,11359
70729.1,37246.3,128423,56652.2,39708.2,104813,151.792,25.4313,259.72,11360
63967.6,36895.9,123813,45596,33798.4,103130,108.27,37.8678,259.755,11361
68369.6,38847.3,125070,52656.1,40349.8,102891,101.001,27.5133,259.808,11363
49493.2,26612.2,123773,51223.6,37594.6,104574,70.4846,-16.2556,259.851,11364
58845.6,33168.2,124795,55116.9,39575.8,104565,120.749,31.3961,259.969,11366
79117.6,43560.9,129091,66960.4,51178,107610,176.865,-1.11195,260.017,11367
39183.3,21606.8,117582,45803.3,34352.8,100107,63.6003,-26.5809,260.023,11368
48517.4,23574.5,134398,93437.5,54955.9,127083,361.528,47.6039,260.043,11369
64672.9,39003.6,121137,45919.8,35355.4,99197.2,136.38,0.168769,260.124,11370
48706.5,27809.2,121965,63030.3,45405.5,107116,84.3928,33.1969,260.141,11371
62509.5,36121.4,124687,42844.5,31635.8,101535,81.9994,-0.9531,260.159,11372
55306.1,30371,127011,53668,38440.6,106640,162.158,-11.5961,260.165,11373
69247.4,40611.4,122093,52314.1,42354.4,97689.6,64.3117,-25.0454,260.23,11374
49073.6,27456.6,121723,43191.4,32127.2,101138,84.2761,-7.88955,260.237,11376
55464.5,31534.5,121545,46068.4,35729,100387,104.433,-32.4054,260.326,11378
61504.8,33838,123845,41241.2,30756.1,99248.6,71.1281,-9.7428,260.344,11379
64478.7,36558.2,124270,50592.1,36976.7,103009,108.677,15.8656,260.423,11381
65508.1,37258.5,123998,54014,43412.4,99694,81.1235,-0.79425,260.45,11383
67462.7,37029.8,129053,57946.5,40812.2,107274,102.979,-4.39485,260.569,11385
66071,35670.3,127158,55434.3,40257,105108,119.241,7.14483,260.637,11386
63602.3,33259,134140,84899.6,54421.8,118560,67.3825,-12.9198,260.688,11388
54425.8,30938.1,124061,54199.1,37922.7,103773,141.638,11.6458,260.71,11389
68398.2,37329.6,129267,57540.8,40196.5,104799,103.677,1.40642,260.724,11390
57873.4,32748.7,122325,46625.4,34778.8,100710,153.233,-7.2012,260.795,11392
30989.4,22744,103230,38397.6,31378.8,92976.1,92.0915,24.8123,260.801,11393
34547,18052.9,121441,53102.3,36699.2,107165,151.273,-2.38275,260.856,11395
72611,39194.6,127606,59566.8,43224.9,103266,134.529,12.0959,260.942,11399
78426.6,42577.9,131641,63491.9,45720.7,107310,199.649,-1.1649,260.947,11400
39617.2,19988.3,126370,69226.5,46019.6,114412,174.282,-22.7155,260.957,11402
80008.1,45499.2,134575,68757.3,49945,111392,163.135,19.4104,260.958,11403
57744.6,33052.8,122302,51579,38463.2,101443,71.5962,14.5153,260.962,11404
54732.6,32034.5,121148,41033.3,31497.5,97156.5,50.6171,-27.3752,260.962,11405
68223.9,38619,126869,54749,38020.9,106882,108.618,-0.79425,261.031,11406
54571.4,28748.4,131123,76633.9,55238.2,116306,187.697,-14.2965,261.081,11408
55447.9,32349.1,121002,36355.6,28160.7,95686.8,57.7903,2.7566,261.132,11409
62725.6,35810.2,121215,44169.2,32973.6,97182.5,123.125,53.5698,261.134,11410
53898.4,30824.4,121958,46004.5,32470.2,102573,157.783,-34.947,261.145,11412
55904.8,31217.4,124712,52038.9,39942,103313,97.3343,-8.52495,261.148,11414
59059.3,34541.5,120436,45167.4,34178.9,96575,21.394,45.7467,261.159,11416
61411.9,35677,121361,40342,31258.1,97820.5,87.7769,26.6692,261.246,11418
59378.6,32426.2,125566,65688.8,50969,104014,70.6016,-9.6369,261.333,11419
74900.6,40936.2,128802,56802.3,38538.5,108630,163.25,-14.7731,261.363,11420
63633.1,32870.9,131316,75501.1,51350.1,115608,163.02,40.0063,261.468,11421
67645.8,36534.8,127190,65510.7,46745.1,108535,175.66,-11.649,261.49,11422
39577.9,22494,121640,50956.6,36768.2,112051,185.291,8.88893,261.502,11423
41725.6,24715.3,121729,49004.5,34545.1,105513,179.847,3.76925,261.603,11424
57175,33290.6,119887,48336.6,38108.5,99574.1,133.373,8.15753,261.628,11425
61268.8,34786.6,121984,48314.8,35073.6,103405,155.71,-10.1664,261.707,11427
77597.4,41237.1,130885,76004.8,52386.4,110557,154.731,22.0551,261.711,11428
69083.4,38943.3,125004,48767.2,37706.4,100228,59.3318,-4.28895,261.714,11429
64530.5,35264.5,125086,46748.1,34445.5,101752,212.429,21.6049,261.76,11430
68466.2,38672.6,124242,47313.5,33813.9,100801,134.934,-18.4266,261.768,11431
58247.6,29935.6,132428,80894.8,54224.6,116515,183.63,-6.0363,261.819,11432
64026.8,33859.2,127637,56856.7,41544.9,107563,97.7419,10.408,261.842,11433
71741.1,37529.7,129484,57399.1,40076.9,106832,107.572,-0.68835,261.85,11434
76855.7,40338.9,131977,66356.1,44480.1,115469,159.798,-16.8381,261.948,11437
54103.6,29777.4,122223,51362.2,37054.9,102788,72.766,18.7352,261.953,11438
21552.8,12638.2,114022,44440.4,31771.9,111437,118.487,-9.47805,261.959,11439
59455.5,32284.2,128060,57879.7,42211.1,106107,162.388,7.70744,262.072,11444
53473.2,33862.2,114043,32775.3,25934.5,93099,122.836,19.9169,262.079,11445
38444.2,21605.3,117476,46968.9,34534.8,103268,131.29,7.70744,262.146,11447
70166.5,38790.1,131121,71736.6,55188.3,109919,106.991,26.4441,262.253,11448
41122.4,21867.8,122361,63297.1,46334.1,110688,129.959,-1.8003,262.256,11449
50303,27929.4,124931,49977.9,36209,107124,160.777,29.3703,262.257,11451
61492.5,35324.3,123807,43616.1,31273.2,100104,124.342,-0.26475,262.327,11453
49388.3,25464.7,132014,70180.5,48568,113421,176.807,-4.4478,262.357,11454
48638,27225.4,120004,38859.8,31124.3,96869,113.323,21.0985,262.431,11455
59381.9,34718.6,123721,65258.4,46701.2,104287,129.323,-13.3434,262.432,11456
52743.1,28701,124658,43102.3,28993.2,108224,88.2435,4.1068,262.462,11458
42425.6,23651.2,120580,45232.4,32958.8,103319,101.99,50.2491,262.484,11460
60978.9,33429.2,127099,58878.7,43362.6,105386,203.189,2.98163,262.649,11463
58517.7,31468,127649,47441.5,31539.6,107025,110.768,-3.7065,262.724,11465
71999.1,42160.5,127997,58747.6,46215.4,102895,106.178,0.675077,262.732,11466
67312.9,37747,125082,55894,40990.6,103563,156.517,32.8592,262.787,11468
44274.1,22394.1,130906,65644.1,44230.3,113567,85.6767,27.6821,262.789,11469
47951.2,25641.6,124962,47251.7,32182.1,105424,108.037,-45.537,262.857,11470
63849.6,36261.6,126913,67966.1,50012.6,106881,164.171,100.305,262.872,11471
62433.1,34028.6,128484,53177.7,35760.3,107903,90.3427,0.281281,262.901,11472
46309.6,25951.9,125303,56350.3,41668.6,108440,91.3921,-35.4765,262.953,11473
56836.7,30869.7,129176,62066.9,43996.5,107984,165.321,15.2467,262.96,11474
53159.4,31682.3,124809,54404.7,40403.8,103948,157.726,-3.22995,262.977,11475
73257.6,38491,135632,74494.4,49025.1,114709,238.916,6.1884,262.991,11476
63331,35377.6,124063,48387.3,37746.1,99700.6,110.478,25.994,263.027,11477
56919.7,32144.9,137936,62216.7,43637.8,116804,69.6068,10.0142,263.029,11479
61147.1,35611.4,124751,48367.2,33261.1,104554,74.345,3.54421,263.041,11480
58281,30511,131635,81562.1,55107.6,113354,229.95,-17.4205,263.054,11481
48440.5,25376.7,127328,71039.3,54411.3,107583,168.827,-11.9137,263.056,11482
69102.3,37292.5,131041,59007.5,40477.2,107656,145.332,47.0411,263.165,11484
72961.8,40706.7,127014,54145.3,39067.2,105129,121.271,-41.301,263.169,11485
66452,35102.4,135481,87825.6,57283.8,118090,222.505,-7.04235,263.171,11486
44623.5,26219.8,125600,64804.3,48965.5,104988,201.762,-14.2435,263.259,11488
65066.4,36791.9,134617,83660.7,55642.3,115305,151.85,8.55136,263.279,11492
57933.7,33843.6,120650,41134.3,31008.7,100193,87.7769,-18.3736,263.303,11494
64856.4,38054.1,124709,60053.2,43145.6,104767,207.013,15.6968,263.305,11495
40438.8,20139.5,129421,78113.1,52218.6,114544,145.159,6.30092,263.306,11496
64433.9,37506.2,124096,41961.7,31087.6,101517,107.224,11.1394,263.338,11497
66071.2,38093.7,123219,43670.3,32994.8,99940.6,133.431,-38.1769,263.429,11498
34710.7,18831.4,134246,66022.9,44327.7,115580,111.639,-10.3253,263.438,11499
70606.8,37485.4,135320,76035.8,50287.9,115233,265.324,8.32631,263.502,11501
49590.6,28173.2,125323,47156.1,31696.8,107683,132.563,-24.9924,263.545,11504
51988.9,32279.4,118187,45947.7,35451.8,97194.5,62.7703,13.1087,263.594,11505
64732.4,35175.7,127359,54460,39403,104676,129.786,-36.9591,263.707,11507
57210.1,32390.3,124251,64422.6,45807.1,107979,110.129,-15.9909,263.752,11508
54963.8,30379.4,124389,43757.6,31723.8,103540,71.3622,19.4104,263.776,11509
30891.9,17979.7,119638,38726.9,24634.2,104167,142.85,-18.2677,263.845,11510
51931.3,30119.4,119911,53587.1,38906.5,102973,138.807,-32.0877,263.882,11511
71890.5,38789.7,128856,58903.7,42488.8,107410,105.305,-22.9803,263.929,11513
71792,39813.4,126983,57510.8,40143.7,106237,111.291,25.4313,263.946,11514
46385.8,24176.8,124562,55167.7,38244.6,106863,138.114,15.6406,263.96,11515
57528.7,31831.7,127082,50901.3,37181.9,104384,114.6,-10.2193,263.96,11516
74606.9,42556.1,127415,57828.5,43189.5,105099,142.504,-0.7413,263.991,11520
62309.4,30877,135913,102051,64656.8,121695,129.091,-13.1846,264.037,11521
56740.5,31705.2,138844,66591.7,40527.9,121079,182.083,1.2939,264.209,11523
61896.5,33251.6,135388,65470.9,41840.3,120688,153.809,12.8273,264.233,11525
69880,35161.9,137352,95259.8,66379.3,116834,164.803,-0.05295,264.237,11526
29350.1,15062.5,123235,60380.7,38994.3,110727,190.558,4.89443,264.242,11527
55602.1,36064.2,122334,52319.5,36264.1,104120,162.33,15.4155,264.289,11529
67892.9,41237.8,126459,57174.5,44443.8,108317,102.339,-3.01815,264.362,11531
48693.2,27887.4,121847,45154,33124.5,103397,75.2804,4.05054,264.37,11532
57829.8,33241.4,126561,68425.6,44731.6,110988,143.774,-5.77155,264.396,11534
53851.9,28425.4,124971,61190.8,43572.6,107445,117.617,28.2448,264.417,11535
47158,27915.7,122540,55828.6,42285.8,104507,172.618,-9.16035,264.441,11536
52342,28872.3,124982,61059.3,41876.1,107912,275.41,21.7174,264.441,11537
52348.5,30982.5,138600,94782.5,57456.9,128845,290.081,-13.5023,264.531,11539
62813.2,35148.5,121951,57234.3,45307.9,99681.9,121.213,42.9327,264.537,11540
68674.5,36630.3,134016,86119.9,59887.1,113550,117.849,30.1581,264.682,11543
72438.3,39444.1,127495,54147.5,39588,104431,159.626,28.4137,264.729,11544
69137.7,35525.7,130684,75631.5,55003.3,110005,85.9684,-0.47655,264.761,11545
67687.8,35666.8,130560,63093.1,43715.3,110113,107.34,-16.997,264.767,11546
67253.3,38449.9,124162,51906.6,38799.2,100606,160.834,-0.7413,264.768,11547
64460.2,35766.6,131201,66645.1,43203.1,112069,213.113,-4.07715,264.77,11548
42542.6,24200.2,120685,33709.9,24768.4,96424.9,79.8969,14.6278,264.79,11550
50358,28243.4,122031,49465.2,35855.4,103202,102.979,-12.9727,264.844,11552
66479.6,37640.7,124454,51760.7,37802.3,103407,127.238,-6.61875,265.007,11555
80197.1,46189,128645,66271.9,50910,105184,242.883,-3.86535,265.008,11556
79720.2,43970.2,127859,69617.1,51803.1,106664,202.447,41.9197,265.017,11557
57310.2,31620.4,122068,48366.5,34904.4,102813,212.258,1.63145,265.142,11561
74361.7,40652,131377,64844.6,44514.5,108073,144.063,-29.1225,265.171,11564
21717.8,11569.5,120581,58262.6,36685.6,114780,128.165,10.4643,265.187,11565
58969.8,32336,124825,53012.4,38941.8,104217,127.933,2.41905,265.26,11566
61272,36860.8,120527,46629.3,35536.4,99981.4,130.943,18.4539,265.261,11567
55873.1,33212.5,119980,42629.1,32068.3,98005.7,49.2536,-8.7897,265.324,11569
68452.2,35966,132318,63724.2,44106.5,110808,108.909,-0.2118,265.337,11570
37664.7,20509.2,124401,75564.8,48999.6,114806,243.279,66.6935,265.344,11571
60991,30351.8,134584,81230.2,52344.3,118014,172.962,11.4207,265.379,11572
46324.5,25071.3,121818,54320.4,38131.7,108329,27.7952,-49.2964,265.391,11574
59908.5,34130.6,124542,41107.7,30768.6,98063.7,87.8352,31.2273,265.491,11575
62551.4,35883,125099,55694.3,40836.2,104084,99.4883,-7.7307,265.497,11576
67758.1,35588.2,129758,55397,40926.2,104746,112.568,-25.8925,265.567,11577
65251.9,34019.1,133590,68567.3,50097,110316,234.435,37.8678,265.58,11578
74473.8,37629.6,139002,78560.2,50496.2,117909,214.594,-15.4614,265.733,11580
25994,13853.7,121577,68380.3,46947.8,111059,218.181,37.305,265.76,11581
77968.5,41479.8,132025,73019.1,48243.1,116741,193.59,3.1504,265.773,11582
66378.1,36953.6,124698,49988.8,37979.6,101846,168.195,6.30092,265.926,11583
43156.3,22633.9,125809,58247.6,39957.1,106877,129.323,69.0262,265.934,11584
61122.1,36427.2,132020,56428.2,38230.2,110643,147.352,21.5486,265.947,11585
72837.5,38998,128152,58349,41034.5,107702,206.385,24.1933,266.136,11588
29619,15723.5,124348,69343.3,43548.7,115123,164.401,-36.8532,266.138,11589
52078.6,26891.7,127148,54754.5,37724.7,110939,156.689,22.6178,266.145,11590
67329.8,35643.6,127668,54772.4,38187,106644,105.887,24.6435,266.181,11591
78712.3,39694,135715,70979.7,45446.5,115044,139.096,18.3976,266.302,11592
59676.7,34406.4,125144,54315.4,38092.6,106344,89.2932,2.41905,266.304,11593
41436.9,25118.9,145646,77679.6,48988.5,128659,80.481,16.2595,266.316,11594
72094.8,37918,131729,55751.5,37224.2,110194,164.631,5.17572,266.36,11596
68683.4,36920.6,127274,54820.1,37752.8,107449,151.158,37.9803,266.394,11597
63450,36946.8,125181,57722.2,43741.7,105268,85.3266,8.83266,266.421,11598
69001.7,38487.8,128173,48612.5,34934.8,104326,192.504,-3.22995,266.537,11599
61359.7,31862.9,129057,55332.8,35766.4,107898,120.111,-31.5052,266.544,11601
47490.5,28084.1,126911,52204.7,38414.4,105431,82.7584,0.506307,266.553,11602
49209,26997.5,124297,58456.5,42506.1,104689,187.582,-14.8789,266.566,11603
53221,28983.8,122756,48136.9,33988.1,105102,156.862,3.65673,266.596,11604
69962.7,38175.1,129200,49153.5,36248.8,106451,113.265,-1.74735,266.607,11605
71649.3,39195.4,126940,51751.1,36950.2,105231,90.1678,-26.6868,266.628,11606
63236.4,36629.2,124927,44367.7,32337,99638.6,94.9465,22.8428,266.648,11608
63362.2,33576.1,127591,57530.9,39741,108687,161.64,-14.4553,266.696,11609
68893.8,36121.2,131094,72596.6,54806.8,109726,220.343,-35.0529,266.723,11610
77972.1,42989.8,131361,72533.8,50317.2,111416,188.67,-41.4599,266.755,11611
46639.8,27277.2,121317,51133,37902.9,100123,119.415,15.9219,266.959,11614
51049.6,28711.3,127748,51397.6,36479.7,105580,82.8752,21.4361,267.034,11616
57362.9,32275.5,125185,42891.5,32277.6,100840,128.744,1.35016,267.058,11617
74880.8,39710.1,128385,65954.5,48568.5,109669,162.158,-1.64145,267.06,11618
57646.2,33098.2,121981,38686.8,29421.6,96863.5,35.2045,-9.8487,267.161,11619
78842.6,42594,132603,73903,51601.3,111778,138.403,-37.4886,267.174,11620
72127.3,39544.2,128532,64217.8,46676.4,108015,133.084,-11.5961,267.256,11624
65005.8,38521.7,121879,47365.3,36022.5,99996.3,87.9519,28.0198,267.267,11625
54343.1,31556.3,122421,37301,27513.8,98010.1,54.3519,-0.90015,267.38,11626
82597.4,43247.7,131751,67664.2,46156.7,110682,184.948,-5.7186,267.416,11627
63329,36275.9,123884,48854.7,35945,101027,190.444,7.87622,267.422,11628
75062.7,39041.4,132117,67329.4,46034.8,110417,145.505,32.9718,267.466,11629
68753.7,38422.7,124173,49180.6,37154.4,101120,118.661,15.1905,267.48,11631
61736.5,35772.3,121966,45899,33663.7,99421.6,104.724,-36.1119,267.491,11632
68300.2,38397.2,125083,53541.3,39126.7,104814,115.645,-2.0121,267.582,11634
57110.2,28687.4,130955,70004.4,47324.1,111368,183.745,-11.0136,267.597,11636
56233.5,27384.6,140923,93442.7,61916.9,123959,296.588,-7.413,267.615,11637
53321.8,29149,124636,55310.5,41052.2,102951,127.412,8.10126,267.761,11639
64172.4,36627.7,129137,61648.9,44688.3,110447,96.4026,2.25028,267.778,11640
57674.9,31345.1,123791,46213,34785.8,99539,102.514,15.6968,267.801,11641
63294.6,33386.7,127675,65245.2,45622.3,110708,211.688,-39.13,267.804,11642
69454.5,36497.8,128848,62597.7,41599.6,107543,129.033,17.1035,267.816,11643
55648.5,32513.8,122110,41765.3,31412.1,99876.2,55.5968,0.281281,267.83,11644
69422,41138.7,122116,49105,36598.5,100017,172.847,17.7224,267.878,11646
50175.9,27199.9,127353,56748.4,36956,111355,129.612,10.8018,267.883,11647
26602.9,17620.1,104153,62467.8,49349.7,99752.4,167.218,25.2062,268.018,11652
75973.5,42508.4,127872,63268.2,48958,107618,160.777,2.36279,268.061,11653
77931.7,39965.3,134575,75931.9,50825.9,110740,166.528,1.63145,268.079,11654
63004.5,32793.1,133897,67124.4,42355.5,114074,171.929,-16.6792,268.117,11656
62510.9,35408.2,125190,59983.9,43719.4,105286,165.033,34.3224,268.154,11657
55370.3,29587,131793,70297,49164.8,110055,200.905,33.0844,268.179,11658
70213.1,38924.4,127228,63840.2,46429.8,107121,151.446,30.6646,268.179,11659
54890.8,29571.7,124097,45278.4,32042.3,101113,78.0859,-6.30105,268.299,11661
70844.7,38513.7,125482,59835.8,44914.2,104600,126.775,-6.9894,268.307,11662
41567.1,22692,120948,45485.4,32916.7,104028,145.505,-6.83055,268.361,11663
20754.9,10022,234370,46369.9,14447.2,233377,413.211,-17.5794,268.403,11666
57255.8,32530,128211,57610.8,40772.9,106978,146.602,16.6534,268.478,11667
69687.7,37029.4,138372,75238.9,52631.9,117589,181.166,-17.9501,268.568,11668
55097,29789.4,126054,49934.4,34897.1,105141,131.174,6.30092,268.653,11669
66479.7,35085.5,127555,60071.4,42096,106620,95.4125,-3.3888,268.654,11670
26079.6,12674.3,123759,60416.1,37152.6,116347,109.258,17.6662,268.655,11671
52665.8,27423.9,128749,71659.2,45657.9,115052,196.506,-2.5416,268.658,11672
74639.5,42755,126830,61082.5,48444.4,103906,79.0791,-10.0605,268.67,11673
66760,37012.6,124986,43585.6,32654.4,100798,75.7481,7.53865,268.672,11674
72184.3,39294.6,134781,69813.5,45737.3,113661,206.556,5.40076,268.709,11675
40133.3,25079.5,138983,79374.8,52095.1,120622,206.955,60.38,268.842,11676
52569.8,30320.5,119952,46930.3,36007,99571.9,97.8583,-24.1982,268.845,11677
63007.2,33406.4,128505,88907.6,65637.5,111010,184.719,-53.2677,268.85,11678
65100.9,34762.7,131839,71283.1,44409.2,114075,131.174,-2.6475,268.912,11679
58166.1,32440.8,125117,55872.9,39844.2,106832,180.363,-12.4432,268.924,11681
70807.3,38086.3,128707,55317.9,38611,106300,121.445,-2.17095,268.942,11682
52427,25205.5,139212,89559.7,48332.3,125426,283.51,18.2288,268.953,11684
64906.4,35510,127028,44436.9,31900.1,102671,115.413,34.4912,268.956,11685
47339.1,24910.4,124190,52220,37426.1,103797,123.647,-24.1452,268.989,11686
65694.8,36361.3,124998,43338,31974.2,99470.8,101.932,-2.06505,269.032,11688
53535.9,29433.6,128559,58982.6,40083.5,110219,114.136,-14.0318,269.034,11689
58955,34396.8,124480,51728.3,39210.4,100730,165.321,-23.9334,269.083,11691
37486.2,20272.1,124154,57274.3,39030.7,108221,117.733,-6.08925,269.117,11693
74503.9,40514,127890,58670.2,40875.8,105083,163.711,-3.33585,269.165,11695
62982,31664.1,139122,90907.3,56402.4,120003,149.544,-1.1649,269.176,11696
40270.7,20963.4,126856,70741.5,47865.6,111947,87.8352,9.2265,269.184,11697
67630.2,38350.4,124741,56828.1,44664.4,103130,129.033,0.0562562,269.211,11698
59477.8,31890.7,127098,58600.4,40708.5,104913,139.905,38.8245,269.233,11699
59193.8,33277.5,122015,45972.6,33105.3,103446,119.647,-7.57185,269.378,11700
67120.3,39164.8,127685,52274.4,36273.2,104746,176.635,-1.53555,269.389,11702
59849.7,30143.7,134872,87303.2,57978,118463,229.155,13.6713,269.505,11703
75988.8,39591.9,133382,68566.3,41793.5,114676,99.7211,-48.5022,269.518,11704
70717.3,38257.2,127689,54278.5,40388.9,103028,237.214,-17.1028,269.568,11705
56859,33609.3,120324,36685.1,28785.8,96650.8,148.39,-0.90015,269.576,11706
33283.8,16403.1,132018,84303.9,46307.1,122180,199.82,-4.18305,269.588,11707
54658.5,28978.4,127293,63867.7,47372,105131,150.581,-17.1028,269.589,11709
49826.4,24963.8,134599,88066.4,53663.9,123554,246.281,4.21932,269.594,11710
69241.4,38811.3,128484,64167,45037.3,107326,199.706,17.9475,269.634,11712
54377.2,29337.7,128764,65899.3,44983.2,111602,189.815,7.48239,269.699,11713
49128.6,28261.5,124512,48454.1,32303.1,107510,66.0311,10.6331,269.789,11714
30171.8,16289.4,116817,37901.3,28463.3,100562,157.323,-11.702,269.8,11715
62461.2,35496.5,121316,51130.9,39515.2,97778.5,115.877,12.1522,269.856,11716
72008.4,37616.8,135478,72710,49182.2,114588,164.401,-17.7383,269.918,11717
34198.3,19564.3,121787,55666.7,39352,105548,115.297,0.61882,269.959,11718
22759.1,12089,134668,54094.8,35104,120302,181.452,-4.1301,270.035,11722
66153.7,35907.7,128208,72113.1,49103.1,110635,214.252,27.457,270.041,11723
63202.6,37079.8,122628,42633.8,34684.2,96134,80.2474,-33.6232,270.072,11724
40303.4,22999.4,122323,65238.1,44961.2,113184,193.133,-3.12405,270.076,11725
25474.6,13255.5,121864,63947.1,39620,114602,173.881,9.50781,270.082,11726
62998.9,37988.4,117746,43617.9,34388.8,97664.7,112.278,-20.0151,270.088,11727
67810.2,39242,128088,73214.2,53424.7,109819,206.271,-15.4614,270.089,11728
60046.1,31957.7,129895,55073.7,37844.1,110120,167.103,-26.1043,270.131,11729
29947.9,15644.8,119344,48494.1,35204.1,105049,89.7014,-11.9137,270.208,11730
49130.5,28343.4,125286,52518.6,37689.8,107077,126.022,5.45702,270.229,11731
42470.4,23303.4,124933,47576.2,32593.6,107528,95.995,-15.9909,270.255,11733
64989.2,36942.3,123937,52817.6,36504.4,103819,106.468,-10.8547,270.275,11734
57457.7,32997,121312,39487.7,30440.8,97583.4,90.8091,-1.74735,270.289,11735
75342.8,40006.8,127962,66879.3,48817.7,106747,208.552,-4.39485,270.317,11736
77070.8,44266.9,131289,72771.6,54120.1,110126,180.764,19.1291,270.335,11738
40628.9,21127.4,127153,78142.7,55814.5,110489,144.928,-0.3177,270.344,11739
79493.1,42607,139413,76536,50459.7,117668,228.587,2.30654,270.347,11740
49241.7,27134.9,121327,44859.3,32289.3,103335,132.621,3.31918,270.427,11742
75600.2,38166.8,141444,85028,55094.8,118039,75.1051,-117.92,270.461,11743
63612,36890.6,121321,46779.6,36661.1,98264,32.8335,-3.86535,270.486,11744
59091.1,32866.4,124653,58548.8,42545.9,105124,133.315,-0.37065,270.527,11745
68270.8,36597.5,131155,67264.7,46589.6,121517,209.351,-13.8729,270.567,11746
71829.8,35952.4,138516,77810.6,49943.5,117212,183.802,0.225025,270.588,11748
64406.3,38924.7,121422,41129.6,32233.5,97882.9,94.364,-2.3298,270.601,11749
60341.5,33278.4,128315,59446.4,43470.5,107387,137.131,16.147,270.605,11750
57232.6,32315.9,122136,55644.8,39203.9,105166,64.5489,-2.9652,270.61,11751
65463.2,34283.6,132382,73140.8,48019.7,114577,157.438,-2.4357,270.661,11754
74248.1,38959.3,135329,62407.2,39157.7,114702,120.865,-64.4931,270.696,11755
20613.8,11190.8,127359,67957.7,44174.6,120076,286.487,-9.1074,270.712,11756
79678.8,42121.8,138176,79996.6,49538.6,118342,167.907,-17.3676,270.789,11758
81447.2,42352,132342,66493.3,45828.1,110769,126.485,21.0422,270.818,11759
37920.8,20040.6,123937,75531,52365.1,111419,221.595,-26.5809,270.824,11760
69056.2,34163.5,138909,95189.3,59368.6,122321,233.186,-5.4009,270.944,11761
65573.7,35512.8,128550,54368.1,38439.8,107126,117.153,-4.07715,270.959,11762
43330.9,25753.6,120741,49906.9,38027,102172,152.196,52.7818,270.99,11764
57796.8,32543.4,124758,44080.3,31137.9,104592,140.02,-13.0257,270.994,11765
36270.6,20810.9,119617,48774.3,37385.9,104247,148.275,0.225025,271.031,11766
77947.1,41484,130442,63632.1,44446.8,108513,158.474,10.2955,271.068,11767
57648.1,30111.9,127792,49077.4,34468.4,105430,78.9038,3.4317,271.073,11768
59349.9,34004.5,123159,51289.8,35958.4,103991,154.155,4.33183,271.076,11769
76062.6,42833.2,130650,61168.3,44512.4,105587,140.482,55.4834,271.104,11770
66800.3,37235.5,128110,61835.1,42367.7,110696,126.138,30.4395,271.147,11772
49199.6,24791.1,134065,77942.9,49842.7,118042,252.165,-26.2632,271.183,11775
66100,38002.9,121967,44024.6,32588.3,99557.9,106.701,8.21379,271.205,11776
66189.8,36629.1,124224,43609.3,31667.7,100834,121.329,33.8722,271.229,11777
55241.2,28840.3,135732,88433.3,57242.7,119299,294.682,10.9706,271.394,11779
30716.8,17054,116876,46468.4,34883.6,101711,78.6117,-5.8245,271.398,11780
31606.1,17598,115282,46292.6,33911,102384,106.933,-13.9258,271.398,11781
60203.5,35401.4,124939,45684.8,34071.8,103486,92.3246,-0.2118,271.43,11783
75261.5,38590.7,133593,76079.1,50923.5,111782,206.328,11.477,271.538,11785
66108.7,37578.7,124287,49488.4,35391,100872,153.579,22.9554,271.54,11786
61741.8,35181.3,121969,42658.9,32739.7,97861.3,115.122,-8.3661,271.541,11787
63867.4,34492.1,126165,53616.6,38857.9,103667,68.9045,12.9961,271.542,11788
50467.3,27473.1,127086,68287.4,46911.3,111952,129.843,16.0344,271.547,11789
79458.8,41450.2,131955,63320.8,46874.8,106279,149.659,-7.413,271.554,11790
32481.6,19248.5,121331,54975.1,38217,106800,142.273,-16.944,271.579,11791
66827.8,37354.4,127697,46752.4,32178,104662,73.6433,19.6918,271.588,11793
55526.3,32033.1,121042,39842.9,30784,98002.8,132.968,-1.42965,271.648,11794
74806,39352.7,131705,65938,46269.7,114857,263.688,10.183,271.686,11795
75805,43229.5,128574,73324.9,53943.1,108173,137.998,10.5205,271.721,11797
42100.3,23812.9,120391,43985.9,29597.4,104423,140.425,-22.0272,271.737,11798
56104.5,33485.4,118216,41636.8,32827.1,96735.7,97.8001,-17.3676,271.737,11799
66219.7,36742.3,128054,56612.7,39312.5,107426,172.905,-33.7821,271.787,11800
57965.7,33477.2,124361,48817.8,34815.8,103736,97.0432,13.2774,271.806,11801
59346.7,31723.5,127622,58671.1,41599.7,107415,209.978,-23.0332,271.81,11802
82712.8,42940.5,133602,71956.4,48130.1,112197,136.264,15.4718,271.881,11803
67453.6,38427,127795,59495.8,42421.7,104562,98.2659,-1.9062,271.881,11804
68906,37462.5,126786,46577.7,31625.4,104897,139.731,11.252,271.919,11805
68259.1,39130.6,125186,48912.2,36313.8,103898,105.305,-2.70045,271.946,11806
57850.8,35274.3,117542,39382.5,30587.2,93427.2,146.371,2.13776,271.965,11807
47498,27997.7,122291,55519.2,40979.3,104348,150.12,9.56407,272.023,11808
65702.5,37814.2,123942,49324,38317.1,100054,76.0988,-26.9515,272.06,11809
55493.5,32727.9,121822,47489.7,36897.8,97890.9,120.343,4.83817,272.083,11810
72834.6,40328.1,131604,72868.5,51317.8,111904,78.2027,-20.121,272.138,11812
48170.4,24778.6,128097,55403.4,36019.8,111259,106.759,59.7046,272.207,11815
41118.4,21949.2,120630,46190.5,35079.1,101039,159.568,-6.83055,272.216,11816
65609.3,37423.2,124691,53305,40370,101135,156.113,-14.6672,272.243,11817
41311.7,24626.1,121562,54065.7,41317.6,102938,120.691,-9.7428,272.255,11818
71742.9,37048.3,131543,73016.4,53909.3,110134,183.286,-7.67775,272.327,11821
61801,34604,124136,46949.8,34209.5,100326,77.7353,-27.1104,272.386,11822
64503.8,33532.2,131260,50049.6,32499.8,106621,85.0348,-1.11195,272.455,11823
67376.8,37532.2,127753,56395.2,40446.6,104398,149.428,-54.5385,272.476,11825
59046.4,31549.7,134622,86538.5,55870.5,118619,181.452,-70.4764,272.496,11826
65229.2,37250.1,124199,51023.5,40032.5,101353,136.322,24.137,272.572,11828
72416.4,39412.5,126970,63913.4,49189.5,103603,160.662,-5.24205,272.735,11830
74046.7,40706.4,128318,63451.9,44861,105119,75.9819,-3.97125,272.764,11831
44797.1,24208.2,121883,58440,43159.3,105396,161.294,-19.2738,272.773,11832
65059,33973.6,128177,63953.5,44196.6,107952,131.927,20.986,272.818,11833
75304.9,38139.1,134131,60949.6,38649.7,112535,223.529,8.32631,272.852,11834
41485,24757.8,117551,36678.3,25909.6,102970,182.828,-7.99545,272.885,11836
23232.8,11630.5,127109,29165.6,18921.9,105075,102.281,-0.37065,272.94,11838
64301.6,35761.4,124980,44495.2,32164.7,100938,81.7074,-19.5385,273.011,11839
25762.2,17185.7,119775,46814.2,34635.9,105499,148.679,27.8509,273.023,11840
55450.2,29790.9,127128,54488.4,40764.5,107750,134.992,5.6258,273.034,11841
72604.8,38640.3,141276,88232,51434.7,124277,213.625,51.0934,273.064,11843
53011.5,30723.5,138550,63108.4,43072.8,114611,139.327,-4.9773,273.125,11844
74496.8,39713.2,133539,65397.9,46800.6,108366,134.414,-13.8729,273.159,11847
59756.4,33370.9,127302,61486.7,41620.2,107389,155.71,12.0959,273.218,11850
57965.1,30063.3,132106,76931.8,52786.3,113404,121.155,67.0824,273.299,11851
59956.4,32094,127912,56177.3,37667.1,108080,56.0711,-47.7609,273.316,11852
61041.5,33175.8,124694,47973,32838.5,103808,107.224,-32.2466,273.436,11854
81157.1,41531.3,134519,64176.9,44441.9,110548,175.086,22.7866,273.451,11855
76008.5,41271.6,128040,59079.9,42653.7,104506,169.574,0.78759,273.502,11856
79154.6,41313.6,133830,64429.2,45343.3,107696,160.316,25.375,273.526,11857
71868,35867.2,138130,77311.1,50249.8,115198,208.895,42.6513,273.583,11860
74396.2,40768.9,128457,59222.1,42768.3,105216,162.503,-33.6762,273.592,11861
84414.1,45577,130886,74190,52286.8,110385,151.965,24.8123,273.599,11862
62990,35199.6,128183,53861.5,39442.9,103708,64.1339,14.6278,273.642,11865
42098.6,23819,121959,47745.5,34932.8,104573,96.2279,27.6821,273.759,11868
75117.3,39636.9,133813,72838.7,50548,111744,174.053,3.99428,273.796,11870
47625.2,26842.2,124885,59998.4,43018.3,106249,134.819,12.2084,273.805,11871
42111,23460.7,119958,44346.9,32415.3,101207,159.223,14.0651,273.836,11872
49585.9,28623.8,128137,70469.5,50048,109591,184.375,11.7583,273.844,11873
45278.8,25663.8,119332,46227.6,35571.7,99641.8,36.7457,-3.3888,273.901,11874
22117.8,11545.9,118264,57410.8,38338.4,108526,134.934,35.9544,273.909,11875
52231,28073.4,130887,65460.6,44930.4,111214,118.603,-8.63085,273.994,11877
62414.2,32143.9,134056,74127.8,51564,113675,206.214,-4.3419,274.002,11879
73860.3,37669.8,133804,82204.2,57097.9,112155,143.832,-29.0166,274.126,11880
65081.2,35324.5,128796,60192.2,41217.3,109454,120.691,-42.7307,274.15,11881
61065.3,35942.2,125159,47962.4,35683.8,102993,67.5582,4.33183,274.183,11882
53816.3,30136,128530,77355.2,56961.9,114646,250.525,16.991,274.22,11883
73012.9,38052.6,128617,58592.9,41703,106827,137.478,6.13214,274.266,11884
64946.2,37396.1,124492,49715.2,37426.3,100203,117.965,-2.70045,274.28,11885
69861.8,36014.8,131999,74171.2,53564.1,111696,108.037,-13.9258,274.293,11886
52525.3,27905.7,126873,62367.4,45343.4,108069,135.975,6.91979,274.299,11887
76208.3,38950.4,135252,80518.7,55936.1,114618,181.796,-22.5037,274.317,11888
32920.8,18419.1,119969,52696.5,39369.3,104177,130.538,41.2444,274.342,11889
62310.9,31569.3,132169,73261.2,49566.4,112550,165.551,-26.2632,274.349,11890
59051.4,32646.4,131689,58613.9,38822.6,110651,51.9213,0,274.353,11891
49533.2,25400,128481,60006.2,38348.9,112809,93.257,3.26292,274.376,11892
68124.6,36630.6,127926,67643.6,48864.6,108572,164.746,-5.295,274.496,11894
63499.2,35870.3,121690,44758,34833.9,97477.5,115.238,-39.183,274.624,11895
61612,34201.3,128169,55895.4,37637.7,109961,135.108,-30.1815,274.658,11897
57380.2,29153,134338,78941.7,56087.1,117037,168.827,2.81286,274.698,11898
58812,34187.4,120706,40000.3,31046.4,96332.1,112.22,-8.52495,274.705,11899
62306.2,36731.3,119165,50937.3,38562.4,101159,140.251,-31.8759,274.744,11900
56838.5,32340.5,128103,88122.1,52358.6,120880,289.295,1.57519,274.795,11902
50458.6,27946.7,125414,52307.5,38874.6,103735,112.162,34.7163,274.808,11903
74274.9,40049.1,133894,64604.3,47326.5,107960,159.395,16.991,274.842,11905
70568.9,39327,127584,48677.6,34935.6,104259,144.755,1.40642,274.852,11906
59870,34955.2,122684,40416.8,29228.7,100477,119.647,-10.0605,274.887,11907
60320.6,34979.3,124733,48017.4,36026.8,103533,77.9106,-1.00605,274.911,11908
31919,18983.5,121420,46261.9,31526,107967,111.581,-17.4205,274.921,11909
72710,40879.7,126507,53478.5,39799.8,104315,118.139,32.4091,274.929,11910
65465.5,36500.1,126204,45630.5,32004.3,104201,117.327,-8.52495,274.961,11911
69464,39041.6,126777,51253.2,38041.3,103280,134.125,29.9893,274.964,11912
59900.8,30378.5,130386,81648.2,55343.9,114904,167.448,-17.3676,275.055,11913
49054.1,29005.3,120237,43926.1,33445.8,97259.8,87.4853,-44.1073,275.056,11914
60752.7,34632.7,124038,58286,41981.1,104316,83.9843,-0.05295,275.144,11917
69547.6,35096.3,134682,73538,50301.9,114048,175.775,-14.4024,275.225,11919
29365.7,16204.1,121568,64953.6,47152.6,106336,167.448,6.97605,275.292,11921
39400.2,21689,122333,47468.9,34675.4,104438,59.0353,-11.5961,275.339,11923
61783.5,38711.6,117801,38182.7,32114.7,91499.6,112.8,-15.5143,275.357,11924
69314.7,37486.7,131446,79264.4,51641.3,111728,148.275,0.337538,275.422,11926
53207,29527.6,129521,74854.9,54283,111587,122.256,38.2617,275.426,11927
61671.3,33447.4,129104,96465.3,64494.3,119869,219.376,-5.98335,275.533,11928
70009.5,37401.4,128801,63657.2,41634.3,109900,164.861,5.85084,275.707,11930
71856.6,40384.7,127700,64530.7,47885,106841,263.18,-7.99545,275.734,11931
48383.1,26090.7,151579,51941.2,33580.2,131730,237.838,3.20666,275.935,11934
34418.8,22376.6,124142,55580.5,39019.5,109602,201.077,-4.0242,276.002,11935
70229.5,36672.8,131675,63463,45767,106736,154.27,-7.25415,276.043,11937
64485.1,34773.3,127597,55365.8,40854.6,107611,147.871,-3.33585,276.169,11938
43395.7,23833.9,126974,52136.3,35155.2,110798,139.905,-8.94855,276.241,11939
67527.9,38078.3,124792,56750,40019.9,104424,168.942,-6.83055,276.304,11940
25972.7,13983.1,120864,63419.8,42573.9,111549,150.524,22.6178,276.32,11941
58717.3,34817.3,122597,43672.3,33631.3,99817.6,67.7923,1.46267,276.333,11943
61598.8,32295.3,128129,51710.4,36156.5,104766,83.2838,24.0245,276.375,11945
68036.4,33914.8,135791,88850,64485.5,114022,214.309,42.0323,276.38,11946
66486.7,36871.6,134958,83222.8,54370.6,117567,250.412,-3.44175,276.388,11948
54691.1,32019.2,124376,54074.5,39777.6,104266,147.41,33.4783,276.395,11949
63802.5,34672.6,127396,49061.9,37257,101376,127.817,2.7566,276.453,11950
62589.2,35753.4,127953,63357.8,41136.1,110626,107.631,-28.2223,276.457,11951
31486.1,17832.1,120929,58336.9,41413.1,107857,189.586,13.8401,276.489,11952
50473.6,26976.2,125200,63210.7,42571,110785,76.6249,-7.36005,276.524,11953
73739.9,41819.6,134000,83124.8,63173.7,111757,179.962,20.5358,276.546,11954
47821.4,28265.3,116627,41731.2,31953.2,95448.9,98.557,10.6893,276.602,11955
58184.2,30823,127960,84784.5,62992.7,109408,212.771,-19.8563,276.606,11956
57597.2,34570,123482,51226.9,41976.9,100522,110.71,-8.5779,276.662,11958
34224.9,18388.3,117712,56363.6,41058.3,105002,159.05,7.98874,276.668,11959
62020.8,34433.3,125291,55383.4,39729.8,104311,124.11,-22.8744,276.753,11962
71855.6,39923.5,130789,75210.2,55412.5,110503,206.727,5.68206,276.754,11963
53175.9,29105.8,126776,56738.8,38497.8,107085,220.855,3.99428,276.812,11964
76591,39314.6,134361,64365.6,44144.7,111694,148.332,6.91979,276.906,11968
31810.1,17582.2,128282,32937,23291.1,100325,78.3196,-9.47805,276.918,11969
67985.5,39218.3,124221,45114,35273,97491.5,131.695,-15.0907,276.93,11970
59650.2,35794,127396,51194.5,39787.3,100759,141.349,-6.4599,276.956,11971
67841.8,36810.7,127905,54133.7,38810,104081,112.8,13.6713,276.97,11972
75042.8,40492,129071,68920.6,48085.6,107555,171.929,1.57519,277.004,11973
75924.7,39783.1,132480,74563.9,49733.2,112272,240.729,1.74396,277.007,11974
57863.9,32204.7,125558,57005.9,43350.8,102888,77.969,-14.2435,277.009,11975
72556.8,36089.2,135167,59231.9,42132.9,111761,178.012,-13.0257,277.053,11976
64808.4,34658.2,127660,49105.6,35769.8,104022,143.601,34.041,277.059,11977
62012.2,35279.7,123495,44096.2,31960.1,100903,118.429,38.5994,277.079,11980
57304.2,30778.9,128891,51555.1,36954.7,104381,146.429,1.85647,277.107,11981
44387.4,23911.3,140514,90999.3,52212.1,138958,304.374,9.28276,277.141,11982
50656.2,28459.7,120022,38614.1,29554.4,96989.7,66.5043,-4.6596,277.268,11983
48349.8,28093.5,125427,51986.3,38409.2,103638,156.171,26.5004,277.274,11984
56501.7,32035.7,122174,42846,33149.4,99676.8,129.843,0.225025,277.307,11986
55620.5,30190.9,128511,74733.2,49794,113096,161.41,3.4317,277.354,11987
70724.8,37512,129338,56451.5,39894.5,107571,58.1461,-3.177,277.381,11988
47327.7,25632.1,121606,54349.5,39322.3,105043,111.697,0.61882,277.482,11990
35784.5,20393.1,117402,40283.1,30190.7,96817.3,102.398,0.900104,277.521,11991
67277.8,38633.9,124783,55539.1,42208.2,102917,124.226,-4.3419,277.521,11992
56567.2,30263.1,126822,63810.9,44731.3,107264,233.357,-35.0529,277.64,11995
70959.7,37416,130788,72415.3,50728.8,107495,114.832,-4.8714,277.657,11997
50972.9,27585.1,123543,59379.7,39331.9,111021,167.275,10.6331,277.706,11998
66589.8,38039.7,126570,50303.5,38613.7,100775,98.7898,-48.5551,277.715,11999
79592,42514.3,131008,73454.1,51664.7,111584,206.442,-1.6944,277.835,12002
57058.6,34095.7,121738,45091.8,35228.6,97990.6,69.0216,41.1318,277.837,12003
79289,43370.8,131683,61803.7,42470.9,108328,200.677,0.61882,277.921,12004
66859.9,36661.6,126796,60967.2,46962.1,103248,122.662,-12.4432,278.046,12010
49447.2,30777.3,119618,49158,41132,97809.6,129.033,-1.11195,278.073,12012
37859,22454.3,135489,39461.5,29637.7,115894,170.263,-3.97125,278.076,12013
81354,44949.1,136380,74795.5,50920.4,115299,216.929,-19.1679,278.138,12015
52008.8,28264.5,128324,62844.7,42140.5,110602,83.7508,-7.413,278.144,12016
34240.9,19484.7,116851,47769.4,35252.3,101151,123.125,-12.6551,278.192,12017
58805.2,33146.8,122637,44808.8,32694.6,101180,49.9057,14.2339,278.249,12018
52384.7,28518,121638,51792.3,34913.5,106633,106.352,5.45702,278.314,12019
57851.9,28049.3,136116,85119.9,50975.3,121524,265.098,-13.82,278.327,12021
82035,46957.6,132883,70448.3,51302.5,109956,151.562,37.5864,278.398,12022
67612.4,36375.5,128372,55082.7,38548.4,106965,174.627,17.1598,278.425,12023
54059.9,26310.1,131979,77840.8,51343.7,114429,253.183,41.0193,278.453,12024
80377.8,41462.2,133395,66216.2,43508.1,110476,136.9,3.09415,278.595,12025
20396.6,13478.3,100980,59924.6,49752.2,97326.2,248.658,-3.54765,278.604,12026
40680.2,29138.9,108174,61827.2,49992.7,110873,126.428,1.46267,278.635,12027
49554.2,26665.2,130402,66148.7,42069,115032,233.3,0.225025,278.657,12028
52417.7,30036.3,123862,45761.4,33398.5,103394,37.6348,20.0857,278.811,12030
70369.1,36198.4,131344,65780,43289,111535,101.7,-11.4372,279.017,12034
53549.9,30562.8,120638,52411.7,36075.1,104877,148.621,-27.3752,279.02,12035
68383.7,36403.6,128899,64389,43373.6,109560,128.338,-12.6551,279.1,12038
52400.3,28063,124650,55126.6,38514.2,106683,66.2701,9.00145,279.176,12039
57335.2,31106.8,123847,66622.4,49051.6,103896,176.348,-12.4432,279.185,12040
70490.8,38988.5,124582,49400.5,35531.9,102702,153.348,15.1342,279.193,12041
32174.3,18312.5,127928,54815.3,36827.1,112446,91.1589,8.4951,279.214,12042
68151.1,35850.6,132645,79322.4,52798.3,111607,155.825,-3.7065,279.295,12043
65988.2,34756.3,127232,59825.7,42126.4,107933,135.166,2.41905,279.3,12044
58217.5,34691.7,120917,43317.7,32257.6,100024,114.31,19.0728,279.301,12045
81549.9,42687.2,134123,66102.8,48708.5,110118,97.1014,-10.8018,279.313,12046
42984.2,20574.6,159073,42938.6,29275.8,140349,126.775,-7.46595,279.334,12047
52707,29738.3,119643,42973.4,32977.6,96987.8,167.907,7.03231,279.384,12050
51844.2,29988.2,120972,51804.9,39243.4,100453,74.1111,16.0344,279.441,12051
34849.1,17750.8,127760,64434.6,42639.4,111902,132.679,-40.0302,279.522,12052
82040.7,42166.2,134511,69647.2,45656.2,114114,137.593,-41.6187,279.544,12054
48128.1,26547.9,119410,36152,26647.2,97504.3,87.4269,22.4489,279.545,12055
55225.4,30991.4,124708,46768.5,35852.4,101383,101.874,21.2673,279.547,12056
43269.5,25100.2,118237,61714.4,48341.4,100545,88.5934,-14.5612,279.588,12058
27714.2,12798,131205,64508.6,42944.9,121414,241.239,-18.5325,279.599,12059
53559.4,28058.3,127243,55523.1,38226.5,107941,91.3921,-15.7261,279.627,12061
55263.5,31940.1,124744,55676.7,42422.3,100338,128.107,-21.7095,279.644,12062
53727.5,29687.7,129518,61632.4,43681.5,111260,107.747,4.95069,279.665,12063
76816.3,40433.3,132051,73847.9,49195.3,114427,171.067,-30.2874,279.702,12064
67529.8,37094.1,126230,61651.2,44204.9,105924,111.058,-34.2587,279.707,12065
71139.1,37462.9,131662,65830.5,43961.7,110675,163.308,43.7206,279.713,12066
71620.3,41970.2,124466,50790.2,37785.7,100832,212.486,-11.4372,279.714,12067
37027.9,19990.9,120405,54748.5,38072.3,109451,143.832,-0.7413,279.725,12068
46425.6,25298.8,123608,43746.1,31776.7,100402,109.78,9.17024,279.811,12069
24120.3,14517.5,111582,69260.6,48152.3,109191,424.64,12.1522,279.828,12071
63014.2,36183.9,123505,52388.9,38042.2,102922,127.702,-15.938,279.989,12076
66525.5,36401.9,128063,48901.5,34967.3,104264,116.863,-10.9607,280.033,12078
76132.7,40021.9,133737,71045.1,47701.3,112279,134.761,-53.5854,280.036,12079
70490.7,38091.2,128074,56632.1,39574.5,106784,130.075,-8.10135,280.085,12080
40193.9,22088.8,120802,58600.1,43458,104075,160.201,-10.6959,280.1,12081
28486.2,14873.5,120669,47836.7,34289.1,104652,72.1811,5.40076,280.115,12082
61291.2,32102.3,130304,58105.2,43211.6,106812,69.0216,4.44435,280.143,12083
69525.3,37938.5,129119,65290.1,45694.9,111921,166.068,5.79458,280.144,12084
58226.3,30888.8,128057,58270.1,39968.2,108269,169.459,16.9347,280.185,12085
60198.4,29512.1,138357,87334.2,54690.2,119766,159.108,-3.6006,280.196,12086
60997.4,31866.1,131989,83356.4,57875.1,115239,235.967,11.252,280.201,12087
57296.8,32659,141624,73593.5,51804.9,119807,169.286,-29.2284,280.257,12088
66991.8,37733.1,128155,59569.1,40807.9,107120,114.02,-3.6006,280.309,12090
60833.7,33147.9,128232,54761.8,37024.7,110268,132.1,52.3316,280.31,12091
69130.7,36949.4,129665,62187.1,42855.4,108321,115.935,-5.9304,280.342,12092
42203.5,21966.2,128575,65428.5,42553.9,113842,93.7231,31.3961,280.342,12093
55827.5,30811.2,127123,51493.7,36539.2,105026,71.6547,-22.3449,280.346,12094
55134.6,28906,126289,56848.8,39112.4,108703,212.372,-32.1936,280.412,12096
41274.9,23253.2,119863,57503.9,44797,102783,189.242,-14.7201,280.474,12097
68707.4,35625.8,134195,85741.5,57791.9,114477,220.628,-19.2738,280.486,12098
51426.1,27767.5,121834,55237.2,39438,105779,101.758,-1.74735,280.571,12099
59287.3,35154.2,120935,38809.6,29128,100221,107.166,-21.1271,280.637,12100
69996.6,36706.1,130689,64172.4,47908.6,107442,152.945,-19.1679,280.644,12101
64482.2,33686,128926,54823.7,41154.2,104962,185.177,-8.3661,280.752,12105
65648.9,36049.9,126908,49857.7,33710.5,106548,66.5628,-21.6566,280.79,12106
59612.2,31762.9,135426,72249.8,47026.2,115630,193.991,-8.2602,280.882,12108
66950.8,37520.7,123540,56597.1,44096.5,102521,81.5906,5.6258,280.94,12110
55766.4,30363.2,130950,89621.8,63213.1,114295,158.647,15.7531,281.072,12111
70222.8,40180,124424,54328.4,40613.7,102974,98.4987,-30.3404,281.094,12112
81099.8,41895,132376,70296.7,47177.1,111175,178.815,-2.2239,281.193,12114
60602.5,33358.6,123880,48232.3,37023.8,99888.6,57.3161,12.4897,281.221,12116
57727.8,32170.6,123383,47138,33028.8,102604,55.8933,-15.7791,281.262,12117
71985.8,40172,125247,57658.5,44663.3,101649,143.716,-3.7065,281.271,12119
36957.8,21647,119560,38580.9,27841.9,100968,120.343,-1.95915,281.319,12121
59448.7,34649.3,122513,40592.1,28615.7,101497,53.8776,27.1194,281.382,12122
77597.3,39881,136578,80369.2,51213.7,116624,219.319,-27.2163,281.541,12126
50570.5,29693.5,117486,43725,32007,97497.2,94.0727,10.6331,281.583,12127
74943.7,40731,131897,70256.7,48995.9,111033,189.872,-11.9667,281.596,12128
32911.5,16033,132012,63052.5,36194.1,117393,233.584,-29.3873,281.605,12129
64075.7,32934,131068,78654,53620.1,114147,258.212,-8.41905,281.734,12131
65573.3,35710,128536,52667.6,38029.7,106429,89.0016,28.8076,281.753,12132
37806.4,20321.4,120447,39728,26298,106879,103.561,14.2339,281.765,12133
60583.1,30395,134218,63664.3,42499.4,111850,101.758,13.6713,281.773,12134
53523.7,31088.7,121775,43078.9,32735.3,98201.4,100.536,-23.6687,281.788,12135
24331.1,14233.5,114866,49865.6,34076.8,105129,137.593,-10.3782,281.798,12136
72663.4,39337,132235,66983,44710.8,107404,167.85,4.38809,281.824,12137
46157.6,28186.6,113412,30365.2,23198,93086.2,4.85916,32.9155,281.858,12138
75178.4,41679.5,128803,59622.3,43173.7,107037,130.133,7.08857,281.863,12139
52482.3,27744.2,126691,58136.9,40627.8,108699,137.593,-69.1527,281.906,12141
54963.2,30096.1,125594,53006.8,36491.7,104614,80.4226,9.90164,281.938,12142
63855.4,35563.6,124896,40279.7,29982.5,100042,133.026,14.459,281.955,12143
35485.6,21677.1,124692,53054.6,36282.2,111665,96.2862,-0.5295,282.045,12145
54770.5,28358.5,132833,74767.3,47339.3,115583,201.99,-15.9909,282.048,12146
61762.3,34657.2,124984,48866.7,38527.4,99976.1,137.709,-33.3055,282.051,12147
61269.5,33049.2,127281,55807.6,39468.8,109687,91.3338,-19.3797,282.102,12149
72212.6,39931.6,129135,55382.2,38145.1,105245,129.843,-41.7775,282.116,12150
62869.5,34499.6,127115,51931.5,36655.3,103794,168.827,-2.9652,282.186,12151
63467.6,31868.9,134457,70925.3,44391.3,117449,224.438,-55.4386,282.193,12152
32298.6,16320.2,123481,63242.1,44226.6,114253,228.587,2.19402,282.267,12153
58702.8,34868.9,128456,59194.2,43542.1,108061,136.495,10.5205,282.284,12155
35550.5,18010.9,129116,55635.3,37635.8,112320,174.512,3.93802,282.289,12156
63478,33259,129533,62060.6,43780.3,107272,144.409,84.3291,282.39,12157
25214.3,16757,135307,73598.5,42091.8,125698,120.111,31.5649,282.412,12158
70355.6,37578.1,128928,57199.8,39926.8,106409,175.717,-47.3373,282.498,12160
68489.2,38744.3,131149,82911.5,54764,111723,115.529,-7.7307,282.522,12161
64980.6,37388.3,127498,47010.9,35359.9,100863,110.129,0.675077,282.53,12162
82360.1,46185.8,130600,75359.7,59808.4,106497,187.525,-1.11195,282.545,12163
74980.9,39334.6,133871,76919.7,54452.8,112112,175.717,-1.64145,282.57,12164
65446.3,37309.3,122262,50368.4,37930.4,100965,99.5465,35.7855,282.616,12167
62505,32730.7,128172,65977.2,47787.6,107600,145.275,-18.7973,282.753,12168
59009.6,32663,124121,47517.3,35473,102312,127.18,-0.47655,282.81,12171
66566.7,38442.9,123808,44365.5,32520.4,100753,134.934,-21.3918,282.815,12173
76830.8,40688.6,133753,79075.9,49284.6,115934,235.059,-2.48865,282.88,12176
50280.3,28292,126797,60687.7,46316.2,104580,131.059,-2.59455,282.905,12179
51104.8,29084.9,123937,57802.6,40038.5,107223,181.739,-1.5885,282.932,12180
67308.1,38150,125441,45944.2,32305.4,100453,109.78,21.7737,282.993,12181
57260.8,35337.7,118280,38764.1,30402.4,96172.2,150.524,2.64408,283.027,12182
51635.4,30197.7,125245,71703.5,52588,107335,172.847,-3.0711,283.045,12183
62387.3,35691.5,124145,52292.5,40157.5,102787,142.504,11.7021,283.064,12184
31340.4,19945.2,107539,40294.8,32495,96359.3,120.517,-5.24205,283.07,12185
74297.7,37351.1,134923,73263.4,49448.4,114594,115.064,-2.4357,283.09,12186
70884.9,39737.3,131074,66617.8,50495,109319,128.744,-22.0801,283.096,12187
72311.1,40889.1,128149,58826.1,42662.2,104755,92.6743,-11.4372,283.13,12188
55325.4,30794.9,122074,50418.3,39300.6,103520,160.086,127.992,283.267,12190
64422,35183.2,126125,57261.7,41847.3,104195,122.72,3.82551,283.302,12192
55181.6,31289.1,127214,49733.5,35901.3,105669,129.033,3.37544,283.336,12193
35971.2,18303.4,128436,60741.5,40603.2,114199,160.546,-0.15885,283.432,12195
49214.8,28515.1,124876,58638,44461.3,104555,145.448,24.0808,283.572,12198
68064.9,34067.7,138410,86815.2,52392.1,120613,399.615,18.1163,283.573,12199
38449.1,21546.6,123975,55795.7,40611.4,107198,108.212,-24.6217,283.594,12200
60876.7,35056.7,121361,42961.6,33664,98325.9,98.2077,0.562564,283.679,12201
64770.5,35188.4,134129,71636.4,43345.1,156665,186.151,-49.8259,283.687,12202
78350.1,44167.7,131359,78526.3,53631.2,114150,257.082,-0.37065,283.693,12203
62047.4,37532.6,119818,55706.6,40726,104314,167.39,5.6258,283.698,12204
46085.4,23387.5,128904,76802.8,54823.6,113810,246.733,-11.1724,283.802,12206
58889.7,30492.8,129642,65374.3,47579.2,107848,67.3825,-7.88955,283.923,12207
70248.9,40446.1,127230,58889.4,42101.2,104806,121.908,13.615,283.946,12208
59627.9,33169.3,129913,68791.2,46087.1,112068,207.697,-10.8018,283.996,12209
30817.7,17579.5,123315,50658.5,33068.3,110607,139.847,-7.99545,284.004,12210
20438.5,15404.5,112597,39225.8,29435.8,101752,238.405,-10.8018,284.077,12211
51381.1,29270.1,122081,44769.4,34443.7,100396,77.5015,-0.2118,284.086,12212
61718.3,34081.2,125414,49688.8,36552.6,102482,131.811,36.3483,284.12,12213
74647.8,39185.6,132383,81279.3,54329.1,112631,149.025,5.96336,284.126,12214
42311.6,23407,127715,75873.2,51322.9,114642,246.337,-5.03025,284.134,12215
56721.3,31496.9,123526,49442.5,35632.9,104537,110.768,-2.6475,284.143,12216
71672.3,40903.2,124580,62854,45853.8,106481,120.575,-22.292,284.185,12217
55653.6,33155.2,121338,44391.8,33881.9,99569.7,116.921,9.33902,284.204,12218
58628.8,33477.6,121846,46425.3,33980.9,100351,153.118,-18.6913,284.274,12219
63391.3,34114.5,127543,55412.3,39308.5,107767,144.986,-2.80635,284.282,12222
40103.6,21836.5,121858,49545.7,33746.9,105195,55.7747,-18.4266,284.377,12224
56163,30414.4,126344,59938.5,47031.4,107333,81.941,4.05054,284.381,12225
55755.5,30378.9,126224,52254,34069.2,105537,95.8785,17.1598,284.386,12227
48342.4,26146.6,124714,48830.5,34949.1,105413,145.275,-7.8366,284.514,12228
70237.6,39688.1,126558,62203.5,47347.2,104814,114.252,1.35016,284.603,12229
69260,38363.2,125282,62982.1,44604,107358,166.183,58.4101,284.649,12230
77065.2,41343.1,130990,70843.8,48950.7,108269,157.15,-0.68835,284.688,12231
57809.3,30182.9,129300,63810.6,42721.3,109286,198.906,-28.0635,284.743,12232
57732.6,29604.2,128140,68372.8,47577.8,108327,120.343,-15.3026,284.748,12233
67163.5,38561.9,125522,77613,60693.5,105516,166.183,0,284.833,12234
69494.3,38708,126303,51752.7,37220.2,105018,92.3246,7.98874,285.038,12237
74104,39245.8,133093,74990.2,51473.2,115098,265.719,28.3011,285.04,12238
50995.9,27968.4,127831,69061.8,52069.9,110882,233.413,37.6427,285.079,12240
63781.9,36570.4,123836,46510.8,36070.7,99876.4,120.343,11.1394,285.087,12241
68512.9,38331.9,125445,51054.9,38276.6,102691,107.282,-11.1724,285.117,12243
55081.1,28423.4,131115,65807.2,44588.1,111077,139.385,-34.3645,285.243,12246
73479.7,38467.5,138381,75004.9,48044.1,115418,130.249,-5.7186,285.385,12249
54277.8,29707,123660,56127.7,42773.2,103599,137.825,-2.17095,285.39,12250
62298.1,34271.8,127368,57051.8,39840,108573,241.183,-32.9349,285.511,12253
70824.5,37867.3,127104,57598.9,41500.4,106536,252.843,-0.68835,285.515,12254
66894.4,40270.7,123657,49694,39590.8,100113,127.875,-1.64145,285.516,12255
79729.5,43782,130997,63923.5,43107.8,111941,177.897,-40.6126,285.543,12256
70354,37055.7,131772,61651.5,41909.9,110913,204.901,-12.2315,285.547,12257
63346.7,34071,128882,67242.3,46479.7,109537,123.879,-5.03025,285.547,12258
40672.4,21769.7,120075,48128.9,33907.9,103058,209.636,24.6435,285.635,12260
55059.5,29214.3,130731,53903.7,36037.7,107927,124.458,0.0562562,285.716,12261
57599.6,28410.9,136280,85181.9,55628.9,120527,185.521,-27.8517,285.721,12262
69750.2,37980.9,126849,60004.5,44526.9,104599,120.111,4.61313,285.88,12272
65420.9,35671.9,128047,52697.9,37848.3,104965,68.2606,-29.5991,285.909,12273
62367.1,35985.7,120831,48555.3,36992.3,100022,81.2987,-4.1301,285.946,12274
61747.6,33375,130403,63288.7,43618.9,109948,171.297,-4.81845,286.005,12278
53431.2,32220.5,117574,36850.9,28386.8,95623,142.966,2.02525,286.047,12279
48339.1,26338.7,122168,50714.6,36536,105407,101.118,-2.118,286.077,12281
62741.7,36945.9,119188,45320.6,36326,96160.4,70.5431,6.24466,286.102,12282
71103.1,37827.5,128818,59999.1,42966.3,106575,175.889,42.3137,286.15,12283
42799.1,22818.4,123139,53939,39836.7,104505,172.33,-51.1497,286.184,12284
50916.4,27472.4,124213,45309.6,31439.2,104750,124.11,19.8606,286.231,12285
57748.3,30537.4,135197,71168,48093.5,113556,155.48,-5.13615,286.235,12286
59404.8,32186.4,125453,45184.3,33415.4,103194,50.3799,-1.9062,286.235,12287
26327.5,13748.7,130938,40499.9,27905.3,112568,281.598,4.16306,286.337,12289
52448.4,29888.5,120791,52875.8,38458.2,103104,166.241,4.21932,286.352,12290
63448.3,38447.4,121454,49185,38731.2,97242.7,60.5767,-3.7065,286.383,12291
42385.2,23726.5,118388,44733.1,34121.2,103920,146.833,-16.997,286.409,12292
58260,34111.5,120367,45134.3,32960.6,101430,153.463,-5.34795,286.47,12294
53651,31457.9,120207,42401.3,32225.3,96920.4,69.9579,11.5333,286.624,12296
45217.9,23891.7,126217,69299.5,47615.3,110218,241.693,-18.4266,286.652,12298
78242.9,41955.9,129054,63597.9,44634.9,109265,166.758,-5.4009,286.681,12299
34916.6,21268.4,117208,45072.5,32899.3,103043,94.0727,-8.0484,286.685,12300
57764.2,32531.5,126854,68360.3,43829.4,111330,142.85,-7.67775,286.711,12301
36203.3,18451.5,128031,66980.6,46317,111041,184.604,7.87622,286.726,12302
42049.3,22823,151742,69315.9,35355.9,132424,279.855,7.25735,286.816,12305
75783.6,42244.8,131081,61971.8,42904.9,107981,126.312,-3.6006,286.959,12308
36459.1,19149.4,124071,55098.3,39699.9,107189,156.574,17.4974,287.059,12310
52512.6,31324,121739,36736.8,26908.5,100046,144.293,-14.4024,287.066,12311
39544.8,23383.6,128776,47883.7,34701,109553,96.2279,2.47531,287.106,12312
58977.9,28840.2,134618,79077.2,53185.4,117601,222.278,5.23198,287.152,12314
78020.6,39254,135005,66002.8,41974.2,112030,176.807,-20.9153,287.171,12315
60764.4,35340,121395,47322.4,35639.1,100021,60.9325,8.72014,287.316,12316
69481.9,36586.4,129322,52823.2,36989.8,103780,191.131,25.8252,287.323,12317
61035.2,33583.9,124374,54609.8,39651.2,104848,56.3082,-6.0363,287.331,12318
78004.5,40242.8,134492,68165.7,48159.5,111851,98.4987,-49.773,287.352,12319
78755.4,42221.8,135675,77774.7,55447.9,109786,97.1597,-29.3873,287.366,12320
77222,39721.5,134380,71115.4,45126,113629,177.84,-10.59,287.383,12321
58251.1,35669.5,122373,43599.3,32644.8,97717.2,75.4558,-28.6989,287.384,12322
71666.3,39828,130758,60469.2,41301.2,107675,152.023,12.8836,287.425,12324
54131.1,32528.9,120662,44977.2,33640.1,100473,166.7,23.4055,287.457,12325
63137.5,35977.6,124425,50393.5,38396.8,102149,105.945,-39.7125,287.469,12326
66666.3,34883,131214,65914.6,43704.8,111184,154.155,35.7293,287.485,12327
70285.7,38806.9,124403,48970.8,36775.6,101352,138.634,-5.6127,287.521,12328
69576,37521,129235,54226.8,37932.2,106780,131.232,19.4104,287.535,12329
57359.4,32755,121212,48440,35810.8,99986.2,102.456,-5.24205,287.541,12330
72869.2,38425.9,130244,61520.1,43064,108022,163.711,22.674,287.601,12331
77012.3,40773.4,133936,79201.3,55501.2,111081,126.312,-2.38275,287.613,12332
69712,38360.1,125153,49533.9,34901.2,103633,139.096,-8.94855,287.616,12333
61499.8,31216.4,135781,77092,51444.4,116978,262.277,-0.26475,287.635,12335
53863.1,26948.5,130311,76151.6,52832,114491,201.99,3.99428,287.679,12337
67676.3,37294.9,127928,65580.5,46980.7,107489,69.3727,-18.9561,287.705,12339
62366.8,32796.1,131161,86332.6,61052.6,111461,102.456,-4.60665,287.712,12340
72492.4,37947.2,130125,61194.5,43668,110891,75.1051,19.9731,287.731,12341
63168.5,35789.8,123875,54767.8,38741.3,105088,118.719,1.35016,287.736,12342
72439.9,39367.1,132062,72023.2,52200.4,111839,246.733,4.50061,287.755,12343
56296.2,30170.6,127396,66859.4,49272.4,107593,177.324,-0.2118,287.762,12344
67657.3,38669.2,125551,46066.5,34173.6,100230,125.617,-38.5476,287.872,12345
42052,23076.6,151341,91879.9,61275.9,124610,290.755,30.6646,287.981,12348
44066,24398.1,120885,47170.6,33424.9,103438,90.2844,-21.3388,288.038,12350
51091.9,25238.6,131619,79040.9,52454,113658,212.486,54.414,288.047,12351
65001.9,35437.5,136082,86886.5,58214.3,116723,106.759,-22.8744,288.196,12352
41696.5,20902.9,128336,79067.5,54982.8,115428,188.04,23.4055,288.212,12353
22927.7,11565.5,121481,60534,39835.6,111057,164.688,5.6258,288.228,12355
36764.2,20011.3,118552,47062.3,34742.9,101288,72.1226,-45.1663,288.247,12356
71837.6,35725.5,139168,65469.9,40940.1,118241,155.422,-2.5416,288.255,12357
63099.9,34585.4,124307,51147.9,37069.9,103000,92.1497,-2.38275,288.277,12358
31135.5,21386.3,133955,59037.3,41793.1,116941,115.297,-1.11195,288.301,12359
33185.9,17706.3,121909,53873.6,37022.5,107671,182.656,11.8708,288.308,12360
51158.5,26162.2,128617,64876.5,41600.5,111142,182.942,-19.6445,288.387,12361
79448.3,41428.1,131268,65532.2,47153.6,108113,79.6633,-4.07715,288.454,12363
67562.4,38806,124155,47309.3,36059.9,100947,189.414,30.6083,288.496,12365
43625.7,22845.9,123198,61086.1,46319.3,103387,97.4508,9.50781,288.507,12366
49106.8,24583.7,130993,86173.3,56497.2,120760,216.188,20.0857,288.547,12368
74799.6,38121.4,134914,76403.9,48607.3,114519,217.27,-1.00605,288.631,12371
63910.7,33756.6,132577,72111.1,49455.5,111534,170.148,-1.64145,288.634,12372
52510.9,27734,124319,50007.1,37216,100194,106.933,28.7513,288.641,12373
61796.8,37037.2,122429,41167.1,31197.1,97671,130.422,1.6877,288.652,12374
54173.6,28418.7,130910,69998.5,47382.8,111549,83.4589,-1.8003,288.89,12375
63141.2,36764.6,123725,44900.9,33490.4,101513,107.108,8.15753,288.999,12376
80488.2,43167.7,130210,71394.4,52745.3,107459,201.705,7.03231,289.008,12377
78424.2,42548,132221,62004.6,42612.3,111340,103.503,-6.93645,289.014,12378
74939.9,39133.7,131698,60638.9,42379.6,107776,88.1269,-9.26625,289.087,12379
44331.9,20410.3,146781,78909.4,46783.4,144254,113.439,-18.7443,289.096,12382
84419.2,44564.2,131111,69361.7,48935.6,108439,151.504,-11.4902,289.196,12384
44250.2,26686.8,117474,35016.3,27165.4,96962.2,113.497,10.1267,289.207,12385
52308.5,26852.6,129421,63022.6,43361.2,109830,121.097,-25.1512,289.245,12386
77486.7,41318.2,129161,61441.9,43961.6,107393,146.198,24.137,289.258,12387
65781.3,35776.8,127917,52432.2,38019.4,102795,80.189,3.93802,289.26,12388
71022.5,39163.6,124600,50791.3,38661.8,102929,191.874,35.1102,289.329,12389
65182,33178.4,135454,88983.1,57172,119073,231.029,-1.53555,289.332,12390
48205.3,23480.3,143986,100626,60384.2,126233,251.26,-12.708,289.36,12391
67494.5,37986.3,135775,78963.7,47983.5,117419,163.423,0.562564,289.457,12392
59959.2,33166.8,127571,69601.6,46977,111943,153.636,-0.90015,289.479,12393
41462.9,22988,121380,41105.6,31262.6,100662,200.334,4.33183,289.494,12395
54576.3,31441.9,124118,45301,33396.2,100681,151.792,17.4411,289.58,12398
78081.7,42606.8,129626,62686.5,44842.8,108202,87.5436,-29.5991,289.591,12399
64358,36562.2,121586,39656,29092.3,97649.5,77.5015,-77.2011,289.592,12400
68130.4,39880.2,127001,82236.8,56762.4,118148,251.203,4.50061,289.605,12401
48448.8,26361.5,121366,56631.4,44882.5,100527,178.987,20.0857,289.73,12402
37686.1,20204.4,121762,55438.8,38899.3,105043,244.129,-26.475,289.767,12403
66866.3,36580.1,127647,59085.9,40747.8,108170,170.378,-4.39485,289.789,12404
32035,16729.1,124983,63656.1,43719.2,110594,65.9718,53.2883,289.792,12405
72562.5,36973.6,132014,68811.1,44863.3,112205,154.328,24.5872,289.814,12406
61138.2,32301.8,130189,79180.6,52649.6,114041,117.791,7.87622,289.819,12407
79576.6,43535.4,131027,64748.9,42254.1,110931,134.472,0.506307,289.834,12408
57945.3,31251.9,126429,58933.7,40480.2,107766,127.412,-4.71255,289.961,12411
83813.3,45617.9,132487,71537.1,49273.9,111470,189.815,-9.9546,290.069,12412
63451.8,34393.1,127991,53933.5,38156,104571,123.531,-6.40695,290.115,12413
57967.4,34589.6,121340,42656.4,33538.1,97645.8,133.893,13.39,290.125,12414
84465.8,43538.4,134183,74533.2,50438.4,112303,209.066,11.5895,290.142,12415
51877.5,26742.5,127378,55907.7,36993.3,109238,151.734,-44.6898,290.194,12416
68578.2,37435.9,127314,49544.8,36023.3,102311,129.265,-24.1452,290.244,12417
57051.9,33680.4,121188,42267.3,32948.2,97751.6,138.518,-15.7261,290.299,12418
72338.1,40464,131145,58448.6,44510.3,106693,216.131,-45.2193,290.306,12419
70894.9,37728.3,128453,59343.4,42077.9,108102,119.009,-6.72465,290.313,12420
62115.4,37145.2,122448,46363.9,34263.3,100096,100.187,0,290.362,12422
61649.1,34375.8,124783,62756.7,42909.3,106841,129.901,-4.92435,290.386,12423
51762.4,27932.2,127633,57314.4,38442.9,107822,69.8409,-12.3903,290.397,12424
65369.5,36360.3,127028,65323.5,48192.4,105598,125.79,-19.5385,290.397,12425
37516.9,19471.7,124839,71268.5,48106,116833,278.168,-69.6292,290.401,12426
60890.6,34575.4,122390,54891.7,41607.7,102485,120.227,-12.6551,290.454,12429
53568.4,29346.2,125312,49032.2,37077.2,101469,101.874,4.27558,290.466,12430
74531.3,39569.2,130389,72238.4,50666.8,111559,85.0931,-45.1663,290.519,12432
51495.7,27884.3,128210,66243.7,44750.1,111633,116.051,-14.5083,290.577,12433
51233,25987.9,130507,80292.3,53198.8,112033,122.43,-4.4478,290.668,12434
44990.4,24645.3,123993,57959,41253.4,104695,168.769,-12.6021,290.713,12435
65145.4,35368.9,127366,51499.9,35238.5,104600,126.08,6.80726,290.73,12436
56301.9,29685.2,127676,78429.1,60588,108595,181.452,-2.118,290.745,12437
54348.4,29109.1,130665,66404.7,45476.3,111083,140.309,6.86352,290.758,12438
65906.1,34367.6,133972,77653.3,52276,113676,339.623,-37.2239,290.772,12441
80364.4,44200.4,131280,69454.9,48914.5,110853,140.078,-1.74735,291.111,12442
67179.6,36086.1,127357,56364,41721.4,103956,78.0859,-5.98335,291.125,12443
39449,22374.1,121009,51748.9,36078.4,104481,195.592,0.506307,291.128,12444
47443.5,26206.2,120642,61160.2,45111.6,104674,148.506,-3.86535,291.14,12445
60018.4,31879.5,129140,62839.1,45667,107951,130.712,14.2902,291.19,12446
64869,37426.4,127096,51103.7,37401,103277,113.904,44.2272,291.237,12447
75602.4,41548.9,129022,61550.6,46464,104140,155.48,1.6877,291.27,12448
58461.7,32623.6,124875,46755.8,35608.8,100606,86.3768,-45.0075,291.36,12451
76523.8,39720.2,130335,81581.3,57608,111569,150.581,13.3337,291.38,12452
61474.3,35523.2,122441,46849.5,34909.9,99609.1,91.2755,-9.05445,291.51,12455
65608.6,37610.9,127566,53593.7,38476.2,104369,160.604,20.1982,291.579,12457
64565.2,37559.4,121257,47678.7,36264.3,100973,97.1014,96.7711,291.707,12458
39985.2,21310.2,126970,54004,37103.6,108015,168.654,-1.53555,291.769,12459
59963.7,33877.1,123826,43869.1,34199.6,98130,81.5906,21.9425,291.775,12461
69827.6,37933.9,128799,50787.3,34843.5,106921,100.361,34.3224,291.81,12462
68572.5,38900.1,125038,46404.7,32087.2,105704,115.877,43.2141,291.823,12463
71160.1,38295.6,129092,57534,38884.7,107936,151.562,-16.2027,291.857,12465
59710.7,31513.8,126967,51220.9,36277.9,104481,108.793,-42.6777,291.884,12466
64182.8,38065,122488,46975.6,32868.3,104241,84.9181,-19.9092,291.95,12467
72152.8,36474,134080,90231.3,61610.8,114982,257.252,38.4868,292.086,12468
69996.4,38422.3,125058,61173.9,46478.2,105127,182.14,-21.8154,292.228,12470
63965.5,35307.2,124992,50462.1,37076.2,103305,123.299,-1.64145,292.314,12472
56370.9,31724.5,122867,46046.9,31746.7,103434,190.043,11.1394,292.325,12473
72716,39405.8,128149,61725.7,44894.3,106770,127.644,7.81996,292.355,12474
66900.5,36035,127412,61551.4,41748,111791,110.245,37.4738,292.374,12475
72890.4,39226.5,128534,58366.7,39485.2,108398,175.201,32.803,292.448,12476
62337.5,33711.3,127885,52574.4,37833.9,106508,121.561,-9.58395,292.511,12477
27414.3,14695.3,130780,54685,33099.9,128039,133.546,5.40076,292.563,12478
72575.3,36429.4,136466,75918.3,51128.9,112422,157.553,7.14483,292.564,12479
54765.1,30415,128968,53279.3,35013.2,108514,74.4035,31.0022,292.622,12481
57126.8,32460.6,121892,45403.3,36529.6,97754.4,89.0016,1.57519,292.627,12482
70108.4,35625.1,132295,66904.6,44630.7,111797,163.193,23.293,292.659,12483
52807.4,26489.4,132318,72931,43644.4,115451,137.767,-0.79425,292.694,12484
50911.7,28607.8,120038,40360.1,30214.9,100299,86.3185,-10.8018,292.858,12489
46024.6,24702.1,122200,53784.6,39575,105235,89.3515,-16.2556,292.948,12490
41180.6,17971.1,161599,57495.7,36452.8,130323,320.133,-13.1846,292.95,12491
62387.4,31798.5,132226,63116.8,42961.1,110120,202.105,-3.44175,293.065,12492
52228.5,28005.5,124733,57539.9,40630.7,109653,234.321,14.0651,293.117,12493
71104.3,38276.4,128452,64414.5,44267.7,109388,140.54,-10.2723,293.231,12494
63854,35009.8,126204,52202.8,36848.8,105082,60.0432,32.9718,293.285,12495
64948.1,33139,134968,81253.1,56453,114599,142.619,-7.7307,293.318,12496
54284.8,29734.8,124400,44120.4,32172.2,100935,140.309,-22.8744,293.348,12497
35074.5,19787.3,120951,63268.7,45574.1,108094,151.158,31.6775,293.35,12498
57267.6,34769.8,122201,46009.5,34669.9,97466.4,91.8583,-10.537,293.364,12499
70735.9,39588.2,126192,52187.8,39177.8,103976,84.6846,0.956361,293.403,12500
69532.5,35866.3,133854,74931.8,48463.6,114253,168.942,-0.90015,293.413,12501
34593.5,18075.3,124346,67595,46760.1,111666,195.534,-40.1891,293.417,12502
52012.9,30530.5,119548,38887.9,28888,97967.2,142.504,47.7165,293.43,12503
64120.4,34330.1,127232,50235.3,37340.3,103520,141.176,-6.40695,293.441,12504
68001.9,37680.9,125464,51599.7,38530.8,101232,135.628,0.450051,293.45,12505
47803.6,25704.7,124625,49087,37323.7,102964,94.8883,-6.51285,293.452,12506
65516.4,37905.9,127744,57084,42046.9,105253,112.975,-0.15885,293.472,12507
49171.1,26830.5,127017,59555.4,42783.7,104860,144.755,56.3839,293.5,12508
62312.8,35957.2,122857,51200,37565.4,102176,133.026,31.4524,293.504,12509
73652.1,41436.7,126754,56921.5,41500.6,102753,151.216,-27.9046,293.559,12510
48539.7,27421.7,125286,72656.4,52365.5,108454,151.965,-5.34795,293.587,12512
60160.6,35122.3,122013,44060,32254.5,101244,155.941,-1.2708,293.643,12514
70324.8,36211,133559,87273,63323.2,112692,195.249,1.23765,293.647,12515
28596.7,15362.1,128726,60526.8,35231.2,124447,262.221,4.27558,293.695,12516
51756.4,28368.1,121465,46203.7,32413.1,100720,157.208,-1.2708,293.714,12518
65635.6,36781.1,124258,56156.2,40186.1,103877,134.992,30.8334,293.726,12519
71270.5,40482.7,126873,61273.4,45442.3,104294,146.198,-6.0363,293.738,12520
70837.8,35736.7,135586,67707.1,42499.3,110786,117.733,13.1649,293.796,12522
35373.2,19106,126824,78618.4,55868.1,114721,178.356,1.51893,293.802,12523
70182.7,37882.3,131031,83460.7,53683.4,115132,173.594,21.4924,293.818,12524
31963.6,17123.8,126791,43219.6,29646.5,107116,173.938,-19.2208,293.859,12525
61899.2,34662.7,132456,66640.5,48998.4,110311,155.249,37.5301,293.862,12526
43670.8,22835.4,124373,59994.5,40127.5,109258,192.332,43.5518,293.866,12527
65934.4,38806.1,121518,60710.9,44137.1,104912,162.675,48.223,293.942,12528
72714.6,37550.7,131322,63460.3,42395.3,112740,193.819,-33.3585,294.021,12530
71279.6,36750.9,131830,60179,36852.7,111695,139.731,27.4008,294.053,12531
72988,37669.7,133629,76817,55567.8,109558,172.043,-6.93645,294.074,12532
71623.6,35856.3,133745,78696.4,51347.4,116675,227.792,-32.829,294.084,12533
52456.9,28488.3,124174,45109.7,33076.4,101128,133.373,20.7609,294.097,12535
68120.5,37713.1,126726,49212.9,34656.5,104227,63.1853,-10.2193,294.113,12536
28806.5,15894.5,120066,40948.2,30541.2,100973,143.601,15.9782,294.397,12541
43615.1,24307.8,124242,50004.2,34204.8,107457,205.872,1.6877,294.407,12542
49240.2,29029.7,121625,72197.8,53395.3,107523,141.522,-11.649,294.414,12544
57859,32839.7,124127,50328.7,38450.5,101016,95.2378,-1.95915,294.438,12545
71719.2,38150.2,128717,68223.8,44679.5,111621,175.947,-12.4962,294.451,12547
71713.7,43135.4,127473,58309.2,47370.1,101514,86.0268,-100.817,294.498,12548
66366.1,35930,125457,46435,32799.4,104115,146.66,-38.7594,294.514,12549
52709,29096.1,121375,52601.2,37878.9,104115,83.9259,42.2011,294.527,12550
77651.1,39660.4,134158,74500.1,48015.6,115225,310.918,-17.2617,294.584,12551
73199.4,40146.5,127558,69749,53021.4,108442,198.506,1.12513,294.648,12552
64934.8,36051.9,127603,52472.2,40592.1,102956,60.5175,-3.86535,294.772,12553
52823.3,31941.2,119281,41311.3,32347.5,97437.8,46.7045,-14.1906,294.847,12555
72260.8,41577.2,126980,60244.5,45984.3,103250,147.525,19.0166,295.002,12558
66135.6,33991.7,132223,61462,42265.7,110547,184.719,1.51893,295.016,12560
63942.2,36909,127822,59155.9,43502.6,108355,136.611,22.4489,295.027,12561
49734.8,27269.7,123704,48559.7,35645,103494,52.1584,-2.4357,295.111,12562
51134.1,26022.9,127953,52074.8,38100.5,107739,194.048,-23.4569,295.117,12563
72969.3,38383.1,130884,76041.9,55432.6,111031,183.745,-37.8063,295.192,12564
60114.3,33794,124441,46282.6,34466.8,101135,117.269,42.5951,295.289,12565
57287.9,33573.8,121079,41395.8,31237.8,97558.7,94.7718,-14.826,295.34,12566
74632.8,38758.6,131842,76507.1,57180.3,109908,209.807,13.39,295.376,12568
53068.9,29431.5,124296,69854.5,49042,107463,124.4,-58.6157,295.379,12569
74926.5,40033.9,130606,57444.9,40781.1,106985,95.529,-22.8744,295.41,12570
60888.8,32107.4,127890,64004.4,42894.5,111322,188.326,-7.25415,295.412,12571
69057.3,37225.5,128350,48844.2,34651.9,107619,99.7211,-10.0075,295.485,12573
61010.2,34212.4,126615,56011.5,36899.9,107812,76.2158,13.9526,295.514,12574
55251.8,31921.9,121850,43564,31004.3,103162,59.1539,-24.0393,295.586,12576
44346,24466.3,120727,47945.6,35604.7,103145,119.415,-16.8911,295.593,12577
65008.3,31967.3,135582,97869.2,69988.9,120893,292.887,-7.14825,295.634,12578
71142.3,40142.9,124571,52720.4,40054.4,102346,170.435,18.1163,295.771,12581
46281.5,24862.8,124682,56339,42345.8,108209,157.553,1.18139,295.967,12584
31399.6,18026.3,115484,57352.8,41240.7,106601,134.125,81.7264,296.059,12586
60479.5,35140.7,120850,41680.4,31261.8,99949.5,65.0232,-29.9167,296.16,12587
59685.3,34246.5,121187,45760.1,32803.5,103334,115.297,27.9635,296.169,12588
77399.8,39378.2,134838,83805.1,55440.1,115054,182.369,57.003,296.342,12590
30230.7,16615.7,118736,47489.9,34170.6,103913,154.904,-35.9531,296.348,12592
65928,36590.3,127680,59201.1,46720.3,104412,120.285,1.23765,296.409,12593
64259.9,36112.9,123859,54675.4,39702.1,103559,172.905,7.03231,296.438,12595
58375.4,29875.5,130573,60487.9,38598.8,111189,120.517,-16.944,296.546,12597
41474.5,23290.5,124352,44094,29481.3,105463,66.3872,-9.05445,296.559,12598
58542.9,31056.2,129056,65480.9,47062.6,110679,149.428,-3.12405,296.575,12599
74680.1,39365.2,131906,61601.6,41000.2,110075,165.608,-4.18305,296.646,12600
82802.5,43574,131248,74321.6,51956.1,111750,177.955,-6.2481,296.672,12601
60298.9,34890.5,124500,54231.7,39054.7,104681,137.189,-0.58245,296.787,12602
53812.6,27488.5,135704,84760.8,57763.8,117404,282.498,-6.61875,296.787,12603
73289.4,40261.4,134133,79729.8,54624.4,112312,134.819,-8.73675,296.833,12604
63251.3,37324,122954,44482.5,35631.6,97116.7,118.139,15.2467,296.868,12605
59811.3,35620.2,123743,48902,36967.6,101481,93.6066,-7.5189,296.998,12606
50221.6,26715.3,139159,72616,41846.1,120591,187.181,33.422,297.003,12607
61162.6,34278.3,124752,48260.8,35263,100651,141.176,-28.8577,297.033,12608
67679.4,38176.8,124462,53349,40701.2,103272,80.7731,-24.0922,297.114,12611
55674.8,29553.2,130623,60290.3,41843.2,107301,96.4609,19.2416,297.119,12612
45313.5,26855.7,117998,36588.6,28713.3,95625.8,15.4079,2.19402,297.133,12614
58937.4,32412.7,126883,59164.3,42430.1,105277,133.431,17.4411,297.244,12616
70714.2,37799.4,128040,49428.2,35234,104286,113.613,-28.4871,297.302,12618
63805.8,33042.1,132119,70341.7,46482.5,111098,176.635,-2.4357,297.303,12619
74529.9,39841.8,131142,61636.2,41659.5,107319,229.723,-0.68835,297.305,12620
72841.8,38206.4,131568,68438.2,44718.2,111972,225.689,-3.86535,297.337,12622
59449.7,34790.4,120896,45083.4,33990.6,98369.3,93.7231,0.112512,297.34,12623
68803.9,37202.3,129068,57428.8,41404.7,106815,135.455,78.4572,297.363,12624
62132,35537,121465,47575.4,35526,99271.7,139.674,3.82551,297.369,12625
67171.4,41112.1,120207,52403.4,44182.7,97007.3,94.2475,20.9297,297.395,12626
58296.4,31731.2,129116,66073.1,46032.5,111067,148.794,-18.056,297.415,12627
31881.9,18963.8,114504,72398.9,47595.6,113485,138.403,40.1188,297.438,12628
56026,30852.2,124218,51637.5,37876.2,103250,182.484,-11.0136,297.567,12630
70119.3,35774.4,136266,88337,55290.5,118715,185.635,6.4697,297.641,12632
67225.6,35391,130213,62840.7,41589.8,110236,69.1971,25.6563,297.685,12633
45343.1,33790.5,110545,59033.9,36665.3,116745,111.988,-6.83055,297.716,12634
56038,30824.6,122348,47071.7,33552.7,102920,84.743,27.7384,297.802,12635
47842.7,28345.8,132199,77296.3,50895.6,118174,184.661,2.81286,297.842,12636
53999.5,30882.6,123944,46755.9,33035.3,102946,82.5832,-19.2208,297.891,12637
76075.6,41531.3,131816,77656.1,49942.2,114095,228.36,-5.66565,297.993,12639
31960.5,15187.6,132877,68446.3,44846.2,115813,192.847,-15.3555,298.07,12640
61218.8,35253.1,124798,54462.8,40574.7,103509,150.466,37.0236,298.12,12641
69897.8,39741.8,127066,62216.6,46375.5,105494,119.763,-5.87745,298.323,12643
66566.4,36639,128979,70393.4,46276.8,111435,61.1103,-4.07715,298.352,12645
67485.8,35602.4,134196,77903.8,52892,115122,242.316,18.904,298.415,12646
71971.5,38394.8,134028,66165.6,44828.7,110847,127.817,-49.4024,298.49,12648
39336.6,18958.8,141095,52658,30787.8,128941,243.279,-32.829,298.564,12651
72715.3,39502,131052,53510.2,36915.1,108696,152.426,6.4697,298.643,12652
72320.5,36689.3,133993,75876.7,51568.4,113428,272.313,2.30654,298.654,12653
65268.3,34462.1,128843,54554,37973.4,107201,163.941,14.5715,298.718,12654
61882.1,34196.7,124203,52798.2,38899.3,103621,125.906,83.6647,298.747,12656
63894.7,34959.6,127684,51254.1,35466.6,107409,141.58,-5.7186,298.755,12657
61255.3,32442.6,127960,55825.9,39931.1,104971,138.229,55.7648,298.761,12658
58444.5,33080.8,124683,46694.4,34009.5,100478,61.051,-10.9077,298.803,12659
64480.8,35871.3,124905,53337.6,38576.8,104764,153.867,-10.9077,298.815,12660
57232.7,30767.4,124305,55666.2,39757.3,105088,71.7132,19.9731,298.843,12661
61125.6,33653.6,124743,52905.8,38583,103871,94.9465,-29.4931,298.865,12662
64339.7,35623.9,124680,50092.6,38253.7,100946,122.488,-1.00605,298.976,12664
69077.7,36252.3,132654,75739.7,53037.7,111731,154.097,28.8076,299.003,12666
36561.6,18639.4,130541,60701.5,39132.9,121071,212.315,-24.3041,299.032,12667
67492.7,37941.7,128383,62020.1,44776.4,114345,199.763,19.1291,299.051,12668
74570,38491.9,132028,66063,45869.5,109837,177.324,-15.0907,299.088,12669
74552.5,40616.4,127721,58275.5,42535.6,105282,94.0727,-10.4841,299.143,12670
65090.1,37001.2,122060,44216,32350.5,100092,103.91,-27.2693,299.148,12671
75569.5,43779.1,128515,63226.9,44130.5,107104,176.75,-1.3767,299.155,12672
65898.7,37174.9,123848,80694.5,61915.5,107379,254.313,17.5536,299.229,12675
78872.1,42150.4,133288,68479.5,44355.6,113920,234.208,5.23198,299.231,12676
51609,32068.5,118156,37897.9,30856.8,94086.8,109.141,-23.0332,299.233,12677
40170.8,22837.7,116465,38661.8,30896,96182.4,63.4817,-5.4009,299.233,12678
32472.5,21442.7,121312,36836.8,25422.4,100703,105.48,-21.6036,299.257,12680
47797.2,25795.2,124131,44175.4,31592,102751,88.885,0.78759,299.258,12681
55685,28136.3,131249,69033.2,49218.2,109456,153.982,-2.118,299.26,12682
38849.8,19268.7,128587,69661.8,46377.8,113327,245.035,18.3976,299.279,12683
81158.9,42564.5,134560,68572.8,45797.4,111191,178.471,5.79458,299.282,12684
59578.9,31735.5,127050,50751.4,35352.7,104073,101.874,16.2032,299.354,12687
65481.4,34427.6,130386,68130.5,49124.3,107279,140.425,-21.4447,299.369,12689
49508.2,25446.5,127951,66466.3,44055.1,110731,123.299,23.9682,299.427,12690
59180.4,33934.1,129571,63569,46706.3,107412,103.735,-8.6838,299.44,12691
64815.9,35037.2,132305,67400.9,46836.6,110846,95.4708,-0.68835,299.465,12692
57329.1,33658.9,120881,44453.4,32338.1,99778,129.901,-11.8078,299.502,12693
79563.7,42652.5,129215,65460.9,49998.5,104129,93.4901,-8.1543,299.533,12694
62142.6,33488.4,125029,58521.8,42017.3,105627,118.951,9.28276,299.565,12695
80255,42392.4,130978,64764.5,45171.7,108411,129.265,2.58782,299.613,12696
52711,28426.4,135511,83086.1,44711.9,159998,242.826,4.27558,299.633,12697
69231.3,39635.9,125014,57470.3,40530.8,105402,79.488,-9.4251,299.752,12700
35933.7,19411.4,119412,49604.3,35049.3,103421,102.689,72.9671,299.765,12701
68554.5,36057.1,135952,85609.4,59155,117893,221.254,0.506307,299.773,12702
67169.8,36231,127752,56058.9,39474.5,107635,112.452,-18.5854,299.824,12703
49932.9,26843.2,123737,58646.5,42026.3,107186,67.324,-9.26625,299.892,12705
73970.2,38600.4,131821,72635.9,50662.2,110158,125.79,25.6001,299.903,12706
68225.8,37150.6,127596,58350.9,42363.2,104701,78.6117,-18.6384,299.935,12707
68357.9,35953.2,135256,68885.1,44403.3,115505,187.811,-19.3268,299.957,12708
71712.8,36914.9,131283,62581.8,43793.5,110295,204.959,27.457,299.961,12709
60892.3,31339.4,134477,68311.3,45296.5,112216,192.16,-0.2118,299.965,12710
59589.8,32909.7,123708,40843.4,30211.8,97958.2,75.4558,5.00695,299.965,12711
57551,32833.1,120897,38707.1,28435.3,98645.8,83.5173,-8.31315,299.965,12712
57061.3,31123.7,124143,60609.7,44063.9,103796,131.695,1.96899,299.966,12713
64472.9,36534.9,122017,41204.1,30916.2,97572.6,83.1087,-43.7367,299.968,12714
62004.4,35251.5,128238,61460,40528,108223,96.2279,-34.0998,300.068,12715
62190,31826.5,134377,58131.7,37893.3,114162,98.557,-1.5885,300.083,12716
48646,26319.9,127655,59053.6,40760.3,109896,168.999,-2.9652,300.11,12717
67205.1,36655.2,136646,76382.9,49659.7,116361,222.619,10.8018,300.167,12718
54556.4,29331.6,127962,65758.9,46956.7,108275,81.0067,5.56954,300.18,12719
51810.7,26968.8,126370,68124.3,48306,110494,103.852,-10.4841,300.183,12720
73389.1,39155.6,128752,57913.6,40421.5,106478,106.119,-11.8078,300.234,12721
68534.5,38118.1,125243,51174.3,36294,104382,123.647,-15.5143,300.256,12722
63551.1,35387.3,125334,50743.6,36782,102362,162.1,44.7899,300.401,12724
78306.3,39794.5,136595,76021.3,48862.5,115122,129.149,-32.882,300.457,12725
76182.7,39585,139369,85553.6,58804.7,117594,194.562,-1.3767,300.461,12726
81966.1,41898.7,134801,74069.1,52694.3,112191,211.118,6.41344,300.495,12727
42629.1,23984.4,123789,57136.2,35780.1,113685,171.125,78.2909,300.605,12728
50971.1,28427.3,120974,38318.9,27814.4,100310,148.102,19.4667,300.758,12729
50646.1,27914.4,122213,41554.6,30923.1,100698,138.807,6.91979,300.758,12730
74969.9,45017.3,128298,55063.8,45250.3,99238.9,66.2089,-29.8109,300.788,12731
75849.2,38168.2,138810,81160.3,53302.8,117622,173.651,6.63848,300.817,12732
